Model,Treatment,Treatment target,Treatment type,BestResponse,Day_BestResponse,BestAvgResponse,Day_BestAvgResponse,TimeToDouble,Day_Last,ResponseCategory
X-007,BGJ398,FGFR,single,396.5,11,220.475,11,4.0,11,PD
X-007,BKM120,"PIK3CA,PIK3CB,PIK3CG,PIK3CD,panPI3K",single,189.1,14,77.05000000000001,11,6.2075471698113205,14,PD
X-007,BYL719,PIK3CA,single,303.7,11,196.175,11,4.0,11,PD
X-007,BYL719 + HSP990,"PIK3CA,HSP90",combo,-12.700000000000005,9,8.716666666666654,16,27.993606138107417,30,SD-->PD
X-007,BYL719 + LJM716,"PIK3CA,ERBB3,ERBB3,PIK3CA",combo,47.900000000000006,20,40.625,13,22.831521739130434,30,PD
X-007,CLR457,"PIK3CA,PIK3CB,PIK3CG,PIK3CD,panPI3K",single,25.0,16,26.533333333333346,16,36.835,37,SD
X-007,HDM201,MDM2,single,330.8,11,182.75,11,4.0,11,PD
X-007,"figitumumab""",IGF1R,single,428.7000000000001,10,153.55,10,4.855973813420622,10,PD
X-007,HSP990,HSP90,single,-29.90000000000001,15,-21.840000000000003,15,28.144251626898047,29,SD-->PD
X-007,INC280,MET,single,474.6,13,202.0,13,3.0,13,PD
X-007,INC280 + trastuzumab,"ERBB2,MET",combo,176.0,20,142.36,13,3.0,30,PD
X-007,LEE011,"CDK4,CDK6,CDK4/6",single,405.2,11,230.525,11,4.0,11,PD
X-007,LEE011 + everolimus,"CDK4,CDK6,MTOR,CDK4/6",combo,-1.0999999999999943,13,32.22,13,13.0,13,PD
X-007,LJM716,ERBB3,single,727.4,13,284.64,13,3.0,13,PD
X-007,LJM716 + trastuzumab,"ERBB3,ERBB2",combo,545.6,13,265.46000000000004,13,3.0,13,PD
X-007,LLM871,FGFR2/4,single,458.0,11,213.25,11,4.0,11,PD
X-007,binimetinib,"MAP2K1,MAP2K2,MAPK",single,55.900000000000006,27,51.66,13,30.0,30,PD
X-007,everolimus,MTOR,single,193.1,26,68.125,12,7.405172413793103,33,PD
X-007,trastuzumab,ERBB2,single,233.6,20,51.16,13,8.122448979591837,31,PD
X-010,BGJ398,FGFR,single,-65.1,60,-5.311111111111117,112,138.29494382022472,157,SD-->-->PD
X-010,BKM120,"PIK3CA,PIK3CB,PIK3CG,PIK3CD,panPI3K",single,49.099999999999994,21,18.799999999999997,11,38.701149425287355,77,PD
X-010,BYL719,PIK3CA,single,98.5,21,12.674999999999995,11,21.6,38,PD
X-010,BYL719 + HSP990,"PIK3CA,HSP90",combo,-10.700000000000005,10,-0.0799999999999983,14,75.05246422893482,91,SD-->PD
X-010,BYL719 + LJM716,"PIK3CA,ERBB3,ERBB3,PIK3CA",combo,342.8,21,132.82000000000002,14,5.686971235194585,21,PD
X-010,CLR457,"PIK3CA,PIK3CB,PIK3CG,PIK3CD,panPI3K",single,24.0,16,28.96666666666667,16,30.0,30,SD
X-010,HDM201,MDM2,single,105.0,20,21.47999999999999,14,18.543689320388353,42,PD
X-010,"figitumumab""",IGF1R,single,114.9,20,16.28,14,16.209150326797385,34,PD
X-010,HSP990,HSP90,single,382.6,14,147.1,14,7.027777777777778,14,PD
X-010,INC280,MET,single,307.9,21,62.06,14,11.508615188257815,21,PD
X-010,INC280 + trastuzumab,"ERBB2,MET",combo,213.7,23,10.900000000000006,11,19.66568914956012,31,PD
X-010,LEE011,"CDK4,CDK6,CDK4/6",single,-15.5,88,4.099999999999994,14,111.0,111,SD-->PD
X-010,LEE011 + everolimus,"CDK4,CDK6,MTOR,CDK4/6",combo,-45.9,26,-26.84999999999999,66,118.0,118,SD
X-010,LJM716,ERBB3,single,308.8,21,132.32000000000002,14,4.63258785942492,21,PD
X-010,LJM716 + trastuzumab,"ERBB3,ERBB2",combo,185.2,26,53.139999999999986,14,12.88219178082192,48,PD
X-010,LLM871,FGFR2/4,single,-100.0,30,-50.08235294117647,66,144.031884057971,155,CR-->-->PD
X-010,binimetinib,"MAP2K1,MAP2K2,MAPK",single,63.80000000000001,34,62.12,14,6.625418060200667,58,PD
X-010,everolimus,MTOR,single,140.0,21,33.33333333333334,11,16.497737556561084,38,PD
X-010,trastuzumab,ERBB2,single,155.2,21,21.02500000000001,11,14.465217391304348,46,PD
X-010,untreated,"UNKNOWN,Untreated",single,244.3,24,19.28,12,16.90222222222222,33,PD
X-011,BGJ398,FGFR,single,182.9,20,36.34,13,14.528481012658228,24,PD
X-011,BKM120,"PIK3CA,PIK3CB,PIK3CG,PIK3CD,panPI3K",single,145.8,21,28.69999999999999,12,17.728571428571428,60,PD
X-011,BYL719,PIK3CA,single,152.0,21,40.25,12,11.631016042780749,60,PD
X-011,BYL719 + HSP990,"PIK3CA,HSP90",combo,37.19999999999999,20,10.549999999999995,15,29.46419098143236,69,PD
X-011,BYL719 + LJM716,"PIK3CA,ERBB3,ERBB3,PIK3CA",combo,19.0,25,7.025000000000006,11,25.0,25,SD
X-011,CLR457,"PIK3CA,PIK3CB,PIK3CG,PIK3CD,panPI3K",single,-23.0,13,-9.899999999999991,20,30.0,30,SD
X-011,HDM201,MDM2,single,116.9,22,40.775000000000006,12,18.62948207171315,26,PD
X-011,"figitumumab""",IGF1R,single,133.8,22,19.325000000000003,12,18.68032786885246,26,PD
X-011,HSP990,HSP90,single,369.4,20,86.14000000000001,13,8.333333333333332,24,PD
X-011,INC280,MET,single,114.7,20,34.224999999999994,13,18.681614349775785,30,PD
X-011,INC280 + trastuzumab,"ERBB2,MET",combo,38.80000000000001,20,34.474999999999994,13,28.71639344262295,30,PD
X-011,LEE011,"CDK4,CDK6,CDK4/6",single,79.4,20,24.78,13,21.46880570409982,24,PD
X-011,LEE011 + everolimus,"CDK4,CDK6,MTOR,CDK4/6",combo,122.7,23,33.900000000000006,13,17.86037735849057,42,PD
X-011,LJM716,ERBB3,single,155.8,20,36.67500000000001,13,15.798507462686564,30,PD
X-011,LJM716 + trastuzumab,"ERBB3,ERBB2",combo,150.7,23,28.77500000000001,13,15.621900826446282,30,PD
X-011,LLM871,FGFR2/4,single,400.4,20,101.28,13,6.611197511664074,24,PD
X-011,binimetinib,"MAP2K1,MAP2K2,MAPK",single,78.80000000000001,34,14.150000000000006,13,27.89189189189189,68,PD
X-011,everolimus,MTOR,single,63.0,25,20.25,11,29.0,29,PD
X-011,trastuzumab,ERBB2,single,395.1,20,85.16,13,7.5346687211094,24,PD
X-015,BGJ398,FGFR,single,290.3,21,31.36666666666667,11,11.116326530612245,48,PD
X-015,BKM120,"PIK3CA,PIK3CB,PIK3CG,PIK3CD,panPI3K",single,110.2,21,11.933333333333335,11,15.91346153846154,52,PD
X-015,BYL719,PIK3CA,single,16.299999999999997,12,7.375,12,44.299401197604794,67,SD-->PD
X-015,BYL719 + HSP990,"PIK3CA,HSP90",combo,72.1,25,31.44999999999999,14,26.4234693877551,61,PD
X-015,BYL719 + LJM716,"PIK3CA,ERBB3,ERBB3,PIK3CA",combo,-100.0,136,-50.845454545454544,136,136.0,136,CR
X-015,CLR457,"PIK3CA,PIK3CB,PIK3CG,PIK3CD,panPI3K",single,74.0,21,11.0,14,24.163017031630172,41,PD
X-015,HDM201,MDM2,single,250.9,12,121.6,12,5.530054644808743,12,PD
X-015,"figitumumab""",IGF1R,single,-22.59999999999999,12,-22.72499999999999,12,38.44198895027624,75,SD-->PD
X-015,HSP990,HSP90,single,124.9,20,39.06,14,18.23404255319149,63,PD
X-015,INC280,MET,single,317.4,23,97.75,11,6.130489335006274,31,PD
X-015,INC280 + trastuzumab,"ERBB2,MET",combo,388.8,23,71.80000000000001,11,8.876221498371336,31,PD
X-015,LEE011,"CDK4,CDK6,CDK4/6",single,101.5,20,39.72,14,19.73684210526316,63,PD
X-015,LEE011 + everolimus,"CDK4,CDK6,MTOR,CDK4/6",combo,13.700000000000005,16,24.159999999999997,16,30.0,30,SD-->PD
X-015,LJM716,ERBB3,single,217.2,23,34.31999999999999,14,15.904761904761903,27,PD
X-015,LJM716 + trastuzumab,"ERBB3,ERBB2",combo,108.9,23,2.0,11,17.488372093023255,27,PD
X-015,LLM871,FGFR2/4,single,155.0,20,50.80000000000001,14,11.603644646924828,42,PD
X-015,binimetinib,"MAP2K1,MAP2K2,MAPK",single,-82.7,30,-55.6,37,90.86987104337632,105,PR-->PD
X-015,everolimus,MTOR,single,114.4,21,28.09999999999999,11,18.397590361445783,52,PD
X-015,trastuzumab,ERBB2,single,83.6,20,9.5,14,21.333333333333336,94,PD
X-015,untreated,"UNKNOWN,Untreated",single,148.0,24,24.375,12,20.39097744360902,71,PD
X-017,BGJ398,FGFR,single,-79.5,135,-22.224242424242433,177,177.0,177,PR-->PD
X-017,BKM120,"PIK3CA,PIK3CB,PIK3CG,PIK3CD,panPI3K",single,75.6,20,15.25,12,36.6875,111,PD
X-017,BYL719,PIK3CA,single,5.700000000000003,16,2.25,12,83.58695652173913,125,SD-->PD
X-017,BYL719 + HSP990,"PIK3CA,HSP90",combo,-21.59999999999999,9,-12.299999999999995,16,47.19402985074627,97,SD-->PD
X-017,BYL719 + LJM716,"PIK3CA,ERBB3,ERBB3,PIK3CA",combo,-29.299999999999997,16,-5.416666666666671,20,78.10810810810811,87,SD-->PD
X-017,CLR457,"PIK3CA,PIK3CB,PIK3CG,PIK3CD,panPI3K",single,3.299999999999997,10,6.440000000000012,18,60.56896551724138,102,SD-->PD
X-017,HDM201,MDM2,single,40.69999999999999,74,27.27500000000001,14,85.23144104803494,105,PD
X-017,"figitumumab""",IGF1R,single,58.599999999999994,26,36.775000000000006,14,34.906976744186046,119,PD
X-017,HSP990,HSP90,single,409.1,20,162.98000000000002,14,5.219762845849802,34,PD
X-017,INC280,MET,single,50.69999999999999,21,8.049999999999997,14,34.369620253164555,75,PD
X-017,INC280 + trastuzumab,"ERBB2,MET",combo,110.9,21,74.75,14,10.77246653919694,32,PD
X-017,LEE011,"CDK4,CDK6,CDK4/6",single,51.599999999999994,31,17.099999999999994,14,43.333333333333336,105,PD
X-017,LJM716,ERBB3,single,146.7,36,104.2,14,7.0864819479429055,42,PD
X-017,LJM716 + trastuzumab,"ERBB3,ERBB2",combo,57.80000000000001,20,38.650000000000006,13,22.92378752886836,27,PD
X-017,LLM871,FGFR2/4,single,-78.5,196,15.75,15,196.0,196,SD-->PD
X-017,binimetinib,"MAP2K1,MAP2K2,MAPK",single,5.700000000000003,21,16.283333333333346,21,38.27643400138217,61,SD-->PD
X-017,everolimus,MTOR,single,8.5,12,9.525000000000006,12,48.27455919395466,141,SD-->PD
X-017,trastuzumab,ERBB2,single,354.9,20,110.76,14,6.03751143641354,20,PD
X-017,untreated,"UNKNOWN,Untreated",single,25.40000000000001,12,12.700000000000005,12,90.5243445692884,130,SD
X-020,BGJ398,FGFR,single,179.39999999999998,21,35.900000000000006,12,12.061381074168798,33,PD
X-020,BKM120,"PIK3CA,PIK3CB,PIK3CG,PIK3CD,panPI3K",single,54.400000000000006,25,40.92500000000001,12,33.636792452830186,64,PD
X-020,BYL719,PIK3CA,single,15.0,12,16.75,12,43.21153846153846,109,SD
X-020,BYL719 + HSP990,"PIK3CA,HSP90",combo,50.80000000000001,26,21.625,11,36.552023121387286,63,PD
X-020,BYL719 + LJM716,"PIK3CA,ERBB3,ERBB3,PIK3CA",combo,-64.2,39,-43.18095238095238,92,99.0,99,PR-->-->PD
X-020,CLR457,"PIK3CA,PIK3CB,PIK3CG,PIK3CD,panPI3K",single,-18.59999999999999,17,-10.888888888888886,28,100.50921273031824,105,SD-->-->PD
X-020,HDM201,MDM2,single,99.7,25,15.174999999999995,12,20.76851851851852,95,PD
X-020,"figitumumab""",IGF1R,single,218.4,21,38.724999999999994,12,11.452631578947368,29,PD
X-020,HSP990,HSP90,single,1.2999999999999972,12,-4.525000000000006,12,30.634241245136188,60,SD-->PD
X-020,INC280,MET,single,23.0,17,34.70000000000002,17,85.58558558558559,86,PD
X-020,INC280 + trastuzumab,"ERBB2,MET",combo,124.7,22,26.875,11,19.823788546255507,49,PD
X-020,LEE011,"CDK4,CDK6,CDK4/6",single,75.0,25,37.42500000000001,12,34.28,64,PD
X-020,LEE011 + everolimus,"CDK4,CDK6,MTOR,CDK4/6",combo,-33.599999999999994,32,-14.726666666666674,63,80.0,80,SD-->-->PD
X-020,LJM716,ERBB3,single,54.0,24,46.0,14,37.72093023255813,55,PD
X-020,LJM716 + trastuzumab,"ERBB3,ERBB2",combo,15.099999999999994,9,14.940000000000012,14,14.0,14,SD
X-020,LLM871,FGFR2/4,single,136.8,25,30.07499999999999,12,18.4,44,PD
X-020,binimetinib,"MAP2K1,MAP2K2,MAPK",single,-63.6,155,1.370370370370367,155,155.0,155,SD
X-020,everolimus,MTOR,single,141.9,21,46.400000000000006,12,14.424242424242424,44,PD
X-020,trastuzumab,ERBB2,single,16.799999999999997,21,1.5750000000000028,12,33.18940936863544,55,SD-->PD
X-020,untreated,"UNKNOWN,Untreated",single,22.09999999999999,46,31.05000000000001,12,58.28925619834711,130,PD
X-023,BYL719,PIK3CA,single,-40.4,24,-8.777777777777771,42,49.0,49,SD
X-023,BYL719 + HSP990,"PIK3CA,HSP90",combo,-34.599999999999994,53,-18.828571428571436,88,112.37254901960785,115,SD-->-->PD
X-023,BYL719 + LJM716,"PIK3CA,ERBB3,ERBB3,PIK3CA",combo,-18.59999999999999,7,-1.4333333333333371,7,7.0,7,SD
X-023,HSP990,HSP90,single,122.3,21,55.640000000000015,14,12.463878326996198,64,PD
X-023,LEE011,"CDK4,CDK6,CDK4/6",single,-20.59999999999999,42,18.14615384615385,64,91.0,91,SD-->PD
X-023,LEE011 + everolimus,"CDK4,CDK6,MTOR,CDK4/6",combo,-58.6,9,-32.16,13,30.0,30,PR
X-023,LJM716,ERBB3,single,38.5,71,35.160000000000025,14,15.070208728652752,74,PD
X-023,everolimus,MTOR,single,-66.6,21,-41.7375,29,91.0,91,PR-->PD
X-023,untreated,"UNKNOWN,Untreated",single,39.400000000000006,21,17.540000000000006,14,23.42723631508678,35,PD
X-024,BYL719,PIK3CA,single,4.099999999999994,18,15.016666666666666,18,40.24050632911393,122,SD-->PD
X-024,BYL719 + HSP990,"PIK3CA,HSP90",combo,-77.6,41,-45.23076923076923,41,41.0,41,PR
X-024,BYL719 + LJM716,"PIK3CA,ERBB3,ERBB3,PIK3CA",combo,64.9,21,6.6200000000000045,14,22.39840637450199,36,PD
X-024,HSP990,HSP90,single,107.9,21,27.0,11,19.796954314720814,59,PD
X-024,LEE011,"CDK4,CDK6,CDK4/6",single,92.9,21,13.825000000000005,11,23.448275862068964,66,PD
X-024,LEE011 + everolimus,"CDK4,CDK6,MTOR,CDK4/6",combo,-28.299999999999997,31,-17.058333333333337,39,42.0,42,SD-->PD
X-024,LJM716,ERBB3,single,93.4,24,20.040000000000006,14,15.453658536585367,42,PD
X-024,everolimus,MTOR,single,-13.299999999999995,27,8.150000000000006,27,122.0,122,SD-->PD
X-024,untreated,"UNKNOWN,Untreated",single,226.6,20,52.62,13,9.7937106918239,31,PD
X-025,BGJ398,FGFR,single,-38.9,49,-18.35000000000001,49,111.0,111,SD
X-025,BKM120,"PIK3CA,PIK3CB,PIK3CG,PIK3CD,panPI3K",single,-36.3,14,-21.51428571428572,20,20.0,20,SD
X-025,BYL719,PIK3CA,single,2.799999999999997,37,0.4600000000000079,14,195.0,218,SD-->PD
X-025,BYL719 + HSP990,"PIK3CA,HSP90",combo,-35.099999999999994,19,-5.685714285714283,51,139.0,139,SD-->-->PD
X-025,BYL719 + LJM716,"PIK3CA,ERBB3,ERBB3,PIK3CA",combo,32.599999999999994,27,21.40000000000001,14,51.0,51,SD
X-025,CLR457,"PIK3CA,PIK3CB,PIK3CG,PIK3CD,panPI3K",single,-30.200000000000003,27,5.071428571428569,51,51.0,51,SD
X-025,HDM201,MDM2,single,0.2999999999999971,37,7.659999999999997,14,37.0,37,SD-->PD
X-025,"figitumumab""",IGF1R,single,26.90000000000001,14,14.340000000000003,14,39.07407407407408,58,SD-->PD
X-025,HSP990,HSP90,single,81.6,33,36.5,14,34.42084942084942,41,PD
X-025,INC280,MET,single,61.400000000000006,30,32.25999999999999,14,34.913907284768214,51,PD
X-025,INC280 + trastuzumab,"ERBB2,MET",combo,13.900000000000006,9,11.640000000000017,14,64.75,84,SD-->PD
X-025,LEE011,"CDK4,CDK6,CDK4/6",single,0.0,16,-2.0,12,156.7003745318352,183,SD-->PD
X-025,LEE011 + everolimus,"CDK4,CDK6,MTOR,CDK4/6",combo,-18.0,21,-1.7700000000000102,36,36.0,36,SD
X-025,LJM716,ERBB3,single,-9.599999999999994,9,-13.260000000000003,14,53.726190476190474,105,SD-->PD
X-025,LJM716 + trastuzumab,"ERBB3,ERBB2",combo,-27.0,9,-9.079999999999998,14,45.58878504672897,51,SD-->PD
X-025,binimetinib,"MAP2K1,MAP2K2,MAPK",single,-38.9,27,-25.27777777777777,30,127.30459770114942,139,SD-->PD
X-025,everolimus,MTOR,single,6.0,12,12.575000000000005,12,119.52290076335878,125,SD-->PD
X-025,trastuzumab,ERBB2,single,92.3,20,40.67500000000001,12,21.30508474576271,80,PD
X-025,untreated,"UNKNOWN,Untreated",single,46.099999999999994,25,18.959999999999994,18,25.0,165,PD
X-027,BKM120,"PIK3CA,PIK3CB,PIK3CG,PIK3CD,panPI3K",single,205.8,20,41.599999999999994,13,11.77814938684504,27,PD
X-027,BYL719,PIK3CA,single,-78.2,145,-56.28,153,153.0,153,PR
X-027,BYL719 + HSP990,"PIK3CA,HSP90",combo,-64.6,20,-36.15555555555555,27,27.0,27,PR
X-027,CLR457,"PIK3CA,PIK3CB,PIK3CG,PIK3CD,panPI3K",single,-27.200000000000003,10,-4.599999999999994,17,35.0,35,SD-->PD
X-027,HDM201,MDM2,single,13.299999999999995,28,17.400000000000006,14,28.0,28,SD
X-027,"figitumumab""",IGF1R,single,14.599999999999994,28,31.333333333333343,28,28.0,28,PD
X-027,LEE011,"CDK4,CDK6,CDK4/6",single,-25.700000000000003,28,-5.1555555555555515,28,28.0,28,SD
X-027,LJM716,ERBB3,single,-55.4,29,-25.64,50,50.0,50,PR
X-027,LLM871,FGFR2/4,single,307.3,21,54.5,14,12.89539748953975,24,PD
X-027,trastuzumab,ERBB2,single,-100.0,77,-82.97,309,309.0,309,CR
X-028,BGJ398,FGFR,single,119.2,17,75.72,13,10.58846153846154,17,PD
X-028,BKM120,"PIK3CA,PIK3CB,PIK3CG,PIK3CD,panPI3K",single,10.799999999999995,20,1.6400000000000006,13,34.0,34,SD-->PD
X-028,BYL719,PIK3CA,single,67.4,29,32.099999999999994,11,34.25,84,PD
X-028,BYL719 + HSP990,"PIK3CA,HSP90",combo,260.8,20,64.47999999999999,15,8.972649572649573,34,PD
X-028,BYL719 + LJM716,"PIK3CA,ERBB3,ERBB3,PIK3CA",combo,19.5,22,-5.775000000000006,13,35.135802469135804,37,SD-->PD
X-028,CLR457,"PIK3CA,PIK3CB,PIK3CG,PIK3CD,panPI3K",single,2.0999999999999943,9,2.640000000000015,14,46.37142857142857,69,SD-->PD
X-028,HDM201,MDM2,single,71.30000000000001,20,-0.1799999999999926,13,28.53233830845771,31,PD
X-028,"figitumumab""",IGF1R,single,151.4,22,45.51999999999998,15,18.544354838709676,33,PD
X-028,HSP990,HSP90,single,-18.09999999999999,10,-9.560000000000002,13,13.0,13,SD
X-028,INC280,MET,single,226.9,22,54.599999999999994,14,12.090634441087612,28,PD
X-028,INC280 + trastuzumab,"ERBB2,MET",combo,160.60000000000002,30,54.92500000000001,14,12.217905405405403,30,PD
X-028,LEE011,"CDK4,CDK6,CDK4/6",single,82.4,27,19.379999999999995,13,29.114114114114116,31,PD
X-028,LEE011 + everolimus,"CDK4,CDK6,MTOR,CDK4/6",combo,74.4,17,31.45999999999998,13,17.0,17,PD
X-028,LJM716,ERBB3,single,146.1,22,60.599999999999994,13,18.383928571428573,29,PD
X-028,LJM716 + trastuzumab,"ERBB3,ERBB2",combo,-24.90000000000001,54,-19.549999999999997,13,54.0,54,SD
X-028,LLM871,FGFR2/4,single,95.3,20,23.040000000000006,13,15.76384839650146,34,PD
X-028,binimetinib,"MAP2K1,MAP2K2,MAPK",single,110.6,20,50.05000000000001,14,18.049079754601227,30,PD
X-028,everolimus,MTOR,single,2.5999999999999943,15,0.0999999999999943,12,33.0,33,SD-->PD
X-028,trastuzumab,ERBB2,single,75.1,24,13.959999999999994,13,28.65552699228792,31,PD
X-029,BGJ398,FGFR,single,364.0,11,131.45,11,7.040494938132733,11,PD
X-029,BKM120,"PIK3CA,PIK3CB,PIK3CG,PIK3CD,panPI3K",single,266.3,18,57.525000000000006,11,8.94949494949495,18,PD
X-029,BYL719,PIK3CA,single,130.0,21,18.97499999999999,11,16.527859237536656,29,PD
X-029,BYL719 + HSP990,"PIK3CA,HSP90",combo,126.2,12,57.94999999999999,12,10.12857142857143,12,PD
X-029,BYL719 + LJM716,"PIK3CA,ERBB3,ERBB3,PIK3CA",combo,291.2,15,160.52499999999998,12,5.0,15,PD
X-029,CLR457,"PIK3CA,PIK3CB,PIK3CG,PIK3CD,panPI3K",single,204.0,12,81.15,12,8.35407537248028,12,PD
X-029,HDM201,MDM2,single,297.9,18,48.474999999999994,11,11.173131504257332,18,PD
X-029,"figitumumab""",IGF1R,single,351.6,11,144.225,11,5.001314060446781,11,PD
X-029,HSP990,HSP90,single,114.4,9,50.57499999999999,9,7.779661016949152,9,PD
X-029,INC280,MET,single,307.4,12,137.725,12,5.777408637873755,12,PD
X-029,INC280 + trastuzumab,"ERBB2,MET",combo,312.1,12,168.27499999999998,12,5.0,12,PD
X-029,LEE011,"CDK4,CDK6,CDK4/6",single,121.0,20,52.579999999999984,13,18.06451612903226,24,PD
X-029,LJM716 + trastuzumab,"ERBB3,ERBB2",combo,302.5,22,51.150000000000006,12,12.427868852459016,33,PD
X-029,LLM871,FGFR2/4,single,347.7,12,186.5,12,5.0,12,PD
X-029,binimetinib,"MAP2K1,MAP2K2,MAPK",single,-6.099999999999994,15,-6.450000000000003,12,33.0,33,SD-->PD
X-029,everolimus,MTOR,single,167.10000000000002,18,34.30000000000001,11,14.473061760841,18,PD
X-029,trastuzumab,ERBB2,single,234.8,20,110.66,13,3.613223140495868,24,PD
X-031,BGJ398,FGFR,single,265.3,21,49.93333333333331,12,11.167192429022084,33,PD
X-031,BKM120,"PIK3CA,PIK3CB,PIK3CG,PIK3CD,panPI3K",single,8.599999999999994,16,4.375,12,71.25255972696246,95,SD-->PD
X-031,BYL719,PIK3CA,single,-20.40000000000001,16,-10.760000000000003,16,52.56263736263736,77,SD-->PD
X-031,BYL719 + HSP990,"PIK3CA,HSP90",combo,178.60000000000002,22,37.775000000000006,13,13.833948339483396,41,PD
X-031,CLR457,"PIK3CA,PIK3CB,PIK3CG,PIK3CD,panPI3K",single,-8.299999999999997,55,5.859999999999985,14,63.0,63,SD
X-031,HDM201,MDM2,single,97.2,25,15.700000000000005,12,20.848484848484848,64,PD
X-031,"figitumumab""",IGF1R,single,464.5,23,59.974999999999994,11,9.195071868583163,23,PD
X-031,HSP990,HSP90,single,184.4,23,27.52500000000001,11,13.575,39,PD
X-031,INC280,MET,single,68.4,27,10.174999999999995,13,38.08428246013668,62,PD
X-031,INC280 + trastuzumab,"ERBB2,MET",combo,266.8,14,109.71999999999996,14,6.368421052631579,14,PD
X-031,LEE011,"CDK4,CDK6,CDK4/6",single,31.30000000000001,21,17.25,12,43.30386740331492,95,SD-->PD
X-031,LEE011 + everolimus,"CDK4,CDK6,MTOR,CDK4/6",combo,143.7,23,35.80000000000001,13,12.917981072555204,42,PD
X-031,LJM716,ERBB3,single,-15.0,26,22.54285714285713,26,8.543822597676874,34,SD
X-031,LJM716 + trastuzumab,"ERBB3,ERBB2",combo,194.3,23,55.02000000000001,13,11.26691042047532,23,PD
X-031,LLM871,FGFR2/4,single,137.7,23,35.125,11,14.04564315352697,39,PD
X-031,binimetinib,"MAP2K1,MAP2K2,MAPK",single,83.69999999999999,22,15.450000000000005,13,26.65714285714286,68,PD
X-031,everolimus,MTOR,single,24.299999999999997,9,18.700000000000003,13,47.642857142857146,93,SD
X-031,trastuzumab,ERBB2,single,98.9,23,12.075000000000005,11,23.149321266968325,44,PD
X-031,untreated,"UNKNOWN,Untreated",single,-1.0,12,-0.5,12,69.34020618556701,130,SD-->PD
X-034,BGJ398,FGFR,single,42.19999999999999,21,24.799999999999997,11,32.0,32,PD
X-034,BKM120,"PIK3CA,PIK3CB,PIK3CG,PIK3CD,panPI3K",single,12.599999999999994,12,5.275000000000006,12,47.96951219512195,90,SD-->PD
X-034,BYL719,PIK3CA,single,-4.599999999999994,32,2.1857142857142833,21,32.0,32,SD
X-034,BYL719 + HSP990,"PIK3CA,HSP90",combo,-31.09999999999999,37,-15.266666666666666,37,37.0,37,SD
X-034,BYL719 + LJM716,"PIK3CA,ERBB3,ERBB3,PIK3CA",combo,20.200000000000003,31,15.879999999999995,14,24.817391304347822,35,SD-->PD
X-034,CLR457,"PIK3CA,PIK3CB,PIK3CG,PIK3CD,panPI3K",single,56.30000000000001,31,45.349999999999994,17,24.416184971098268,35,PD
X-034,HDM201,MDM2,single,60.69999999999999,25,16.049999999999997,11,32.0,32,PD
X-034,"figitumumab""",IGF1R,single,15.900000000000006,14,7.400000000000006,11,32.0,32,SD-->PD
X-034,HSP990,HSP90,single,22.40000000000001,12,7.200000000000003,12,53.76569037656904,91,SD-->PD
X-034,INC280,MET,single,73.9,21,20.97999999999999,14,25.73566878980892,29,PD
X-034,INC280 + trastuzumab,"ERBB2,MET",combo,13.700000000000005,22,14.059999999999988,14,35.0,35,SD-->PD
X-034,LEE011,"CDK4,CDK6,CDK4/6",single,3.0,11,-0.9249999999999972,11,32.0,32,SD-->PD
X-034,LEE011 + everolimus,"CDK4,CDK6,MTOR,CDK4/6",combo,-39.4,24,-12.89090909090909,34,34.0,34,SD
X-034,LJM716,ERBB3,single,62.80000000000001,21,15.379999999999995,14,24.74492099322799,29,PD
X-034,LJM716 + trastuzumab,"ERBB3,ERBB2",combo,81.30000000000001,31,23.39999999999999,14,21.931693989071036,35,PD
X-034,LLM871,FGFR2/4,single,104.0,25,-2.200000000000003,11,19.767741935483873,32,PD
X-034,binimetinib,"MAP2K1,MAP2K2,MAPK",single,27.59999999999999,19,19.966666666666654,11,35.58620689655172,37,SD
X-034,everolimus,MTOR,single,-15.0,28,4.944444444444443,32,266.0,266,SD-->-->PD
X-034,trastuzumab,ERBB2,single,116.3,21,10.0,11,19.23465703971119,32,PD
X-035,BGJ398,FGFR,single,303.1,20,53.31999999999999,13,11.220973782771535,31,PD
X-035,BKM120,"PIK3CA,PIK3CB,PIK3CG,PIK3CD,panPI3K",single,-3.9000000000000057,34,3.5200000000000102,13,62.0,62,SD-->PD
X-035,BYL719,PIK3CA,single,-80.3,69,-46.292857142857144,105,135.33478260869566,156,PR-->-->PD
X-035,BYL719 + HSP990,"PIK3CA,HSP90",combo,19.59999999999999,32,37.599999999999994,11,51.417582417582416,63,PD
X-035,BYL719 + LJM716,"PIK3CA,ERBB3,ERBB3,PIK3CA",combo,-94.4,63,-64.05555555555556,66,66.0,66,PR
X-035,HDM201,MDM2,single,96.7,20,35.079999999999984,13,23.188841201716738,34,PD
X-035,"figitumumab""",IGF1R,single,294.8,20,63.19999999999999,13,9.275683665927568,24,PD
X-035,HSP990,HSP90,single,2.299999999999997,10,2.200000000000003,14,28.0,28,SD-->PD
X-035,INC280 + trastuzumab,"ERBB2,MET",combo,-100.0,65,-76.96521739130435,97,97.0,97,CR
X-035,LEE011,"CDK4,CDK6,CDK4/6",single,-100.0,97,-72.56666666666666,223,320.3333333333333,330,CR-->-->PD
X-035,LEE011 + everolimus,"CDK4,CDK6,MTOR,CDK4/6",combo,-100.0,97,-77.596,97,97.0,97,CR
X-035,LJM716,ERBB3,single,-15.5,14,13.237499999999995,28,42.0,42,SD
X-035,LJM716 + trastuzumab,"ERBB3,ERBB2",combo,36.80000000000001,31,3.0999999999999943,15,31.0,31,PD
X-035,LLM871,FGFR2/4,single,114.1,22,31.159999999999997,12,16.498233215547703,33,PD
X-035,binimetinib,"MAP2K1,MAP2K2,MAPK",single,10.799999999999995,23,31.94999999999999,14,30.0,30,PD
X-035,everolimus,MTOR,single,-84.4,89,-52.08,97,138.0635838150289,148,PR-->-->PD
X-035,trastuzumab,ERBB2,single,-88.0,94,-15.117647058823536,136,10.885245901639344,220,SD-->-->PD
X-037,BGJ398,FGFR,single,75.4,20,13.150000000000006,13,24.52875,58,PD
X-037,BKM120,"PIK3CA,PIK3CB,PIK3CG,PIK3CD,panPI3K",single,-97.6,201,-23.0,201,201.0,201,PR
X-037,BYL719,PIK3CA,single,-8.099999999999994,69,14.900000000000006,13,122.0,122,SD-->PD
X-037,BYL719 + HSP990,"PIK3CA,HSP90",combo,72.19999999999999,23,16.620000000000005,13,27.13690476190476,42,PD
X-037,CLR457,"PIK3CA,PIK3CB,PIK3CG,PIK3CD,panPI3K",single,178.5,23,34.920000000000016,13,17.42603550295858,31,PD
X-037,HDM201,MDM2,single,118.2,25,32.150000000000006,12,18.355072463768117,43,PD
X-037,"figitumumab""",IGF1R,single,155.1,20,38.525000000000006,13,15.36877523553163,43,PD
X-037,HSP990,HSP90,single,132.2,20,33.150000000000006,13,17.758700696055683,53,PD
X-037,INC280,MET,single,-78.8,73,28.39473684210526,73,23.390243902439025,73,SD
X-037,INC280 + trastuzumab,"ERBB2,MET",combo,328.5,23,86.47999999999999,13,6.339731285988484,23,PD
X-037,LEE011,"CDK4,CDK6,CDK4/6",single,18.0,20,7.200000000000003,13,68.82650602409639,122,SD-->PD
X-037,LEE011 + everolimus,"CDK4,CDK6,MTOR,CDK4/6",combo,-86.6,52,-29.43529411764706,60,60.0,60,PR
X-037,LJM716,ERBB3,single,287.0,23,73.52000000000001,13,7.476987447698745,23,PD
X-037,LJM716 + trastuzumab,"ERBB3,ERBB2",combo,192.2,23,45.95999999999998,13,12.127134724857685,23,PD
X-037,LLM871,FGFR2/4,single,-100.0,83,-29.39999999999999,151,151.0,151,PR
X-037,binimetinib,"MAP2K1,MAP2K2,MAPK",single,34.19999999999999,34,47.5,13,56.0,56,PD
X-037,everolimus,MTOR,single,48.80000000000001,25,20.69999999999999,12,33.45454545454545,85,PD
X-037,trastuzumab,ERBB2,single,214.2,20,57.0,13,11.934673366834172,38,PD
X-037,untreated,"UNKNOWN,Untreated",single,147.3,36,40.94999999999999,12,18.642201834862384,90,PD
X-038,BGJ398,FGFR,single,108.0,21,19.679999999999993,14,19.68312757201646,24,PD
X-038,BKM120,"PIK3CA,PIK3CB,PIK3CG,PIK3CD,panPI3K",single,20.0,28,27.679999999999993,14,42.611428571428576,112,SD
X-038,BYL719,PIK3CA,single,100.2,21,22.440000000000012,14,20.983539094650208,24,PD
X-038,BYL719 + HSP990,"PIK3CA,HSP90",combo,-53.6,35,-27.14285714285714,44,97.0,97,PR-->PD
X-038,BYL719 + LJM716,"PIK3CA,ERBB3,ERBB3,PIK3CA",combo,172.7,21,19.875,12,13.796352583586629,32,PD
X-038,CLR457,"PIK3CA,PIK3CB,PIK3CG,PIK3CD,panPI3K",single,120.0,25,52.140000000000015,13,12.523529411764706,52,PD
X-038,HDM201,MDM2,single,36.80000000000001,14,34.640000000000015,14,14.0,14,PD
X-038,"figitumumab""",IGF1R,single,160.89999999999998,35,31.0,11,14.864516129032255,66,PD
X-038,HSP990,HSP90,single,21.90000000000001,48,10.400000000000006,11,64.66348448687351,109,SD-->PD
X-038,INC280,MET,single,102.9,20,20.179999999999993,13,19.369565217391305,52,PD
X-038,INC280 + trastuzumab,"ERBB2,MET",combo,180.9,20,44.859999999999985,13,12.763636363636364,45,PD
X-038,LEE011,"CDK4,CDK6,CDK4/6",single,250.7,21,97.85,11,4.743119266055046,41,PD
X-038,LEE011 + everolimus,"CDK4,CDK6,MTOR,CDK4/6",combo,-47.4,12,-22.328571428571426,21,32.0,32,SD
X-038,LJM716,ERBB3,single,97.4,21,14.400000000000006,12,17.32807570977918,60,PD
X-038,LJM716 + trastuzumab,"ERBB3,ERBB2",combo,98.9,20,30.120000000000005,13,16.43935309973046,52,PD
X-038,LLM871,FGFR2/4,single,380.5,21,42.724999999999994,11,10.893915756630266,25,PD
X-038,binimetinib,"MAP2K1,MAP2K2,MAPK",single,60.0,28,17.959999999999994,13,33.72727272727273,52,PD
X-038,everolimus,MTOR,single,-56.7,80,-25.00645161290322,129,129.0,129,PR-->PD
X-038,trastuzumab,ERBB2,single,50.599999999999994,23,16.47999999999999,13,33.653979238754324,36,PD
X-038,untreated,"UNKNOWN,Untreated",single,145.8,21,41.0,12,12.866379310344827,60,PD
X-039,BYL719,PIK3CA,single,380.2,22,111.0,12,6.0,26,PD
X-039,BYL719 + HSP990,"PIK3CA,HSP90",combo,148.4,22,34.80000000000001,12,16.79816513761468,33,PD
X-039,BYL719 + LJM716,"PIK3CA,ERBB3,ERBB3,PIK3CA",combo,179.0,20,28.59999999999999,13,14.535240040858016,34,PD
X-039,HSP990,HSP90,single,390.7,22,69.35000000000002,12,9.218461538461538,33,PD
X-039,LEE011,"CDK4,CDK6,CDK4/6",single,89.69999999999999,22,49.775000000000006,12,13.285714285714285,67,PD
X-039,LEE011 + everolimus,"CDK4,CDK6,MTOR,CDK4/6",combo,73.6,23,59.88,13,12.169230769230772,55,PD
X-039,LJM716,ERBB3,single,188.6,21,31.42500000000001,14,14.852,28,PD
X-039,everolimus,MTOR,single,0.7000000000000028,19,11.683333333333335,19,28.85960591133005,60,SD-->PD
X-039,untreated,"UNKNOWN,Untreated",single,341.9,21,118.94,14,4.95069667738478,24,PD
X-050,BYL719,PIK3CA,single,89.69999999999999,20,33.875,11,20.985645933014354,38,PD
X-050,BYL719 + HSP990,"PIK3CA,HSP90",combo,27.200000000000003,14,15.320000000000007,14,26.372611464968152,49,SD-->PD
X-050,BYL719 + LJM716,"PIK3CA,ERBB3,ERBB3,PIK3CA",combo,-92.9,25,-65.95454545454545,54,54.0,54,PR
X-050,HSP990,HSP90,single,164.39999999999998,20,36.73333333333332,12,13.934533551554829,40,PD
X-050,LEE011,"CDK4,CDK6,CDK4/6",single,-24.90000000000001,7,-10.733333333333334,7,7.0,7,SD
X-050,LEE011 + everolimus,"CDK4,CDK6,MTOR,CDK4/6",combo,-31.200000000000003,9,-19.477777777777774,27,86.0,86,SD-->PD
X-050,LJM716,ERBB3,single,-41.7,70,-5.150000000000006,11,77.0,77,SD-->PD
X-050,everolimus,MTOR,single,1.5999999999999943,12,4.766666666666666,12,31.919101123595503,76,SD-->PD
X-050,untreated,"UNKNOWN,Untreated",single,237.0,21,45.974999999999994,11,11.887755102040815,46,PD
X-055,untreated,"UNKNOWN,Untreated",single,212.1,21,46.625,11,9.97945205479452,28,PD
X-056,BGJ398,FGFR,single,198.8,21,25.89999999999999,11,13.509090909090908,48,PD
X-056,BKM120,"PIK3CA,PIK3CB,PIK3CG,PIK3CD,panPI3K",single,-0.7999999999999972,14,-2.8666666666666742,11,44.0,44,SD
X-056,BYL719,PIK3CA,single,-12.0,38,15.549999999999995,12,38.0,38,SD-->PD
X-056,BYL719 + HSP990,"PIK3CA,HSP90",combo,5.099999999999994,28,-1.5999999999999943,12,28.0,28,SD
X-056,BYL719 + LJM716,"PIK3CA,ERBB3,ERBB3,PIK3CA",combo,0.7000000000000028,12,8.025000000000006,12,51.06036217303823,78,SD-->PD
X-056,CLR457,"PIK3CA,PIK3CB,PIK3CG,PIK3CD,panPI3K",single,77.30000000000001,22,16.724999999999994,12,25.632,28,PD
X-056,HDM201,MDM2,single,102.0,22,31.30000000000001,12,21.734513274336283,26,PD
X-056,"figitumumab""",IGF1R,single,-100.0,137,-6.665116279069764,209,18.63895486935867,209,SD-->PD
X-056,HSP990,HSP90,single,195.5,21,57.30000000000001,14,11.627906976744187,33,PD
X-056,INC280,MET,single,141.5,24,-0.2999999999999971,11,18.152219873150106,49,PD
X-056,INC280 + trastuzumab,"ERBB2,MET",combo,60.599999999999994,22,16.325000000000003,15,41.84057971014493,60,PD
X-056,LEE011,"CDK4,CDK6,CDK4/6",single,-100.0,58,-75.91707317073171,194,194.0,194,CR
X-056,LEE011 + everolimus,"CDK4,CDK6,MTOR,CDK4/6",combo,-3.9000000000000057,12,4.900000000000006,12,22.0,22,SD
X-056,LJM716,ERBB3,single,133.0,21,26.28,14,16.23121387283237,34,PD
X-056,LJM716 + trastuzumab,"ERBB3,ERBB2",combo,66.6,37,31.74000000000001,14,22.500000000000004,48,PD
X-056,LLM871,FGFR2/4,single,154.2,21,37.25999999999999,14,15.11402157164869,85,PD
X-056,binimetinib,"MAP2K1,MAP2K2,MAPK",single,-88.6,81,-64.36896551724138,113,158.0,158,PR-->-->PD
X-056,everolimus,MTOR,single,69.6,21,13.433333333333335,11,23.338461538461537,32,PD
X-056,trastuzumab,ERBB2,single,92.9,22,6.5,12,22.86060606060606,54,PD
X-056,untreated,"UNKNOWN,Untreated",single,155.8,24,42.18000000000001,12,19.79185520361991,66,PD
X-057,BGJ398,FGFR,single,277.7,18,40.05000000000001,11,11.134382566585955,18,PD
X-057,BKM120,"PIK3CA,PIK3CB,PIK3CG,PIK3CD,panPI3K",single,-3.799999999999997,11,-3.8499999999999943,11,36.0,36,SD-->PD
X-057,BYL719,PIK3CA,single,61.400000000000006,21,11.899999999999991,11,25.0,25,PD
X-057,BYL719 + HSP990,"PIK3CA,HSP90",combo,-10.799999999999995,29,-19.09999999999999,12,33.0,33,SD-->PD
X-057,BYL719 + LJM716,"PIK3CA,ERBB3,ERBB3,PIK3CA",combo,26.5,33,-4.200000000000003,12,33.0,33,SD-->PD
X-057,CLR457,"PIK3CA,PIK3CB,PIK3CG,PIK3CD,panPI3K",single,3.200000000000003,15,8.52000000000001,15,29.0,29,SD-->PD
X-057,HDM201,MDM2,single,287.9,18,57.0,11,8.84958217270195,18,PD
X-057,"figitumumab""",IGF1R,single,324.7,21,50.94999999999999,11,9.98220640569395,25,PD
X-057,HSP990,HSP90,single,170.10000000000002,20,30.659999999999997,13,16.637889688249402,24,PD
X-057,INC280,MET,single,325.2,21,68.97999999999999,14,10.788282290279628,42,PD
X-057,INC280 + trastuzumab,"ERBB2,MET",combo,316.2,21,60.44,14,11.575384615384616,24,PD
X-057,LEE011,"CDK4,CDK6,CDK4/6",single,252.1,21,65.4,11,7.836104513064134,25,PD
X-057,LEE011 + everolimus,"CDK4,CDK6,MTOR,CDK4/6",combo,10.700000000000005,30,14.325000000000005,13,30.0,30,SD-->PD
X-057,LJM716,ERBB3,single,10.700000000000005,15,-5.900000000000006,12,29.56723716381418,33,SD-->PD
X-057,LJM716 + trastuzumab,"ERBB3,ERBB2",combo,239.2,22,28.45999999999998,12,14.467741935483872,29,PD
X-057,LLM871,FGFR2/4,single,-100.0,27,-92.17413793103448,288,288.0,288,CR
X-057,binimetinib,"MAP2K1,MAP2K2,MAPK",single,107.9,14,41.099999999999994,14,13.256470588235294,14,PD
X-057,everolimus,MTOR,single,17.299999999999997,18,3.575000000000003,11,39.0,39,SD-->PD
X-057,trastuzumab,ERBB2,single,263.0,21,20.72499999999999,11,12.757352941176473,25,PD
X-064,BGJ398,FGFR,single,163.10000000000002,22,23.42500000000001,12,17.237113402061855,26,PD
X-064,BKM120,"PIK3CA,PIK3CB,PIK3CG,PIK3CD,panPI3K",single,-18.0,12,-9.224999999999994,12,26.0,26,SD-->PD
X-064,BYL719,PIK3CA,single,-11.799999999999995,12,-4.724999999999994,12,33.0,33,SD-->PD
X-064,BYL719 + HSP990,"PIK3CA,HSP90",combo,8.099999999999994,25,11.400000000000006,11,28.0,28,SD
X-064,BYL719 + LJM716,"PIK3CA,ERBB3,ERBB3,PIK3CA",combo,25.799999999999997,11,11.450000000000005,11,14.0,14,SD
X-064,CLR457,"PIK3CA,PIK3CB,PIK3CG,PIK3CD,panPI3K",single,-4.5,13,-0.7999999999999972,13,54.36792452830189,58,SD-->PD
X-064,HDM201,MDM2,single,-28.700000000000003,12,-12.760000000000003,16,26.0,26,SD-->PD
X-064,"figitumumab""",IGF1R,single,387.6,22,69.80000000000001,12,9.21595598349381,26,PD
X-064,HSP990,HSP90,single,105.1,20,66.64000000000001,13,11.097872340425532,31,PD
X-064,INC280,MET,single,14.200000000000005,12,2.140000000000001,12,15.0,15,SD-->PD
X-064,INC280 + trastuzumab,"ERBB2,MET",combo,-76.0,19,-45.4,29,36.0,36,PR-->PD
X-064,LEE011,"CDK4,CDK6,CDK4/6",single,-42.3,42,-25.20833333333333,42,125.0,125,SD-->PD
X-064,LEE011 + everolimus,"CDK4,CDK6,MTOR,CDK4/6",combo,27.59999999999999,26,22.566666666666677,11,26.97094322753688,33,SD
X-064,LJM716,ERBB3,single,112.2,22,46.78,12,9.842696629213483,26,PD
X-064,LJM716 + trastuzumab,"ERBB3,ERBB2",combo,293.9,20,95.975,13,8.681335356600911,20,PD
X-064,LLM871,FGFR2/4,single,124.7,20,23.75999999999999,13,18.60188679245283,31,PD
X-064,binimetinib,"MAP2K1,MAP2K2,MAPK",single,-43.2,5,-13.033333333333346,5,5.0,5,SD
X-064,everolimus,MTOR,single,48.30000000000001,22,5.700000000000003,12,26.0,26,PD
X-064,trastuzumab,ERBB2,single,449.5,22,56.525000000000006,12,10.31578947368421,26,PD
X-065,BGJ398,FGFR,single,123.0,20,22.875,16,18.60606060606061,52,PD
X-065,BKM120,"PIK3CA,PIK3CB,PIK3CG,PIK3CD,panPI3K",single,-31.799999999999997,23,-12.233333333333334,23,41.0,41,SD
X-065,BYL719,PIK3CA,single,-30.5,23,-13.885714285714286,23,104.44654088050316,127,SD-->PD
X-065,BYL719 + HSP990,"PIK3CA,HSP90",combo,-64.1,89,-20.436000000000007,106,106.0,106,PR-->PD
X-065,BYL719 + LJM716,"PIK3CA,ERBB3,ERBB3,PIK3CA",combo,-87.5,82,-62.86153846153846,111,141.69366197183098,168,PR-->-->PD
X-065,CLR457,"PIK3CA,PIK3CB,PIK3CG,PIK3CD,panPI3K",single,-91.0,38,0.7818181818181671,38,144.53702551337898,155,SD-->-->PD
X-065,HDM201,MDM2,single,29.09999999999999,14,32.025000000000006,14,14.0,14,PD
X-065,"figitumumab""",IGF1R,single,106.3,23,21.47499999999999,12,22.024767801857585,59,PD
X-065,HSP990,HSP90,single,62.099999999999994,20,12.699999999999989,15,41.43956043956044,98,PD
X-065,INC280,MET,single,66.1,27,23.09999999999999,13,17.391608391608393,41,PD
X-065,INC280 + trastuzumab,"ERBB2,MET",combo,79.4,21,20.15000000000001,14,23.46706586826347,42,PD
X-065,LEE011,"CDK4,CDK6,CDK4/6",single,421.9,29,65.66,14,10.56578947368421,42,PD
X-065,LEE011 + everolimus,"CDK4,CDK6,MTOR,CDK4/6",combo,4.599999999999994,13,7.820000000000007,13,36.77857142857143,97,SD-->PD
X-065,LJM716,ERBB3,single,4.099999999999994,9,17.375,15,46.44516129032258,75,SD-->PD
X-065,LJM716 + trastuzumab,"ERBB3,ERBB2",combo,-100.0,86,-52.7,86,86.0,86,CR
X-065,LLM871,FGFR2/4,single,-2.200000000000003,12,-6.224999999999994,12,65.44444444444444,116,SD-->PD
X-065,binimetinib,"MAP2K1,MAP2K2,MAPK",single,122.8,22,25.32499999999999,13,17.06508875739645,41,PD
X-065,everolimus,MTOR,single,-39.4,18,-17.12222222222222,34,116.5575485799701,127,SD-->PD
X-065,trastuzumab,ERBB2,single,-4.5,12,-2.7249999999999943,12,37.33098591549296,89,SD-->PD
X-065,untreated,"UNKNOWN,Untreated",single,402.7,36,43.25,12,13.024667931688803,68,PD
X-067,BGJ398,FGFR,single,67.4,25,13.125,11,33.09006211180124,96,PD
X-067,BKM120,"PIK3CA,PIK3CB,PIK3CG,PIK3CD,panPI3K",single,-22.90000000000001,25,-5.94285714285715,25,25.0,25,SD
X-067,BYL719,PIK3CA,single,55.0,30,27.25,11,42.45519713261649,96,PD
X-067,BYL719 + HSP990,"PIK3CA,HSP90",combo,73.30000000000001,22,26.84999999999999,13,29.377659574468083,68,PD
X-067,BYL719 + LJM716,"PIK3CA,ERBB3,ERBB3,PIK3CA",combo,60.900000000000006,21,43.45999999999998,14,26.27788649706458,45,PD
X-067,CLR457,"PIK3CA,PIK3CB,PIK3CG,PIK3CD,panPI3K",single,-24.59999999999999,126,13.879999999999995,14,155.0,155,SD-->-->PD
X-067,HDM201,MDM2,single,64.0,30,12.224999999999994,11,45.76595744680851,96,PD
X-067,"figitumumab""",IGF1R,single,108.2,25,6.075000000000003,11,24.0,66,PD
X-067,HSP990,HSP90,single,63.19999999999999,25,23.075000000000003,11,30.0,30,PD
X-067,INC280,MET,single,7.0,13,4.049999999999997,13,19.0,19,SD
X-067,INC280 + trastuzumab,"ERBB2,MET",combo,216.9,20,44.0,15,12.991101223581758,34,PD
X-067,LEE011,"CDK4,CDK6,CDK4/6",single,50.0,25,22.90000000000001,11,49.40033500837521,80,PD
X-067,LEE011 + everolimus,"CDK4,CDK6,MTOR,CDK4/6",combo,10.200000000000005,45,28.66874999999999,56,56.0,56,SD
X-067,LJM716,ERBB3,single,290.2,15,122.025,15,7.055335968379447,15,PD
X-067,LJM716 + trastuzumab,"ERBB3,ERBB2",combo,127.4,20,33.640000000000015,15,17.933634992458522,34,PD
X-067,LLM871,FGFR2/4,single,18.09999999999999,12,3.825000000000003,12,47.58064516129033,116,SD-->PD
X-067,binimetinib,"MAP2K1,MAP2K2,MAPK",single,-9.299999999999995,13,-6.549999999999997,13,85.85066666666667,96,SD-->PD
X-067,everolimus,MTOR,single,16.700000000000003,14,21.74000000000001,14,76.19298245614036,109,SD-->PD
X-067,trastuzumab,ERBB2,single,-34.099999999999994,12,-18.728571428571428,28,63.69230769230769,89,SD-->PD
X-074,BYL719,PIK3CA,single,92.4,22,25.674999999999997,12,22.547747747747746,54,PD
X-074,BYL719 + HSP990,"PIK3CA,HSP90",combo,24.59999999999999,22,6.549999999999997,12,35.07835051546392,88,SD-->PD
X-074,BYL719 + LJM716,"PIK3CA,ERBB3,ERBB3,PIK3CA",combo,2.4000000000000057,9,12.02000000000001,16,45.589506172839506,69,SD-->PD
X-074,HSP990,HSP90,single,243.7,22,42.224999999999994,12,12.505694760820043,57,PD
X-074,LEE011,"CDK4,CDK6,CDK4/6",single,356.8,22,101.75,12,6.1927162367223065,33,PD
X-074,LEE011 + everolimus,"CDK4,CDK6,MTOR,CDK4/6",combo,-12.799999999999995,10,-8.900000000000006,14,77.13272311212815,113,SD-->PD
X-074,LJM716,ERBB3,single,280.9,21,40.02000000000001,14,14.079000675219447,24,PD
X-074,everolimus,MTOR,single,99.3,22,36.724999999999994,12,17.576271186440678,57,PD
X-074,untreated,"UNKNOWN,Untreated",single,101.8,21,24.940000000000012,14,14.905172413793103,42,PD
X-075,BGJ398,FGFR,single,159.39999999999998,21,10.579999999999998,14,18.07028360049322,28,PD
X-075,BKM120,"PIK3CA,PIK3CB,PIK3CG,PIK3CD,panPI3K",single,194.6,20,32.75,12,13.14176245210728,45,PD
X-075,BYL719,PIK3CA,single,105.0,20,14.125,12,19.61315280464217,49,PD
X-075,BYL719 + HSP990,"PIK3CA,HSP90",combo,10.5,9,19.299999999999997,13,30.0,30,SD
X-075,BYL719 + LJM716,"PIK3CA,ERBB3,ERBB3,PIK3CA",combo,-33.5,38,-8.341666666666654,41,48.0,48,SD
X-075,CLR457,"PIK3CA,PIK3CB,PIK3CG,PIK3CD,panPI3K",single,112.6,20,42.67500000000001,14,17.911602209944753,30,PD
X-075,HDM201,MDM2,single,238.7,20,43.57499999999999,12,10.211822660098523,49,PD
X-075,"figitumumab""",IGF1R,single,11.0,22,25.140000000000015,12,24.51768033946252,33,SD-->PD
X-075,HSP990,HSP90,single,206.1,25,22.25,12,17.897071129707115,44,PD
X-075,INC280,MET,single,119.9,20,42.599999999999994,14,18.233727810650887,30,PD
X-075,INC280 + trastuzumab,"ERBB2,MET",combo,108.1,20,52.880000000000024,14,15.132258064516128,27,PD
X-075,LEE011,"CDK4,CDK6,CDK4/6",single,54.80000000000001,20,7.325000000000003,12,22.6484375,64,PD
X-075,LEE011 + everolimus,"CDK4,CDK6,MTOR,CDK4/6",combo,35.69999999999999,22,11.133333333333326,11,36.84452296819788,62,PD
X-075,LJM716,ERBB3,single,198.9,20,46.5,13,11.533898305084746,25,PD
X-075,LJM716 + trastuzumab,"ERBB3,ERBB2",combo,2.799999999999997,13,1.2249999999999943,13,29.0,29,SD-->PD
X-075,LLM871,FGFR2/4,single,119.1,26,21.55000000000001,12,20.27891156462585,33,PD
X-075,binimetinib,"MAP2K1,MAP2K2,MAPK",single,71.19999999999999,23,5.400000000000006,13,33.479166666666664,56,PD
X-075,everolimus,MTOR,single,142.0,20,8.849999999999994,12,15.016685205784205,41,PD
X-075,trastuzumab,ERBB2,single,28.19999999999999,18,-1.3000000000000114,11,27.962779156327542,32,SD-->PD
X-077,BGJ398,FGFR,single,77.6,20,5.440000000000012,14,26.569395017793596,63,PD
X-077,BKM120,"PIK3CA,PIK3CB,PIK3CG,PIK3CD,panPI3K",single,9.299999999999995,10,8.099999999999994,14,73.0,73,SD-->PD
X-077,BYL719,PIK3CA,single,-22.59999999999999,10,-11.47999999999999,14,57.88059701492537,107,SD-->PD
X-077,BYL719 + HSP990,"PIK3CA,HSP90",combo,40.900000000000006,27,53.655555555555566,30,13.590476190476188,70,PD
X-077,BYL719 + LJM716,"PIK3CA,ERBB3,ERBB3,PIK3CA",combo,280.4,21,49.19999999999999,14,11.05310734463277,34,PD
X-077,CLR457,"PIK3CA,PIK3CB,PIK3CG,PIK3CD,panPI3K",single,244.6,22,41.599999999999994,11,13.301075268817204,29,PD
X-077,HDM201,MDM2,single,144.3,22,53.55000000000001,12,10.602006688963211,32,PD
X-077,"figitumumab""",IGF1R,single,356.9,22,75.10000000000002,12,9.068571428571428,32,PD
X-077,HSP990,HSP90,single,181.0,21,54.079999999999984,14,11.67247386759582,49,PD
X-077,INC280,MET,single,202.8,22,32.224999999999994,11,12.805309734513274,29,PD
X-077,INC280 + trastuzumab,"ERBB2,MET",combo,108.7,34,8.025000000000006,11,21.723591549295776,45,PD
X-077,LEE011,"CDK4,CDK6,CDK4/6",single,164.89999999999998,22,60.224999999999994,12,10.170212765957446,32,PD
X-077,LEE011 + everolimus,"CDK4,CDK6,MTOR,CDK4/6",combo,-47.3,11,-31.77500000000001,11,66.0,66,SD-->PD
X-077,LJM716,ERBB3,single,218.2,23,2.575000000000003,11,15.479141835518474,31,PD
X-077,LJM716 + trastuzumab,"ERBB3,ERBB2",combo,156.5,21,35.84,14,15.250000000000002,21,PD
X-077,binimetinib,"MAP2K1,MAP2K2,MAPK",single,17.099999999999994,48,36.640000000000015,14,72.07447864945382,77,PD
X-077,everolimus,MTOR,single,-39.6,42,-23.86428571428571,51,78.0,78,SD
X-077,trastuzumab,ERBB2,single,-50.3,26,4.829999999999998,32,50.68108776266996,119,SD-->PD
X-077,untreated,"UNKNOWN,Untreated",single,100.1,27,54.420000000000016,13,16.467741935483872,82,PD
X-078,BYL719,PIK3CA,single,117.3,26,18.700000000000003,13,19.93006993006993,57,PD
X-078,BYL719 + HSP990,"PIK3CA,HSP90",combo,-23.40000000000001,12,-10.125,12,36.66133333333333,67,SD-->PD
X-078,BYL719 + LJM716,"PIK3CA,ERBB3,ERBB3,PIK3CA",combo,-38.5,10,-18.039999999999992,14,38.517687661777394,63,SD-->PD
X-078,HSP990,HSP90,single,294.5,22,22.125,12,13.748936170212763,33,PD
X-078,LEE011,"CDK4,CDK6,CDK4/6",single,170.10000000000002,22,47.19999999999999,12,15.29565217391304,33,PD
X-078,LEE011 + everolimus,"CDK4,CDK6,MTOR,CDK4/6",combo,42.599999999999994,20,21.47999999999999,13,23.0,23,PD
X-078,LJM716,ERBB3,single,147.9,20,29.659999999999997,13,17.60200250312891,30,PD
X-078,everolimus,MTOR,single,81.4,22,24.859999999999985,12,23.49698189134809,43,PD
X-078,untreated,"UNKNOWN,Untreated",single,314.4,21,61.69999999999999,14,11.082901554404144,28,PD
X-080,BYL719 + LJM716,"PIK3CA,ERBB3,ERBB3,PIK3CA",combo,122.9,21,56.04000000000002,13,10.794117647058822,55,PD
X-080,LJM716,ERBB3,single,214.9,25,25.700000000000003,12,16.603709949409783,33,PD
X-080,untreated,"UNKNOWN,Untreated",single,-100.0,25,-24.820000000000007,25,25.0,25,PR
X-084,BGJ398,FGFR,single,-34.599999999999994,13,-18.35714285714286,20,34.0,34,SD-->PD
X-084,BKM120,"PIK3CA,PIK3CB,PIK3CG,PIK3CD,panPI3K",single,8.200000000000003,16,11.950000000000005,16,24.0,24,SD-->PD
X-084,BYL719,PIK3CA,single,77.30000000000001,21,13.049999999999995,11,26.045544554455446,29,PD
X-084,BYL719 + HSP990,"PIK3CA,HSP90",combo,40.30000000000001,24,24.440000000000012,14,38.0,38,PD
X-084,BYL719 + LJM716,"PIK3CA,ERBB3,ERBB3,PIK3CA",combo,45.599999999999994,28,16.724999999999994,11,28.0,28,PD
X-084,CLR457,"PIK3CA,PIK3CB,PIK3CG,PIK3CD,panPI3K",single,-13.0,19,-2.549999999999997,12,36.0,36,SD
X-084,HDM201,MDM2,single,112.2,22,25.799999999999997,11,20.25089605734767,32,PD
X-084,"figitumumab""",IGF1R,single,301.7,21,48.375,11,11.67741935483871,25,PD
X-084,HSP990,HSP90,single,228.7,20,67.34,13,8.722105263157895,24,PD
X-084,INC280,MET,single,150.4,22,39.55000000000001,12,13.794871794871796,40,PD
X-084,INC280 + trastuzumab,"ERBB2,MET",combo,132.5,26,35.875,12,15.95737704918033,33,PD
X-084,LEE011,"CDK4,CDK6,CDK4/6",single,108.4,20,58.54000000000002,13,8.556363636363637,24,PD
X-084,LEE011 + everolimus,"CDK4,CDK6,MTOR,CDK4/6",combo,9.700000000000005,16,9.799999999999995,16,55.5658747300216,78,SD-->PD
X-084,LJM716,ERBB3,single,1.0999999999999943,12,-2.239999999999995,12,24.116129032258065,33,SD-->PD
X-084,LJM716 + trastuzumab,"ERBB3,ERBB2",combo,67.9,26,20.325000000000003,12,28.675,36,PD
X-084,LLM871,FGFR2/4,single,208.7,20,65.12,13,9.4125,24,PD
X-084,binimetinib,"MAP2K1,MAP2K2,MAPK",single,67.0,26,31.15000000000001,12,30.82370820668693,40,PD
X-084,everolimus,MTOR,single,12.099999999999994,11,1.125,11,29.0,29,SD-->PD
X-084,trastuzumab,ERBB2,single,101.0,20,31.340000000000003,13,19.75,24,PD
X-089,BGJ398,FGFR,single,197.0,21,46.93333333333331,12,11.804878048780488,39,PD
X-089,BKM120,"PIK3CA,PIK3CB,PIK3CG,PIK3CD,panPI3K",single,-7.900000000000006,38,0.125,12,59.91891891891892,89,SD-->PD
X-089,BYL719,PIK3CA,single,67.1,21,16.799999999999997,12,27.968888888888888,50,PD
X-089,BYL719 + HSP990,"PIK3CA,HSP90",combo,-44.3,39,-3.8583333333333343,49,91.20776699029126,106,SD-->-->PD
X-089,HDM201,MDM2,single,24.799999999999997,36,6.574999999999989,12,21.315789473684212,36,SD-->PD
X-089,"figitumumab""",IGF1R,single,202.5,23,31.57499999999999,12,14.322761194029852,28,PD
X-089,HSP990,HSP90,single,230.2,23,54.125,12,11.250972762645915,38,PD
X-089,LEE011,"CDK4,CDK6,CDK4/6",single,-74.1,66,-44.25555555555556,96,113.92364170337738,124,PR-->-->PD
X-089,LEE011 + everolimus,"CDK4,CDK6,MTOR,CDK4/6",combo,-64.1,67,-18.726315789473688,80,80.0,80,SD
X-089,LJM716,ERBB3,single,-33.5,73,-0.7049999999999983,84,149.0,149,SD-->-->PD
X-089,LJM716 + trastuzumab,"ERBB3,ERBB2",combo,218.0,22,63.67500000000001,11,7.3141592920354,22,PD
X-089,LLM871,FGFR2/4,single,287.3,23,26.5,12,13.149484536082474,28,PD
X-089,binimetinib,"MAP2K1,MAP2K2,MAPK",single,-91.6,126,14.046428571428578,155,16.438127090301002,155,SD
X-089,everolimus,MTOR,single,41.400000000000006,21,14.924999999999995,12,31.86363636363637,105,PD
X-089,trastuzumab,ERBB2,single,100.0,23,26.72499999999999,12,17.30672268907563,41,PD
X-090,BGJ398,FGFR,single,51.19999999999999,21,4.400000000000006,14,28.0,28,PD
X-090,BKM120,"PIK3CA,PIK3CB,PIK3CG,PIK3CD,panPI3K",single,-31.200000000000003,21,-20.47142857142856,21,28.0,28,SD
X-090,BYL719,PIK3CA,single,-58.0,28,-30.46666666666667,28,28.0,28,PR
X-090,BYL719 + HSP990,"PIK3CA,HSP90",combo,-100.0,13,-89.94,48,48.0,48,CR
X-090,BYL719 + LJM716,"PIK3CA,ERBB3,ERBB3,PIK3CA",combo,-28.5,22,-14.450000000000005,43,43.0,43,SD
X-090,CLR457,"PIK3CA,PIK3CB,PIK3CG,PIK3CD,panPI3K",single,9.5,20,14.049999999999995,14,30.0,30,SD
X-090,HDM201,MDM2,single,17.0,21,11.559999999999988,14,28.0,28,SD
X-090,"figitumumab""",IGF1R,single,60.69999999999999,22,-4.260000000000005,15,25.622119815668203,33,PD
X-090,HSP990,HSP90,single,-59.2,28,-28.11111111111111,28,28.0,28,PR
X-090,INC280,MET,single,50.099999999999994,29,-5.0,11,32.0,32,PD
X-090,INC280 + trastuzumab,"ERBB2,MET",combo,-100.0,27,-82.66428571428571,114,158.12,177,CR-->-->PD
X-090,LEE011,"CDK4,CDK6,CDK4/6",single,57.80000000000001,21,31.02000000000001,14,22.83744557329463,28,PD
X-090,LEE011 + everolimus,"CDK4,CDK6,MTOR,CDK4/6",combo,-10.599999999999994,20,-2.549999999999997,20,24.0,24,SD
X-090,LJM716,ERBB3,single,52.5,21,12.525000000000006,11,32.0,32,PD
X-090,LJM716 + trastuzumab,"ERBB3,ERBB2",combo,-75.7,33,-34.09,33,33.0,33,PR
X-090,LLM871,FGFR2/4,single,109.3,22,42.44999999999999,12,15.706720977596742,33,PD
X-090,binimetinib,"MAP2K1,MAP2K2,MAPK",single,-100.0,23,-83.00357142857143,111,111.0,111,CR
X-090,everolimus,MTOR,single,-5.900000000000006,12,-2.6500000000000057,12,33.0,33,SD
X-090,trastuzumab,ERBB2,single,-16.700000000000003,31,-0.5600000000000023,31,31.0,31,SD
X-091,BGJ398,FGFR,single,-36.7,12,-21.0,16,49.19450800915332,74,SD-->PD
X-091,BKM120,"PIK3CA,PIK3CB,PIK3CG,PIK3CD,panPI3K",single,8.099999999999994,16,3.325000000000003,12,88.31138287864535,160,SD-->PD
X-091,BYL719,PIK3CA,single,8.299999999999997,12,8.174999999999997,12,69.54347826086956,109,SD-->PD
X-091,BYL719 + HSP990,"PIK3CA,HSP90",combo,-54.8,51,-24.71052631578948,78,96.0,96,PR-->-->PD
X-091,BYL719 + LJM716,"PIK3CA,ERBB3,ERBB3,PIK3CA",combo,11.200000000000005,16,7.349999999999994,13,46.18220338983051,58,SD-->PD
X-091,CLR457,"PIK3CA,PIK3CB,PIK3CG,PIK3CD,panPI3K",single,-13.400000000000006,65,14.21052631578948,79,79.0,79,SD
X-091,HDM201,MDM2,single,63.099999999999994,21,22.97499999999999,12,25.36015325670498,48,PD
X-091,"figitumumab""",IGF1R,single,-4.799999999999997,13,-4.174999999999997,13,53.02781641168289,69,SD-->PD
X-091,HSP990,HSP90,single,-31.90000000000001,20,-19.200000000000003,24,84.89759036144578,136,SD-->PD
X-091,INC280,MET,single,297.8,22,37.17500000000001,13,13.240944881889764,27,PD
X-091,INC280 + trastuzumab,"ERBB2,MET",combo,16.799999999999997,20,4.640000000000015,15,49.87234042553192,69,SD-->PD
X-091,LEE011,"CDK4,CDK6,CDK4/6",single,36.80000000000001,31,3.2249999999999943,14,52.457364341085274,105,PD
X-091,LEE011 + everolimus,"CDK4,CDK6,MTOR,CDK4/6",combo,89.5,22,58.125,13,11.244575936883628,41,PD
X-091,LJM716,ERBB3,single,-12.299999999999995,14,-6.820000000000007,14,32.0,32,SD-->PD
X-091,LJM716 + trastuzumab,"ERBB3,ERBB2",combo,2.299999999999997,99,3.7750000000000057,15,106.0,106,SD-->PD
X-091,LLM871,FGFR2/4,single,22.0,213,36.42500000000001,13,19.47659574468085,234,PD
X-091,binimetinib,"MAP2K1,MAP2K2,MAPK",single,79.0,22,27.65000000000001,13,25.30188679245283,62,PD
X-091,everolimus,MTOR,single,-31.299999999999997,10,-16.424999999999997,14,42.893569844789354,87,SD-->PD
X-091,trastuzumab,ERBB2,single,40.5,24,24.625,13,45.70718232044199,93,PD
X-091,untreated,"UNKNOWN,Untreated",single,21.299999999999997,12,10.650000000000006,12,49.014084507042256,130,SD-->PD
X-0933,5FU,chemotherapy,single,328.4,20,117.84,20,7.96158256880734,29,PD
X-0933,BKM120,"PIK3CA,PIK3CB,PIK3CG,PIK3CD,panPI3K",single,-27.799999999999997,10,-21.22499999999999,14,62.0,62,SD-->PD
X-0933,BKM120 + LJC049,"panPI3K,TNKS",combo,62.0,21,11.025000000000006,11,27.271356783919597,33,PD
X-0933,BYL719,PIK3CA,single,-55.9,10,-29.58,15,57.22727272727272,72,PR-->PD
X-0933,BYL719 + cetuximab,"PIK3CA,EGFR",combo,75.4,20,40.900000000000006,12,24.3,36,PD
X-0933,BYL719 + cetuximab + encorafenib,"PIK3CA,EGFR,BRAF",combo,-51.5,50,-34.28399999999999,92,102.0,102,PR-->-->PD
X-0933,BYL719 + encorafenib,"PIK3CA,BRAF",combo,-12.700000000000005,21,-11.450000000000005,11,57.0,57,SD-->PD
X-0933,BYL719 + LJM716,"PIK3CA,ERBB3,ERBB3,PIK3CA",combo,-52.1,10,-29.379999999999995,15,45.87596899224806,48,PR-->PD
X-0933,BYL719 + binimetinib,"PIK3CA,MAPK",combo,-48.4,14,-23.94,17,98.0,98,SD-->-->PD
X-0933,cetuximab + encorafenib,"EGFR,BRAF",combo,-37.6,15,-16.25,26,70.97765363128491,72,SD-->PD
X-0933,CGM097,MDM2,single,94.5,22,52.07499999999999,14,22.424382716049383,27,PD
X-0933,CKX620,MAPK,single,-45.0,33,-28.97619047619048,80,98.0,98,SD
X-0933,CLR457,"PIK3CA,PIK3CB,PIK3CG,PIK3CD,panPI3K",single,-33.400000000000006,15,-15.0625,26,91.0,91,SD-->PD
X-0933,HDM201,MDM2,single,345.0,22,28.359999999999985,14,15.168954593453009,27,PD
X-0933,LEE011,"CDK4,CDK6,CDK4/6",single,-2.700000000000003,10,7.674999999999997,14,29.0,29,SD-->PD
X-0933,encorafenib,BRAF,single,22.40000000000001,27,7.399999999999992,11,27.0,27,SD
X-0933,LJC049,TNKS,single,549.0,24,83.70000000000002,11,6.0255564715581205,24,PD
X-0933,LKA136,"NTRK1,NTRK2,NTRK3",single,22.40000000000001,10,3.359999999999985,15,29.0,29,SD-->PD
X-0933,binimetinib,"MAP2K1,MAP2K2,MAPK",single,41.599999999999994,24,32.69999999999999,14,29.0,29,PD
X-0933,untreated,"UNKNOWN,Untreated",single,183.2,21,58.974999999999994,14,9.921156373193169,36,PD
X-0933,LFW527 + binimetinib,"IGF1R,MAP2K1,MAP2K2",combo,-60.0,12,-35.016666666666666,17,17.0,17,PR
X-096,BGJ398,FGFR,single,330.9,21,114.875,13,3.787812840043525,21,PD
X-096,BYL719,PIK3CA,single,-61.7,27,-25.51428571428572,27,27.0,27,PR
X-096,BYL719 + HSP990,"PIK3CA,HSP90",combo,-23.40000000000001,21,17.200000000000003,21,21.0,21,SD
X-096,BYL719 + LJM716,"PIK3CA,ERBB3,ERBB3,PIK3CA",combo,82.19999999999999,21,31.47999999999999,14,24.77142857142857,28,PD
X-096,CLR457,"PIK3CA,PIK3CB,PIK3CG,PIK3CD,panPI3K",single,69.19999999999999,24,33.920000000000016,14,28.0,28,PD
X-096,HDM201,MDM2,single,354.2,17,148.1,13,3.636425186188219,17,PD
X-096,"figitumumab""",IGF1R,single,286.6,24,62.30000000000001,14,11.42528735632184,24,PD
X-096,HSP990,HSP90,single,340.5,17,106.05,13,5.0299884659746255,17,PD
X-096,INC280,MET,single,293.2,17,119.68,14,5.881118881118882,17,PD
X-096,INC280 + trastuzumab,"ERBB2,MET",combo,16.400000000000006,28,25.66666666666667,17,28.0,28,SD
X-096,LEE011,"CDK4,CDK6,CDK4/6",single,-40.3,24,-13.616666666666674,24,24.0,24,SD
X-096,LEE011 + everolimus,"CDK4,CDK6,MTOR,CDK4/6",combo,7.900000000000006,28,17.299999999999997,14,28.0,28,SD
X-096,LJM716,ERBB3,single,-34.0,21,-8.222222222222229,28,28.0,28,SD
X-096,LJM716 + trastuzumab,"ERBB3,ERBB2",combo,34.400000000000006,24,43.344444444444434,28,28.0,28,PD
X-096,LLM871,FGFR2/4,single,-78.9,14,-60.75,24,24.0,24,PR
X-096,binimetinib,"MAP2K1,MAP2K2,MAPK",single,107.1,28,71.84,14,10.238805970149253,28,PD
X-096,everolimus,MTOR,single,-12.0,27,15.328571428571422,27,27.0,27,SD
X-096,trastuzumab,ERBB2,single,-70.8,24,-39.36666666666667,24,24.0,24,PR
X-096,untreated,"UNKNOWN,Untreated",single,251.3,21,77.14000000000001,14,8.483624454148472,28,PD
X-097,BGJ398,FGFR,single,287.4,21,51.78,14,12.093150684931508,28,PD
X-097,BKM120,"PIK3CA,PIK3CB,PIK3CG,PIK3CD,panPI3K",single,64.19999999999999,23,15.174999999999995,11,27.679738562091504,49,PD
X-097,BYL719,PIK3CA,single,-47.5,74,-28.12777777777778,84,110.61739130434782,113,SD-->-->PD
X-097,BYL719 + HSP990,"PIK3CA,HSP90",combo,-58.2,23,-38.46666666666667,27,37.0,37,PR-->PD
X-097,BYL719 + LJM716,"PIK3CA,ERBB3,ERBB3,PIK3CA",combo,1.5999999999999943,13,-2.8499999999999943,13,40.00355871886121,58,SD-->PD
X-097,CLR457,"PIK3CA,PIK3CB,PIK3CG,PIK3CD,panPI3K",single,29.69999999999999,23,29.30000000000001,14,30.0,30,SD
X-097,HDM201,MDM2,single,288.0,23,40.05000000000001,11,12.930599369085174,39,PD
X-097,"figitumumab""",IGF1R,single,285.7,22,72.75999999999999,15,8.391752577319586,26,PD
X-097,HSP990,HSP90,single,42.099999999999994,15,47.80000000000001,15,15.0,15,PD
X-097,INC280,MET,single,357.2,20,87.82500000000002,14,8.22920517560074,27,PD
X-097,INC280 + trastuzumab,"ERBB2,MET",combo,210.0,20,58.32499999999999,12,10.008528784648188,33,PD
X-097,LEE011,"CDK4,CDK6,CDK4/6",single,42.099999999999994,31,21.08,13,31.0,31,PD
X-097,LEE011 + everolimus,"CDK4,CDK6,MTOR,CDK4/6",combo,25.40000000000001,31,28.74000000000001,13,34.0,34,SD
X-097,LJM716,ERBB3,single,219.6,23,52.275000000000006,12,10.56,33,PD
X-097,LJM716 + trastuzumab,"ERBB3,ERBB2",combo,207.1,20,26.65000000000001,12,13.403326403326403,33,PD
X-097,LLM871,FGFR2/4,single,244.9,22,50.375,12,12.174515235457063,22,PD
X-097,binimetinib,"MAP2K1,MAP2K2,MAPK",single,157.39999999999998,27,51.625,14,11.377567140600316,30,PD
X-097,everolimus,MTOR,single,60.400000000000006,26,22.875,12,33.0,33,PD
X-097,trastuzumab,ERBB2,single,137.7,22,44.900000000000006,12,19.046997389033944,40,PD
X-098,BGJ398,FGFR,single,-91.9,71,-23.04705882352941,81,81.0,81,PR
X-098,BKM120,"PIK3CA,PIK3CB,PIK3CG,PIK3CD,panPI3K",single,197.7,32,10.733333333333334,11,23.1981981981982,39,PD
X-098,BYL719,PIK3CA,single,-23.40000000000001,14,-6.700000000000003,14,26.92503536067893,54,SD-->PD
X-098,BYL719 + HSP990,"PIK3CA,HSP90",combo,1.9000000000000057,9,0.9500000000000028,9,9.0,9,SD
X-098,BYL719 + LJM716,"PIK3CA,ERBB3,ERBB3,PIK3CA",combo,69.6,26,34.099999999999994,18,28.471544715447155,67,PD
X-098,CLR457,"PIK3CA,PIK3CB,PIK3CG,PIK3CD,panPI3K",single,104.4,29,39.366666666666674,18,20.31446540880503,60,PD
X-098,HDM201,MDM2,single,104.4,32,19.299999999999997,11,29.904761904761905,81,PD
X-098,"figitumumab""",IGF1R,single,0.4000000000000057,39,34.33333333333334,11,57.47953216374269,75,PD
X-098,HSP990,HSP90,single,117.3,19,14.100000000000009,11,17.333333333333332,19,PD
X-098,INC280,MET,single,341.3,25,62.05000000000001,12,9.042682926829269,36,PD
X-098,INC280 + trastuzumab,"ERBB2,MET",combo,256.5,23,61.06666666666669,13,12.067567567567568,37,PD
X-098,LEE011,"CDK4,CDK6,CDK4/6",single,48.400000000000006,20,28.799999999999983,17,51.0,51,PD
X-098,LEE011 + everolimus,"CDK4,CDK6,MTOR,CDK4/6",combo,-69.4,63,-39.65,67,67.0,67,PR
X-098,LJM716,ERBB3,single,229.9,26,54.56666666666666,18,13.775313404050143,39,PD
X-098,LJM716 + trastuzumab,"ERBB3,ERBB2",combo,134.3,26,24.63333333333333,13,15.940256045519202,51,PD
X-098,LLM871,FGFR2/4,single,266.4,32,19.933333333333337,11,20.826446280991735,61,PD
X-098,binimetinib,"MAP2K1,MAP2K2,MAPK",single,306.1,25,82.80000000000001,12,7.150987224157956,33,PD
X-098,everolimus,MTOR,single,95.0,20,48.19999999999999,12,20.56497175141243,51,PD
X-098,trastuzumab,ERBB2,single,252.7,20,100.26666666666664,12,9.0,37,PD
X-098,untreated,"UNKNOWN,Untreated",single,326.9,25,104.1,12,7.1397515527950315,33,PD
X-0988,LFW527 + binimetinib,"IGF1R,MAP2K1,MAP2K2",combo,14.5,28,24.97999999999999,14,28.0,28,SD-->PD
X-099,BGJ398,FGFR,single,-9.799999999999995,16,-8.25,16,38.36725663716814,68,SD-->PD
X-099,BYL719 + HSP990,"PIK3CA,HSP90",combo,-60.5,27,-38.16,34,37.0,37,PR
X-099,BYL719 + LJM716,"PIK3CA,ERBB3,ERBB3,PIK3CA",combo,-22.90000000000001,9,3.799999999999997,16,24.91176470588235,27,SD-->PD
X-099,CLR457,"PIK3CA,PIK3CB,PIK3CG,PIK3CD,panPI3K",single,152.8,23,60.19999999999999,11,14.567460317460318,31,PD
X-099,HDM201,MDM2,single,65.0,34,10.299999999999995,14,34.0,34,PD
X-099,"figitumumab""",IGF1R,single,-1.0,10,-2.219999999999999,14,39.51082251082251,78,SD-->PD
X-099,HSP990,HSP90,single,0.5,10,2.5799999999999983,14,38.55493482309125,89,SD-->PD
X-099,INC280,MET,single,83.69999999999999,23,49.44999999999999,11,25.0375,38,PD
X-099,INC280 + trastuzumab,"ERBB2,MET",combo,-77.4,34,-46.48461538461538,45,60.0,60,PR-->PD
X-099,LEE011,"CDK4,CDK6,CDK4/6",single,-43.4,17,-29.01428571428572,20,76.47619047619048,107,SD-->PD
X-099,LEE011 + everolimus,"CDK4,CDK6,MTOR,CDK4/6",combo,-42.4,18,-15.200000000000005,27,71.03791469194313,74,SD-->PD
X-099,LJM716,ERBB3,single,115.6,27,35.525000000000006,11,19.17400419287212,45,PD
X-099,LJM716 + trastuzumab,"ERBB3,ERBB2",combo,-80.1,31,-50.05384615384616,45,73.55284552845528,74,PR-->PD
X-099,LLM871,FGFR2/4,single,-21.0,10,-13.939999999999998,14,41.17098445595855,78,SD-->PD
X-099,binimetinib,"MAP2K1,MAP2K2,MAPK",single,-42.2,13,-15.825000000000005,27,51.78458844133099,55,SD-->PD
X-099,trastuzumab,ERBB2,single,-44.2,10,-31.271428571428572,20,44.84796573875803,78,SD-->PD
X-0991,abraxane,Tubulin,single,296.8,12,202.24,12,3.180878552971576,12,PD
X-0991,abraxane + gemcitabine,"Tubulin,chemotherapy",combo,-12.700000000000005,28,17.200000000000003,11,48.0,48,SD
X-0991,BKM120 + LDE225,"panPI3K,SMO",combo,-41.8,42,-13.049999999999995,18,75.07971014492753,95,SD-->PD
X-0991,BKM120 + binimetinib,"panPI3K,MAPK,MAP2K1,MAP2K2,PIK3CA,PIK3CB,PIK3CG,PIK3CD",combo,-52.9,95,-34.099999999999994,95,95.0,95,PR
X-0991,BYL719,PIK3CA,single,-14.900000000000006,13,-7.914285714285711,20,55.45381526104418,105,SD-->PD
X-0991,BYL719 + LJM716,"PIK3CA,ERBB3,ERBB3,PIK3CA",combo,-14.299999999999995,11,-9.342857142857142,21,83.3108108108108,116,SD-->PD
X-0991,CLR457,"PIK3CA,PIK3CB,PIK3CG,PIK3CD,panPI3K",single,-24.299999999999997,17,-13.677777777777775,27,69.0,69,SD-->PD
X-0991,HDM201,MDM2,single,-4.799999999999997,41,14.379999999999995,13,41.0,41,SD
X-0991,"figitumumab""",IGF1R,single,-22.5,25,-5.5,11,56.371134020618555,91,SD-->PD
X-0991,"figitumumab"" + binimetinib","IGF1R,MAPK",combo,-7.400000000000006,18,15.450000000000005,18,34.76190476190476,39,SD-->PD
X-0991,gemcitabine-50mpk,chemotherapy,single,0.7000000000000028,13,-0.9749999999999944,13,93.54430379746836,104,SD-->PD
X-0991,INC424,JAK,single,47.900000000000006,20,18.340000000000003,13,37.0,73,PD
X-0991,INC424 + binimetinib,"JAK,MAPK",combo,-39.2,93,-12.816666666666665,93,93.0,93,SD
X-0991,LEE011,"CDK4,CDK6,CDK4/6",single,-26.40000000000001,77,29.762962962962973,91,91.0,91,SD
X-0991,LKA136,"NTRK1,NTRK2,NTRK3",single,81.4,22,24.075000000000003,15,25.697674418604652,50,PD
X-0991,binimetinib,"MAP2K1,MAP2K2,MAPK",single,-46.7,90,-18.0,119,119.0,119,SD
X-0991,binimetinib-3.5mpk,MAPK,single,-24.200000000000003,78,-10.900000000000006,11,113.0,113,SD-->-->PD
X-0991,untreated,"UNKNOWN,Untreated",single,174.39999999999998,20,19.09999999999999,11,16.598857142857142,44,PD
X-0992,LFW527 + binimetinib,"IGF1R,MAP2K1,MAP2K2",combo,-5.0,73,5.412499999999994,31,90.0,90,SD-->PD
X-1004,BGJ398,FGFR,single,-54.3,12,-28.077777777777783,26,26.0,26,PR
X-1004,BKM120,"PIK3CA,PIK3CB,PIK3CG,PIK3CD,panPI3K",single,64.6,22,23.700000000000003,11,14.860349127182044,27,PD
X-1004,BYL719,PIK3CA,single,20.0,18,9.299999999999995,11,32.32911392405063,42,SD-->PD
X-1004,BYL719 + LEE011,"PIK3CA,CDK4/6",combo,119.0,22,52.55000000000001,11,16.206521739130434,35,PD
X-1004,BYL719 + LJM716,"PIK3CA,ERBB3,ERBB3,PIK3CA",combo,27.700000000000003,25,2.700000000000003,11,28.455197132616487,34,SD-->PD
X-1004,CGM097,MDM2,single,355.1,18,46.33333333333334,11,10.51553672316384,18,PD
X-1004,CLR457,"PIK3CA,PIK3CB,PIK3CG,PIK3CD,panPI3K",single,27.59999999999999,19,5.599999999999994,12,26.588957055214724,47,SD-->PD
X-1004,HDM201,MDM2,single,57.0,22,16.533333333333346,11,26.50214592274678,32,PD
X-1004,INC424,JAK,single,61.099999999999994,21,-2.049999999999997,11,23.481658692185007,35,PD
X-1004,LEE011,"CDK4,CDK6,CDK4/6",single,-15.599999999999994,13,-12.079999999999998,13,48.8,77,SD-->PD
X-1004,LEE011 + everolimus,"CDK4,CDK6,MTOR,CDK4/6",combo,-64.3,52,-44.644444444444446,64,163.0,163,PR-->-->PD
X-1004,LFA102,PRLR ,single,378.5,20,18.27500000000001,13,13.844868735083532,20,PD
X-1004,LJM716,ERBB3,single,28.59999999999999,18,4.033333333333346,11,24.802292263610315,34,SD-->PD
X-1004,LJM716 + trastuzumab,"ERBB3,ERBB2",combo,5.5,13,7.099999999999994,13,26.704918032786885,34,SD-->PD
X-1004,LKA136,"NTRK1,NTRK2,NTRK3",single,58.099999999999994,23,-1.4200000000000017,12,26.246719160104988,33,PD
X-1004,LLM871,FGFR2/4,single,98.7,20,11.524999999999991,13,20.05205205205205,27,PD
X-1004,binimetinib,"MAP2K1,MAP2K2,MAPK",single,77.80000000000001,22,35.19999999999999,11,27.91304347826087,35,PD
X-1004,trastuzumab,ERBB2,single,-18.700000000000003,13,-11.599999999999994,17,31.76095311299001,36,SD-->PD
X-1004,untreated,"UNKNOWN,Untreated",single,241.1,20,43.72500000000002,13,13.614834673815906,29,PD
X-1004,LFW527 + everolimus,"IGF1R,MTOR",combo,-45.9,111,-19.36562499999999,114,153.0,153,SD-->-->PD
X-1008,BGJ398,FGFR,single,57.19999999999999,20,20.320000000000007,17,34.58620689655172,80,PD
X-1008,BKM120,"PIK3CA,PIK3CB,PIK3CG,PIK3CD,panPI3K",single,25.299999999999997,52,10.540000000000006,17,86.75265957446808,87,SD-->PD
X-1008,BYL719,PIK3CA,single,-63.1,88,-30.67916666666666,88,88.0,88,PR
X-1008,BYL719 + LEE011,"PIK3CA,CDK4/6",combo,-35.900000000000006,43,-26.700000000000003,56,95.0,95,SD-->-->PD
X-1008,BYL719 + LJM716,"PIK3CA,ERBB3,ERBB3,PIK3CA",combo,-26.40000000000001,10,-16.760000000000005,13,76.0,97,SD-->PD
X-1008,CGM097,MDM2,single,205.1,21,42.599999999999994,11,9.984806629834257,38,PD
X-1008,CLR457,"PIK3CA,PIK3CB,PIK3CG,PIK3CD,panPI3K",single,-15.0,14,-7.460000000000008,14,61.80434782608695,94,SD-->PD
X-1008,HDM201,MDM2,single,200.5,20,79.02000000000001,17,9.52755905511811,25,PD
X-1008,INC424,JAK,single,55.5,25,6.125,11,32.36305732484077,63,PD
X-1008,LEE011,"CDK4,CDK6,CDK4/6",single,-4.099999999999994,14,-6.075000000000003,11,44.09444444444444,77,SD-->PD
X-1008,LEE011 + everolimus,"CDK4,CDK6,MTOR,CDK4/6",combo,-29.59999999999999,53,-16.446666666666673,56,98.0,98,SD-->-->PD
X-1008,LFA102,PRLR ,single,195.8,20,54.400000000000006,14,13.02676399026764,48,PD
X-1008,LJM716,ERBB3,single,-18.299999999999997,11,-17.950000000000003,11,59.87450980392157,84,SD-->PD
X-1008,LJM716 + trastuzumab,"ERBB3,ERBB2",combo,-78.9,45,-47.41578947368421,62,95.84665226781856,125,PR-->PD
X-1008,LKA136,"NTRK1,NTRK2,NTRK3",single,135.7,21,41.92500000000001,11,16.228571428571428,42,PD
X-1008,LLM871,FGFR2/4,single,192.0,20,73.65,14,9.865800865800866,27,PD
X-1008,binimetinib,"MAP2K1,MAP2K2,MAPK",single,43.099999999999994,21,17.47999999999999,14,29.026315789473685,98,PD
X-1008,trastuzumab,ERBB2,single,133.8,20,44.17500000000001,14,16.72463768115942,41,PD
X-1008,untreated,"UNKNOWN,Untreated",single,102.1,21,20.0,11,20.694174757281555,42,PD
X-1008,LFW527 + everolimus,"IGF1R,MTOR",combo,-37.8,14,-26.92857142857143,21,35.0,35,SD
X-101,BYL719,PIK3CA,single,83.9,22,16.599999999999994,13,27.352331606217614,74,PD
X-101,BYL719 + HSP990,"PIK3CA,HSP90",combo,28.09999999999999,19,18.375,12,21.954794520547942,67,SD-->PD
X-101,BYL719 + LJM716,"PIK3CA,ERBB3,ERBB3,PIK3CA",combo,179.8,21,72.66666666666666,11,8.0,39,PD
X-101,HSP990,HSP90,single,135.3,22,31.75,13,19.979007633587784,57,PD
X-101,LEE011,"CDK4,CDK6,CDK4/6",single,222.8,13,105.0,13,5.5514705882352935,13,PD
X-101,LEE011 + everolimus,"CDK4,CDK6,MTOR,CDK4/6",combo,-10.0,21,0.2571428571428527,21,24.0,24,SD
X-101,LJM716,ERBB3,single,260.2,21,57.099999999999994,11,10.240963855421686,25,PD
X-101,everolimus,MTOR,single,365.7,22,73.375,13,7.782918149466192,33,PD
X-101,untreated,"UNKNOWN,Untreated",single,257.7,21,68.36666666666667,11,9.233449477351916,25,PD
X-102,BGJ398,FGFR,single,-28.799999999999997,11,-20.460000000000008,15,126.18818380743984,142,SD-->PD
X-102,BKM120,"PIK3CA,PIK3CB,PIK3CG,PIK3CD,panPI3K",single,-78.6,41,-55.638461538461534,49,103.75510204081633,125,PR-->PD
X-102,BYL719,PIK3CA,single,-41.2,15,-25.299999999999997,29,134.75103734439833,156,SD-->-->PD
X-102,BYL719 + HSP990,"PIK3CA,HSP90",combo,-24.09999999999999,9,-5.150000000000006,15,44.14248021108179,48,SD-->PD
X-102,BYL719 + LJM716,"PIK3CA,ERBB3,ERBB3,PIK3CA",combo,-69.0,82,-35.15833333333333,99,99.0,99,PR
X-102,CLR457,"PIK3CA,PIK3CB,PIK3CG,PIK3CD,panPI3K",single,-14.400000000000006,14,-8.262500000000003,24,105.01147540983608,155,SD-->PD
X-102,HSP990,HSP90,single,-91.9,117,-45.67619047619048,124,124.0,124,PR
X-102,INC280,MET,single,91.7,22,17.799999999999997,13,18.694444444444446,41,PD
X-102,INC280 + trastuzumab,"ERBB2,MET",combo,76.6,21,30.92500000000001,14,22.653710247349824,32,PD
X-102,LEE011,"CDK4,CDK6,CDK4/6",single,75.4,20,26.700000000000003,15,22.139130434782608,55,PD
X-102,LJM716,ERBB3,single,-32.0,79,1.6260869565217462,98,155.0,155,SD-->-->PD
X-102,LJM716 + trastuzumab,"ERBB3,ERBB2",combo,-100.0,115,-66.38571428571429,115,115.0,115,CR
X-102,LLM871,FGFR2/4,single,9.900000000000006,15,9.25,15,32.53333333333333,71,SD-->PD
X-1027,5FU,chemotherapy,single,640.3,20,184.21999999999997,13,4.918580375782881,20,PD
X-1027,BKM120,"PIK3CA,PIK3CB,PIK3CG,PIK3CD,panPI3K",single,157.2,21,66.01999999999998,14,11.649025069637885,24,PD
X-1027,BKM120 + LJC049,"panPI3K,TNKS",combo,430.7000000000001,17,176.14999999999998,13,7.0,17,PD
X-1027,BYL719,PIK3CA,single,173.2,21,15.025000000000006,11,15.477508650519033,21,PD
X-1027,BYL719 + cetuximab,"PIK3CA,EGFR",combo,120.2,23,19.74000000000001,13,20.657971014492755,31,PD
X-1027,BYL719 + cetuximab + encorafenib,"PIK3CA,EGFR,BRAF",combo,342.9,20,68.84,13,10.063736263736264,22,PD
X-1027,BYL719 + encorafenib,"PIK3CA,BRAF",combo,374.5,17,174.39999999999998,13,7.0,17,PD
X-1027,BYL719 + LJM716,"PIK3CA,ERBB3,ERBB3,PIK3CA",combo,65.6,21,-3.049999999999997,11,21.0,21,PD
X-1027,BYL719 + binimetinib,"PIK3CA,MAPK",combo,168.60000000000002,13,104.125,13,7.0,13,PD
X-1027,cetuximab + encorafenib,"EGFR,BRAF",combo,491.6,20,79.75999999999999,13,8.78095238095238,22,PD
X-1027,CGM097,MDM2,single,348.2,14,169.5,14,3.6632478632478622,14,PD
X-1027,CKX620,MAPK,single,95.8,21,32.95999999999998,14,24.0,24,PD
X-1027,CLR457,"PIK3CA,PIK3CB,PIK3CG,PIK3CD,panPI3K",single,148.5,21,24.24000000000001,14,17.59060402684564,24,PD
X-1027,HDM201,MDM2,single,505.2000000000001,21,156.24,14,4.32027972027972,24,PD
X-1027,LEE011,"CDK4,CDK6,CDK4/6",single,43.0,10,19.549999999999997,10,10.0,10,PD
X-1027,encorafenib,BRAF,single,793.0,21,157.98000000000002,14,5.225721784776903,21,PD
X-1027,LJC049,TNKS,single,284.5,10,126.75,10,4.570200573065902,10,PD
X-1027,LKA136,"NTRK1,NTRK2,NTRK3",single,405.6,14,189.08000000000004,14,3.0,14,PD
X-1027,binimetinib,"MAP2K1,MAP2K2,MAPK",single,63.30000000000001,10,35.80000000000001,10,10.0,10,PD
X-1027,untreated,"UNKNOWN,Untreated",single,470.6,17,187.94,14,3.1666666666666665,17,PD
X-105,BYL719,PIK3CA,single,11.700000000000005,15,9.474999999999994,12,39.0,39,SD-->PD
X-105,BYL719 + HSP990,"PIK3CA,HSP90",combo,-45.4,34,-25.12222222222222,34,34.0,34,SD
X-105,BYL719 + LJM716,"PIK3CA,ERBB3,ERBB3,PIK3CA",combo,59.19999999999999,26,34.866666666666674,13,26.0,26,PD
X-105,HSP990,HSP90,single,14.200000000000005,15,9.474999999999994,12,46.0,46,SD-->PD
X-105,LEE011,"CDK4,CDK6,CDK4/6",single,74.30000000000001,32,21.299999999999997,12,24.946666666666665,46,PD
X-105,LEE011 + everolimus,"CDK4,CDK6,MTOR,CDK4/6",combo,44.900000000000006,23,18.433333333333323,13,34.73134328358209,51,PD
X-105,LJM716,ERBB3,single,-6.099999999999994,19,-0.1333333333333257,13,51.0,51,SD-->PD
X-105,everolimus,MTOR,single,141.2,22,23.875,12,18.492857142857144,40,PD
X-105,untreated,"UNKNOWN,Untreated",single,225.2,23,78.96666666666667,13,10.938071065989847,44,PD
X-1055,5FU,chemotherapy,single,13.700000000000005,26,29.06,12,56.3768115942029,97,SD
X-1055,BKM120,"PIK3CA,PIK3CB,PIK3CG,PIK3CD,panPI3K",single,-8.200000000000003,23,-3.6571428571428584,23,65.0,65,SD-->PD
X-1055,BKM120 + LJC049,"panPI3K,TNKS",combo,-37.9,56,-11.786666666666662,56,56.0,56,SD
X-1055,BYL719,PIK3CA,single,-46.5,10,-30.691666666666663,43,93.0,93,SD-->PD
X-1055,BYL719 + cetuximab,"PIK3CA,EGFR",combo,-59.2,29,-32.95,29,29.0,29,PR
X-1055,BYL719 + cetuximab + encorafenib,"PIK3CA,EGFR,BRAF",combo,-83.7,85,-54.716,86,86.0,86,PR
X-1055,BYL719 + encorafenib,"PIK3CA,BRAF",combo,-35.7,17,-27.049999999999997,20,88.0,88,SD-->PD
X-1055,BYL719 + LJM716,"PIK3CA,ERBB3,ERBB3,PIK3CA",combo,-42.5,31,-22.875,43,49.0,49,SD
X-1055,BYL719 + binimetinib,"PIK3CA,MAPK",combo,-75.1,21,-54.37,35,35.0,35,PR
X-1055,cetuximab + encorafenib,"EGFR,BRAF",combo,-38.0,36,-18.36153846153846,44,82.0,82,SD-->PD
X-1055,CGM097,MDM2,single,2.200000000000003,9,8.75,16,35.0,35,SD-->PD
X-1055,CKX620,MAPK,single,-47.3,31,-21.674999999999997,31,31.0,31,SD
X-1055,CLR457,"PIK3CA,PIK3CB,PIK3CG,PIK3CD,panPI3K",single,-44.9,86,-22.127272727272725,38,93.0,93,SD-->PD
X-1055,HDM201,MDM2,single,82.5,23,18.859999999999985,14,26.613569321533923,35,PD
X-1055,LEE011,"CDK4,CDK6,CDK4/6",single,-28.09999999999999,70,1.6833333333333371,17,84.0,84,SD-->PD
X-1055,encorafenib,BRAF,single,52.900000000000006,24,20.924999999999997,16,28.09825327510917,35,PD
X-1055,LJC049,TNKS,single,6.299999999999997,19,6.075000000000003,12,47.24766977363515,68,SD-->PD
X-1055,LKA136,"NTRK1,NTRK2,NTRK3",single,-13.099999999999994,14,-5.959999999999994,14,25.878942881500425,28,SD-->PD
X-1055,binimetinib,"MAP2K1,MAP2K2,MAPK",single,6.099999999999994,18,11.285714285714292,18,59.1554524361949,95,SD-->PD
X-1055,untreated,"UNKNOWN,Untreated",single,274.1,22,81.875,12,7.120634920634921,33,PD
X-1055,LFW527 + binimetinib,"IGF1R,MAP2K1,MAP2K2",combo,-49.1,20,-30.549999999999997,20,78.89958847736625,91,SD-->PD
X-1119,5FU,chemotherapy,single,-56.8,71,-28.81153846153846,90,90.0,90,PR
X-1119,BKM120,"PIK3CA,PIK3CB,PIK3CG,PIK3CD,panPI3K",single,110.8,20,10.599999999999994,15,19.136,23,PD
X-1119,BKM120 + LJC049,"panPI3K,TNKS",combo,141.8,15,58.275000000000006,13,9.860465116279071,15,PD
X-1119,BYL719,PIK3CA,single,180.9,20,48.05000000000001,13,13.02660753880266,20,PD
X-1119,BYL719 + cetuximab,"PIK3CA,EGFR",combo,165.7,21,18.700000000000003,11,15.570247933884298,28,PD
X-1119,BYL719 + cetuximab + encorafenib,"PIK3CA,EGFR,BRAF",combo,272.7,20,54.099999999999994,13,11.528735632183906,28,PD
X-1119,BYL719 + encorafenib,"PIK3CA,BRAF",combo,245.4,20,62.32499999999999,13,8.712589073634204,20,PD
X-1119,BYL719 + LJM716,"PIK3CA,ERBB3,ERBB3,PIK3CA",combo,219.8,20,17.174999999999997,13,14.588235294117649,20,PD
X-1119,BYL719 + binimetinib,"PIK3CA,MAPK",combo,25.90000000000001,23,16.07499999999999,13,51.0,51,SD
X-1119,cetuximab + encorafenib,"EGFR,BRAF",combo,199.4,21,58.44,15,12.677514792899409,28,PD
X-1119,CGM097,MDM2,single,83.19999999999999,20,33.16,15,21.615384615384617,27,PD
X-1119,CKX620,MAPK,single,35.0,44,22.700000000000003,15,56.0,56,PD
X-1119,CLR457,"PIK3CA,PIK3CB,PIK3CG,PIK3CD,panPI3K",single,80.4,20,9.75,13,21.90291262135922,34,PD
X-1119,HDM201,MDM2,single,74.19999999999999,20,37.56,15,20.846827133479213,23,PD
X-1119,LEE011,"CDK4,CDK6,CDK4/6",single,255.6,24,26.90000000000001,14,13.644110275689224,27,PD
X-1119,encorafenib,BRAF,single,416.9,20,96.57999999999998,15,7.916102841677944,23,PD
X-1119,LJC049,TNKS,single,498.0,20,133.8,15,7.093050647820966,22,PD
X-1119,LKA136,"NTRK1,NTRK2,NTRK3",single,236.6,20,56.25,13,10.736705577172502,20,PD
X-1119,binimetinib,"MAP2K1,MAP2K2,MAPK",single,154.5,27,41.68000000000001,14,17.382624768946396,27,PD
X-1119,untreated,"UNKNOWN,Untreated",single,291.4,21,38.17500000000001,11,10.302973977695167,29,PD
X-1119,LFW527 + binimetinib,"IGF1R,MAP2K1,MAP2K2",combo,47.099999999999994,21,40.01666666666668,17,3.884430176565008,70,PD
X-114,BKM120,"PIK3CA,PIK3CB,PIK3CG,PIK3CD,panPI3K",single,-46.7,28,-29.58888888888889,32,92.8961937716263,93,SD-->PD
X-114,BYL719,PIK3CA,single,-62.4,17,-36.13636363636363,35,96.10555555555555,112,PR-->PD
X-114,BYL719 + HSP990,"PIK3CA,HSP90",combo,-9.599999999999994,10,7.059999999999988,14,75.83720930232558,112,SD-->PD
X-114,BYL719 + LJM716,"PIK3CA,ERBB3,ERBB3,PIK3CA",combo,-15.900000000000006,15,-9.379999999999995,15,60.510791366906474,63,SD-->PD
X-114,CLR457,"PIK3CA,PIK3CB,PIK3CG,PIK3CD,panPI3K",single,-20.200000000000003,15,-16.799999999999997,15,113.25766871165644,124,SD-->PD
X-114,HDM201,MDM2,single,-6.299999999999997,10,0.539999999999992,14,14.0,14,SD
X-114,HSP990,HSP90,single,-42.1,26,-27.90000000000001,26,125.0,125,SD-->-->PD
X-114,INC280,MET,single,129.6,21,36.599999999999994,14,14.717647058823529,41,PD
X-114,INC280 + trastuzumab,"ERBB2,MET",combo,-53.9,89,-1.3419354838709694,130,138.0,138,SD-->PD
X-114,LEE011,"CDK4,CDK6,CDK4/6",single,14.799999999999995,14,13.140000000000017,14,49.76056338028169,104,SD-->PD
X-114,LEE011 + everolimus,"CDK4,CDK6,MTOR,CDK4/6",combo,-21.59999999999999,10,-13.539999999999992,14,92.0,92,SD-->PD
X-114,LJM716,ERBB3,single,-19.0,7,-20.39999999999999,7,7.0,7,SD
X-114,LJM716 + trastuzumab,"ERBB3,ERBB2",combo,-72.6,73,-52.092,94,105.0,105,PR-->-->PD
X-114,LLM871,FGFR2/4,single,-8.299999999999997,10,-7.0,14,27.360230547550433,63,SD-->PD
X-114,binimetinib,"MAP2K1,MAP2K2,MAPK",single,-23.0,16,-7.733333333333334,16,132.0,132,SD-->PD
X-114,everolimus,MTOR,single,31.69999999999999,24,18.72499999999999,11,38.21782178217822,95,SD-->PD
X-114,untreated,"UNKNOWN,Untreated",single,144.1,21,49.32499999999999,12,13.337979094076656,49,PD
X-1156,BGJ398,FGFR,single,427.2000000000001,21,81.24000000000001,13,6.244730679156908,21,PD
X-1156,BKM120,"PIK3CA,PIK3CB,PIK3CG,PIK3CD,panPI3K",single,498.0,20,98.45000000000002,13,4.415611814345992,20,PD
X-1156,BKM120 + binimetinib,"panPI3K,MAPK,MAP2K1,MAP2K2,PIK3CA,PIK3CB,PIK3CG,PIK3CD",combo,179.10000000000002,21,57.0,13,12.44724409448819,34,PD
X-1156,BYL719,PIK3CA,single,136.4,21,63.079999999999984,13,11.19242902208202,31,PD
X-1156,BYL719 + LGH447,"PIK3CA,PIM",combo,131.5,20,29.74000000000001,13,15.4,34,PD
X-1156,BYL719 + LJM716,"PIK3CA,ERBB3,ERBB3,PIK3CA",combo,600.4,20,128.32,13,5.579067990832698,20,PD
X-1156,CGM097,MDM2,single,1014.2,20,138.11999999999998,13,6.391361256544502,20,PD
X-1156,CKX620,MAPK,single,765.2,20,130.64,13,6.235382308845578,20,PD
X-1156,CLR457,"PIK3CA,PIK3CB,PIK3CG,PIK3CD,panPI3K",single,173.39999999999998,21,74.25999999999999,14,10.675642594859244,32,PD
X-1156,HDM201,MDM2,single,650.5,20,112.84,13,5.589743589743589,20,PD
X-1156,HSP990,HSP90,single,402.2,21,57.099999999999994,14,10.865753424657536,24,PD
X-1156,INC280,MET,single,396.8,21,86.69999999999999,14,7.180000000000007,24,PD
X-1156,LCL161 + paclitaxel,"BIRC2,TUBB,Tubulin",combo,292.5,21,99.16,14,6.755766621438264,31,PD
X-1156,LEE011,"CDK4,CDK6,CDK4/6",single,141.1,27,76.75999999999999,13,7.124528301886792,41,PD
X-1156,LGH447,PIM,single,701.0,20,128.58,13,5.100436681222707,20,PD
X-1156,LLM871,FGFR2/4,single,513.4,21,114.92,14,7.436974789915967,24,PD
X-1156,binimetinib,"MAP2K1,MAP2K2,MAPK",single,170.0,21,57.099999999999994,14,15.93491124260355,46,PD
X-1156,untreated,"UNKNOWN,Untreated",single,832.6,20,135.825,13,4.542908762420957,20,PD
X-1156,LFW527 + binimetinib,"IGF1R,MAP2K1,MAP2K2",combo,98.8,21,16.150000000000006,11,14.00890868596882,30,PD
X-1167,5FU,chemotherapy,single,12.799999999999995,66,23.52857142857144,20,105.0,105,SD-->-->PD
X-1167,BKM120,"PIK3CA,PIK3CB,PIK3CG,PIK3CD,panPI3K",single,-13.799999999999995,17,-8.799999999999997,17,33.67197875166003,43,SD-->PD
X-1167,BKM120 + LJC049,"panPI3K,TNKS",combo,418.7000000000001,21,116.425,14,8.159366262814538,32,PD
X-1167,BYL719,PIK3CA,single,365.3,21,27.674999999999997,11,11.95668202764977,29,PD
X-1167,BYL719 + cetuximab,"PIK3CA,EGFR",combo,335.2,21,45.19999999999999,12,12.11232349165597,28,PD
X-1167,BYL719 + cetuximab + encorafenib,"PIK3CA,EGFR,BRAF",combo,-1.2999999999999972,11,-0.5,11,37.0,37,SD-->PD
X-1167,BYL719 + encorafenib,"PIK3CA,BRAF",combo,185.0,21,81.68,12,6.4413793103448285,33,PD
X-1167,BYL719 + LJM716,"PIK3CA,ERBB3,ERBB3,PIK3CA",combo,130.2,21,10.525000000000006,11,18.560581583198708,29,PD
X-1167,BYL719 + binimetinib,"PIK3CA,MAPK",combo,-48.2,14,-28.84285714285714,25,56.0,56,SD-->PD
X-1167,cetuximab + encorafenib,"EGFR,BRAF",combo,82.69999999999999,21,59.25,13,11.948275862068966,27,PD
X-1167,CGM097,MDM2,single,113.8,21,10.974999999999994,11,19.935185185185183,29,PD
X-1167,CKX620,MAPK,single,-6.0,9,-5.239999999999995,14,43.0,43,SD-->PD
X-1167,CLR457,"PIK3CA,PIK3CB,PIK3CG,PIK3CD,panPI3K",single,208.8,24,23.27499999999999,11,19.13851653261841,32,PD
X-1167,HDM201,MDM2,single,93.6,20,-17.22,14,22.312500000000004,35,PD
X-1167,LEE011,"CDK4,CDK6,CDK4/6",single,139.0,20,30.0,14,14.655629139072849,35,PD
X-1167,encorafenib,BRAF,single,305.6,24,12.825000000000005,14,16.892307692307693,32,PD
X-1167,LJC049,TNKS,single,430.2000000000001,17,132.4,11,4.113300492610837,17,PD
X-1167,LKA136,"NTRK1,NTRK2,NTRK3",single,569.5,24,52.474999999999994,11,8.472947167409295,24,PD
X-1167,binimetinib,"MAP2K1,MAP2K2,MAPK",single,136.8,20,39.099999999999994,14,15.066202090592334,35,PD
X-1167,untreated,"UNKNOWN,Untreated",single,102.9,20,20.174999999999997,12,19.46691176470588,36,PD
X-1167,LFW527 + binimetinib,"IGF1R,MAP2K1,MAP2K2",combo,21.5,18,39.04000000000002,12,14.907180385288967,29,PD
X-1172,BGJ398,FGFR,single,102.4,21,48.5,11,9.072407045009784,27,PD
X-1172,BKM120,"PIK3CA,PIK3CB,PIK3CG,PIK3CD,panPI3K",single,-71.9,22,-60.628571428571426,43,84.66504854368932,90,PR-->PD
X-1172,BKM120 + binimetinib,"panPI3K,MAPK,MAP2K1,MAP2K2,PIK3CA,PIK3CB,PIK3CG,PIK3CD",combo,-48.1,15,-38.25,15,65.63692307692308,90,SD-->PD
X-1172,BYL719,PIK3CA,single,93.4,26,-16.92,12,26.34797891036907,29,PD
X-1172,BYL719 + LGH447,"PIK3CA,PIM",combo,28.59999999999999,22,-12.099999999999994,12,29.48592592592593,42,SD-->PD
X-1172,BYL719 + LJM716,"PIK3CA,ERBB3,ERBB3,PIK3CA",combo,149.4,22,18.659999999999997,12,14.379888268156424,28,PD
X-1172,CGM097,MDM2,single,259.3,14,56.04000000000002,12,7.350223546944858,14,PD
X-1172,CKX620,MAPK,single,-30.200000000000003,32,11.120000000000005,32,40.679329608938545,75,SD-->PD
X-1172,CLR457,"PIK3CA,PIK3CB,PIK3CG,PIK3CD,panPI3K",single,281.5,21,14.540000000000006,12,15.76247207743857,21,PD
X-1172,HDM201,MDM2,single,-8.200000000000003,10,-18.760000000000005,13,26.14828897338403,33,SD-->PD
X-1172,HSP990,HSP90,single,-5.5,11,-4.0,11,28.0,28,SD-->PD
X-1172,INC280,MET,single,234.4,14,50.859999999999985,12,8.523066485753052,14,PD
X-1172,LCL161 + paclitaxel,"BIRC2,TUBB,Tubulin",combo,-97.7,95,-53.43214285714286,95,95.0,95,CR
X-1172,LEE011,"CDK4,CDK6,CDK4/6",single,-11.700000000000005,33,-21.97999999999999,12,70.94957983193278,117,SD-->PD
X-1172,LGH447,PIM,single,278.1,20,34.81999999999999,11,10.501404494382022,20,PD
X-1172,LLM871,FGFR2/4,single,209.9,13,53.025000000000006,11,8.225866916588567,13,PD
X-1172,binimetinib,"MAP2K1,MAP2K2,MAPK",single,-53.4,15,-29.460000000000008,29,76.0,76,PR-->PD
X-1172,untreated,"UNKNOWN,Untreated",single,357.7,14,142.54000000000002,12,2.0,14,PD
X-1172,LFW527 + binimetinib,"IGF1R,MAP2K1,MAP2K2",combo,-44.8,10,-32.239999999999995,13,122.0062630480167,173,SD-->PD
X-1173,5FU,chemotherapy,single,-36.9,71,-4.938461538461539,90,90.0,90,SD
X-1173,BKM120,"PIK3CA,PIK3CB,PIK3CG,PIK3CD,panPI3K",single,-51.6,13,-25.64999999999999,15,62.0,62,PR-->PD
X-1173,BKM120 + LJC049,"panPI3K,TNKS",combo,24.0,17,16.459999999999994,14,20.632887189292543,22,SD-->PD
X-1173,BYL719,PIK3CA,single,158.89999999999998,22,37.599999999999994,13,14.111111111111112,22,PD
X-1173,BYL719 + cetuximab,"PIK3CA,EGFR",combo,157.2,21,31.84999999999999,15,16.46350832266325,28,PD
X-1173,BYL719 + cetuximab + encorafenib,"PIK3CA,EGFR,BRAF",combo,72.0,21,19.40000000000001,15,24.741379310344826,49,PD
X-1173,BYL719 + encorafenib,"PIK3CA,BRAF",combo,-27.40000000000001,14,-9.599999999999994,14,42.53652392947103,43,SD-->PD
X-1173,BYL719 + LJM716,"PIK3CA,ERBB3,ERBB3,PIK3CA",combo,-34.099999999999994,18,-24.990909090909085,35,53.0,53,SD-->PD
X-1173,BYL719 + binimetinib,"PIK3CA,MAPK",combo,-61.8,14,-44.8,43,98.0,98,PR-->-->PD
X-1173,cetuximab + encorafenib,"EGFR,BRAF",combo,239.8,21,72.52000000000001,15,9.128865979381445,28,PD
X-1173,CGM097,MDM2,single,315.2,24,40.025000000000006,11,11.137096774193548,24,PD
X-1173,CKX620,MAPK,single,65.0,22,51.25,14,11.778611632270168,22,PD
X-1173,CLR457,"PIK3CA,PIK3CB,PIK3CG,PIK3CD,panPI3K",single,-39.4,17,-29.58571428571429,22,90.0,90,SD-->PD
X-1173,HDM201,MDM2,single,80.9,24,8.349999999999994,11,20.816901408450704,24,PD
X-1173,LEE011,"CDK4,CDK6,CDK4/6",single,178.39999999999998,24,67.275,11,8.104046242774565,24,PD
X-1173,encorafenib,BRAF,single,730.5,24,82.19999999999999,11,6.224387177875549,24,PD
X-1173,LJC049,TNKS,single,854.7,17,35.67500000000001,11,10.188494492044065,17,PD
X-1173,LKA136,"NTRK1,NTRK2,NTRK3",single,957.1,15,231.25,11,3.0,15,PD
X-1173,binimetinib,"MAP2K1,MAP2K2,MAPK",single,81.0,29,12.224999999999994,11,20.71747211895911,29,PD
X-1173,untreated,"UNKNOWN,Untreated",single,300.0,21,66.14000000000001,13,11.1413881748072,30,PD
X-118,BGJ398,FGFR,single,565.5,18,135.6,11,5.104897418927862,18,PD
X-118,BKM120,"PIK3CA,PIK3CB,PIK3CG,PIK3CD,panPI3K",single,145.3,21,33.633333333333326,11,13.647826086956524,52,PD
X-118,BYL719,PIK3CA,single,121.0,21,45.84,14,18.439024390243905,41,PD
X-118,BYL719 + HSP990,"PIK3CA,HSP90",combo,94.5,22,27.27500000000001,12,22.445344129554655,53,PD
X-118,BYL719 + LJM716,"PIK3CA,ERBB3,ERBB3,PIK3CA",combo,82.0,22,15.25,12,22.98495212038304,60,PD
X-118,CLR457,"PIK3CA,PIK3CB,PIK3CG,PIK3CD,panPI3K",single,186.3,22,38.275000000000006,12,12.93273542600897,33,PD
X-118,HDM201,MDM2,single,284.4,14,177.39999999999998,14,7.0,14,PD
X-118,"figitumumab""",IGF1R,single,382.7,14,180.05,14,7.0,14,PD
X-118,HSP990,HSP90,single,442.7999999999999,21,131.4,14,7.361563517915309,21,PD
X-118,INC280,MET,single,535.9,22,66.55000000000001,11,9.153846153846152,22,PD
X-118,INC280 + trastuzumab,"ERBB2,MET",combo,305.1,22,69.225,15,9.645208485735186,26,PD
X-118,LEE011,"CDK4,CDK6,CDK4/6",single,387.9,18,116.56666666666668,11,5.099862574438846,18,PD
X-118,LEE011 + everolimus,"CDK4,CDK6,MTOR,CDK4/6",combo,56.900000000000006,53,53.525000000000006,12,28.394736842105264,60,PD
X-118,LJM716,ERBB3,single,553.6,22,153.35,11,3.1400862068965516,22,PD
X-118,LJM716 + trastuzumab,"ERBB3,ERBB2",combo,-86.8,92,-31.147368421052633,154,20.24347826086957,154,PR-->PD
X-118,LLM871,FGFR2/4,single,456.1,21,112.92,14,7.110552763819095,21,PD
X-118,binimetinib,"MAP2K1,MAP2K2,MAPK",single,74.1,26,42.640000000000015,15,31.051948051948052,70,PD
X-118,everolimus,MTOR,single,102.2,21,23.433333333333337,11,20.500000000000004,52,PD
X-118,trastuzumab,ERBB2,single,254.7,14,151.52499999999998,14,7.0,14,PD
X-1189,BGJ398,FGFR,single,136.0,16,37.69999999999999,11,10.356435643564357,16,PD
X-1189,BKM120,"PIK3CA,PIK3CB,PIK3CG,PIK3CD,panPI3K",single,-100.0,48,-69.67941176470588,122,122.0,122,CR
X-1189,BKM120 + binimetinib,"panPI3K,MAPK,MAP2K1,MAP2K2,PIK3CA,PIK3CB,PIK3CG,PIK3CD",combo,-28.59999999999999,119,37.650000000000006,18,10.294444444444444,121,PD
X-1189,BYL719,PIK3CA,single,242.0,21,37.67500000000001,11,9.881656804733726,25,PD
X-1189,BYL719 + LGH447,"PIK3CA,PIM",combo,-100.0,31,-80.45757575757575,119,119.0,119,CR
X-1189,BYL719 + LJM716,"PIK3CA,ERBB3,ERBB3,PIK3CA",combo,-100.0,31,-76.27272727272728,119,7.233687405159333,119,CR
X-1189,CGM097,MDM2,single,-100.0,59,-50.13235294117647,122,122.0,122,CR-->PD
X-1189,CKX620,MAPK,single,7.400000000000006,18,25.875,11,33.93877551020408,34,SD-->PD
X-1189,CLR457,"PIK3CA,PIK3CB,PIK3CG,PIK3CD,panPI3K",single,-91.9,118,-19.950000000000003,124,18.574833174451857,124,SD-->PD
X-1189,HDM201,MDM2,single,-34.400000000000006,59,21.674999999999997,11,20.68069306930693,61,SD
X-1189,HSP990,HSP90,single,-45.4,40,-14.36,16,43.0,43,SD-->PD
X-1189,INC280,MET,single,290.4,11,81.64999999999998,11,7.1504245855236555,11,PD
X-1189,LCL161 + paclitaxel,"BIRC2,TUBB,Tubulin",combo,-100.0,17,-89.69259259259259,97,97.0,97,CR
X-1189,LEE011,"CDK4,CDK6,CDK4/6",single,-100.0,52,-13.147058823529406,122,3.0,122,SD
X-1189,LGH447,PIM,single,365.9,19,30.32499999999999,11,9.513898788310762,19,PD
X-1189,LLM871,FGFR2/4,single,197.2,20,64.4,14,7.461148648648648,29,PD
X-1189,binimetinib,"MAP2K1,MAP2K2,MAPK",single,306.1,21,6.099999999999994,11,11.733273862622658,25,PD
X-1189,untreated,"UNKNOWN,Untreated",single,-45.2,34,-10.849999999999994,39,39.0,39,SD
X-119,BGJ398,FGFR,single,-100.0,35,-86.50434782608696,78,78.0,78,CR
X-119,BKM120,"PIK3CA,PIK3CB,PIK3CG,PIK3CD,panPI3K",single,42.5,25,25.200000000000003,11,32.0,32,PD
X-119,BYL719,PIK3CA,single,0.7999999999999972,14,1.1799999999999926,14,32.0,32,SD-->PD
X-119,BYL719 + HSP990,"PIK3CA,HSP90",combo,19.799999999999997,9,20.840000000000003,13,30.0,30,SD
X-119,BYL719 + LJM716,"PIK3CA,ERBB3,ERBB3,PIK3CA",combo,207.0,20,57.900000000000006,13,12.08869179600887,20,PD
X-119,CLR457,"PIK3CA,PIK3CB,PIK3CG,PIK3CD,panPI3K",single,65.69999999999999,23,46.68000000000001,13,10.70093457943925,37,PD
X-119,HDM201,MDM2,single,-31.09999999999999,11,-13.700000000000005,14,27.12041884816754,32,SD-->PD
X-119,"figitumumab""",IGF1R,single,378.3,18,131.5,11,4.0,18,PD
X-119,HSP990,HSP90,single,-44.9,14,-26.299999999999997,14,32.0,32,SD
X-119,INC280,MET,single,104.4,20,29.90000000000001,13,16.72941176470588,25,PD
X-119,INC280 + trastuzumab,"ERBB2,MET",combo,265.5,20,102.44,13,6.296446700507615,31,PD
X-119,LEE011,"CDK4,CDK6,CDK4/6",single,280.3,18,82.0,11,6.8138297872340425,18,PD
X-119,LEE011 + everolimus,"CDK4,CDK6,MTOR,CDK4/6",combo,-19.90000000000001,24,-10.424999999999995,24,24.0,24,SD
X-119,LJM716,ERBB3,single,-26.40000000000001,9,-21.320000000000007,13,24.12079701120797,42,SD-->PD
X-119,LJM716 + trastuzumab,"ERBB3,ERBB2",combo,644.4,17,160.675,13,3.627930682976554,17,PD
X-119,LLM871,FGFR2/4,single,-100.0,28,-93.08,320,320.0,320,CR
X-119,binimetinib,"MAP2K1,MAP2K2,MAPK",single,6.299999999999997,9,8.059999999999988,15,29.46119235095613,48,SD-->PD
X-119,everolimus,MTOR,single,11.200000000000005,12,8.700000000000003,12,33.0,33,SD
X-119,trastuzumab,ERBB2,single,357.1,18,57.375,11,12.049586776859504,18,PD
X-1199,abraxane,Tubulin,single,199.5,29,58.900000000000006,12,7.158745247148289,29,PD
X-1199,abraxane + gemcitabine,"Tubulin,chemotherapy",combo,12.700000000000005,97,39.400000000000006,13,97.0,97,PD
X-1199,BKM120,"PIK3CA,PIK3CB,PIK3CG,PIK3CD,panPI3K",single,-0.4000000000000057,11,0.7249999999999943,11,34.0,34,SD
X-1199,BKM120 + LDE225,"panPI3K,SMO",combo,-34.0,32,10.336363636363645,35,35.0,35,SD
X-1199,BKM120 + binimetinib,"panPI3K,MAPK,MAP2K1,MAP2K2,PIK3CA,PIK3CB,PIK3CG,PIK3CD",combo,-66.4,39,-34.78333333333333,63,63.0,63,PR
X-1199,BYL719,PIK3CA,single,45.599999999999994,22,16.049999999999997,12,46.0,46,PD
X-1199,BYL719 + LJM716,"PIK3CA,ERBB3,ERBB3,PIK3CA",combo,-4.400000000000006,33,2.200000000000003,12,46.0,46,SD
X-1199,CLR457,"PIK3CA,PIK3CB,PIK3CG,PIK3CD,panPI3K",single,74.9,24,33.72,13,34.0,34,PD
X-1199,"figitumumab""",IGF1R,single,258.6,23,186.9,12,3.245136186770428,27,PD
X-1199,"figitumumab"" + binimetinib","IGF1R,MAPK",combo,-30.700000000000003,18,14.149999999999991,18,39.0,39,SD-->PD
X-1199,gemcitabine-50mpk,chemotherapy,single,15.099999999999994,74,20.55000000000001,11,90.28951048951048,101,SD
X-1199,INC424,JAK,single,-19.200000000000003,14,-16.316666666666663,19,29.027422303473493,60,SD-->PD
X-1199,INC424 + binimetinib,"JAK,MAPK",combo,-29.700000000000003,34,-5.700000000000003,34,34.0,34,SD
X-1199,LEE011,"CDK4,CDK6,CDK4/6",single,-35.8,74,1.0347826086956644,81,81.0,81,SD
X-1199,WNT974,PORCN,single,9.299999999999995,89,-2.8799999999999955,12,106.0,106,SD-->PD
X-1199,LKA136,"NTRK1,NTRK2,NTRK3",single,12.700000000000005,32,23.5,14,42.8004987531172,60,SD
X-1199,binimetinib,"MAP2K1,MAP2K2,MAPK",single,-88.4,48,-60.42666666666666,51,51.0,51,PR
X-1199,binimetinib-3.5mpk,MAPK,single,-43.7,44,-11.078571428571422,96,96.0,96,SD
X-1199,untreated,"UNKNOWN,Untreated",single,23.5,27,15.799999999999995,14,47.85766423357664,70,SD-->PD
X-1210,LFW527 + binimetinib,"IGF1R,MAP2K1,MAP2K2",combo,379.0,17,146.9,13,5.310107948969578,17,PD
X-1228,BGJ398,FGFR,single,-33.400000000000006,19,-31.566666666666663,19,41.0,41,SD-->PD
X-1228,BKM120,"PIK3CA,PIK3CB,PIK3CG,PIK3CD,panPI3K",single,-82.8,87,-69.41081081081082,131,131.0,131,PR
X-1228,BKM120 + binimetinib,"panPI3K,MAPK,MAP2K1,MAP2K2,PIK3CA,PIK3CB,PIK3CG,PIK3CD",combo,-100.0,121,-86.23846153846154,140,140.0,140,CR
X-1228,BYL719,PIK3CA,single,-62.7,12,-43.31333333333334,51,146.80511182108626,147,PR-->-->PD
X-1228,BYL719 + LGH447,"PIK3CA,PIM",combo,-100.0,15,-96.23076923076924,140,140.0,140,CR
X-1228,BYL719 + LJM716,"PIK3CA,ERBB3,ERBB3,PIK3CA",combo,-63.5,12,-42.35,19,70.37362637362638,83,PR-->PD
X-1228,CGM097,MDM2,single,146.6,23,-10.700000000000005,12,18.908196721311477,28,PD
X-1228,CKX620,MAPK,single,-100.0,28,-85.56666666666666,73,73.0,73,CR
X-1228,CLR457,"PIK3CA,PIK3CB,PIK3CG,PIK3CD,panPI3K",single,-48.0,12,-40.879999999999995,15,50.2488038277512,55,SD-->PD
X-1228,HDM201,MDM2,single,20.0,15,3.4599999999999937,15,32.888888888888886,45,SD-->PD
X-1228,HSP990,HSP90,single,-42.5,19,-24.40714285714286,47,91.0,91,SD-->-->PD
X-1228,INC280,MET,single,91.9,20,-12.325000000000005,12,20.2682119205298,28,PD
X-1228,LCL161 + paclitaxel,"BIRC2,TUBB,Tubulin",combo,-48.7,19,-21.692307692307693,43,100.8760133524082,119,SD-->PD
X-1228,LEE011,"CDK4,CDK6,CDK4/6",single,1.9000000000000057,13,-7.849999999999994,11,27.832797427652732,46,SD-->PD
X-1228,LGH447,PIM,single,-25.700000000000003,13,-25.120000000000005,13,39.60325406758448,61,SD-->PD
X-1228,LLM871,FGFR2/4,single,-69.9,11,-53.22,15,68.19068736141907,75,PR-->PD
X-1228,binimetinib,"MAP2K1,MAP2K2,MAPK",single,75.9,22,-2.174999999999997,12,18.39735894357743,28,PD
X-1228,untreated,"UNKNOWN,Untreated",single,99.1,20,52.150000000000006,11,20.136363636363637,39,PD
X-1228,LFW527 + binimetinib,"IGF1R,MAP2K1,MAP2K2",combo,-26.90000000000001,9,-19.960000000000008,13,31.568141592920355,90,SD-->PD
X-1234,LFW527 + binimetinib,"IGF1R,MAP2K1,MAP2K2",combo,170.89999999999998,23,17.92,12,19.09366391184573,41,PD
X-1256,LFW527 + binimetinib,"IGF1R,MAP2K1,MAP2K2",combo,146.4,20,37.920000000000016,12,13.627634660421544,26,PD
X-127,BGJ398,FGFR,single,-100.0,13,-96.78518518518518,248,248.0,248,CR
X-127,BKM120,"PIK3CA,PIK3CB,PIK3CG,PIK3CD,panPI3K",single,-100.0,76,-87.28888888888889,334,334.0,334,CR
X-127,BYL719,PIK3CA,single,-16.0,17,-7.0,17,31.0,31,SD-->PD
X-127,BYL719 + HSP990,"PIK3CA,HSP90",combo,-8.599999999999994,23,7.674999999999997,23,30.0,30,SD-->PD
X-127,BYL719 + LJM716,"PIK3CA,ERBB3,ERBB3,PIK3CA",combo,10.299999999999995,29,25.84999999999999,12,33.0,33,SD
X-127,CLR457,"PIK3CA,PIK3CB,PIK3CG,PIK3CD,panPI3K",single,-39.6,20,-19.766666666666666,33,33.0,33,SD
X-127,HDM201,MDM2,single,-100.0,34,-61.083333333333336,38,38.0,38,CR
X-127,"figitumumab""",IGF1R,single,-7.900000000000006,22,14.140000000000017,12,29.131147540983605,33,SD-->PD
X-127,HSP990,HSP90,single,-64.3,10,-36.86666666666666,27,38.0,38,PR-->PD
X-127,INC280,MET,single,152.0,20,28.5,12,16.31205673758865,33,PD
X-127,INC280 + trastuzumab,"ERBB2,MET",combo,164.10000000000002,20,54.30000000000001,12,12.28021978021978,33,PD
X-127,LEE011,"CDK4,CDK6,CDK4/6",single,-15.799999999999995,10,-2.4833333333333343,17,31.0,31,SD
X-127,LEE011 + everolimus,"CDK4,CDK6,MTOR,CDK4/6",combo,93.0,26,81.29999999999998,11,8.226305609284333,49,PD
X-127,LJM716,ERBB3,single,79.80000000000001,23,45.650000000000006,12,24.73142857142857,33,PD
X-127,LJM716 + trastuzumab,"ERBB3,ERBB2",combo,120.7,20,31.17500000000001,12,17.339331619537276,33,PD
X-127,LLM871,FGFR2/4,single,-100.0,19,-95.48196721311476,329,329.0,329,CR
X-127,binimetinib,"MAP2K1,MAP2K2,MAPK",single,-100.0,20,-87.25666666666666,119,119.0,119,CR
X-127,everolimus,MTOR,single,-32.2,40,-15.07142857142857,47,54.0,54,SD-->PD
X-127,trastuzumab,ERBB2,single,4.0,12,4.049999999999997,12,33.0,33,SD-->PD
X-1270,5FU,chemotherapy,single,150.8,23,64.875,12,10.98936170212766,23,PD
X-1270,BKM120,"PIK3CA,PIK3CB,PIK3CG,PIK3CD,panPI3K",single,381.3,21,118.51999999999998,14,6.462264150943397,21,PD
X-1270,BKM120 + LJC049,"panPI3K,TNKS",combo,-9.700000000000005,10,1.8200000000000072,13,43.0,43,SD-->PD
X-1270,BYL719,PIK3CA,single,-9.099999999999994,22,-3.214285714285708,22,66.0,66,SD-->PD
X-1270,BYL719 + cetuximab,"PIK3CA,EGFR",combo,61.69999999999999,23,19.77500000000001,13,37.0,37,PD
X-1270,BYL719 + cetuximab + encorafenib,"PIK3CA,EGFR,BRAF",combo,101.8,21,26.47499999999999,11,17.0,41,PD
X-1270,BYL719 + encorafenib,"PIK3CA,BRAF",combo,184.2,24,72.32,13,10.513761467889909,27,PD
X-1270,BYL719 + LJM716,"PIK3CA,ERBB3,ERBB3,PIK3CA",combo,65.6,27,10.199999999999989,12,28.271719038817007,43,PD
X-1270,BYL719 + binimetinib,"PIK3CA,MAPK",combo,-23.5,21,-8.929999999999993,31,87.0,87,SD-->PD
X-1270,cetuximab + encorafenib,"EGFR,BRAF",combo,174.3,21,66.55000000000001,11,11.0,35,PD
X-1270,CGM097,MDM2,single,573.0,21,119.95999999999998,14,6.747628083491461,21,PD
X-1270,CKX620,MAPK,single,28.19999999999999,35,-6.739999999999995,14,39.0,39,SD-->PD
X-1270,CLR457,"PIK3CA,PIK3CB,PIK3CG,PIK3CD,panPI3K",single,19.09999999999999,18,14.799999999999995,12,62.1578947368421,66,SD-->PD
X-1270,HDM201,MDM2,single,489.2000000000001,21,136.51999999999998,14,5.502369668246446,21,PD
X-1270,LEE011,"CDK4,CDK6,CDK4/6",single,45.30000000000001,20,11.75,12,30.715775749674055,33,PD
X-1270,encorafenib,BRAF,single,130.3,21,33.06,14,16.729903536977492,27,PD
X-1270,LJC049,TNKS,single,-22.40000000000001,39,18.13333333333334,53,53.0,53,SD-->PD
X-1270,LKA136,"NTRK1,NTRK2,NTRK3",single,379.0,24,50.92499999999998,11,9.457777777777778,24,PD
X-1270,binimetinib,"MAP2K1,MAP2K2,MAPK",single,94.2,9,61.599999999999994,9,9.0,9,PD
X-1270,untreated,"UNKNOWN,Untreated",single,25.59999999999999,18,16.466666666666654,14,25.974554707379134,56,SD-->PD
X-128,BGJ398,FGFR,single,145.1,22,28.200000000000017,12,16.05882352941176,26,PD
X-128,BKM120,"PIK3CA,PIK3CB,PIK3CG,PIK3CD,panPI3K",single,-100.0,32,-87.11363636363636,98,140.50588235294117,156,CR-->-->PD
X-128,BYL719,PIK3CA,single,-59.3,51,-49.57333333333334,61,112.76565656565656,138,PR-->-->PD
X-128,BYL719 + HSP990,"PIK3CA,HSP90",combo,-57.7,43,-19.93125000000001,58,92.656914893617,104,SD-->PD
X-128,BYL719 + LJM716,"PIK3CA,ERBB3,ERBB3,PIK3CA",combo,-82.7,37,-64.75384615384615,52,143.6740331491713,154,PR-->-->PD
X-128,CLR457,"PIK3CA,PIK3CB,PIK3CG,PIK3CD,panPI3K",single,90.8,23,34.02000000000001,13,24.755725190839694,42,PD
X-128,HDM201,MDM2,single,25.0,22,23.950000000000003,11,30.597701149425287,32,SD
X-128,"figitumumab""",IGF1R,single,204.4,20,31.95999999999998,13,14.824561403508772,24,PD
X-128,HSP990,HSP90,single,-62.4,50,-32.14615384615385,50,50.0,50,PR
X-128,INC280,MET,single,184.5,22,50.81999999999999,12,11.975193798449611,33,PD
X-128,INC280 + trastuzumab,"ERBB2,MET",combo,46.19999999999999,22,32.120000000000005,15,29.622673434856175,33,PD
X-128,LEE011,"CDK4,CDK6,CDK4/6",single,51.80000000000001,24,33.75999999999999,13,31.0,31,PD
X-128,LEE011 + everolimus,"CDK4,CDK6,MTOR,CDK4/6",combo,-60.3,41,-41.62307692307692,52,131.39423076923077,161,PR-->-->PD
X-128,LJM716,ERBB3,single,168.2,33,68.25999999999999,12,6.953395472703063,33,PD
X-128,LJM716 + trastuzumab,"ERBB3,ERBB2",combo,-46.4,26,-12.875,36,47.0,47,SD-->PD
X-128,LLM871,FGFR2/4,single,132.2,24,21.09999999999999,13,16.90931989924433,31,PD
X-128,binimetinib,"MAP2K1,MAP2K2,MAPK",single,-68.3,26,-41.54,50,96.37841726618706,104,PR-->PD
X-128,everolimus,MTOR,single,1.2000000000000028,18,5.183333333333337,18,32.0,32,SD-->PD
X-128,trastuzumab,ERBB2,single,255.2,22,47.125,12,13.6271186440678,26,PD
X-1286,BGJ398,FGFR,single,210.0,21,45.25,14,14.181640625,41,PD
X-1286,BKM120,"PIK3CA,PIK3CB,PIK3CG,PIK3CD,panPI3K",single,-49.5,144,-19.268292682926827,144,144.0,144,SD
X-1286,BYL719,PIK3CA,single,45.099999999999994,21,11.924999999999995,11,34.573964497041416,60,PD
X-1286,BYL719 + LEE011,"PIK3CA,CDK4/6",combo,-37.0,52,-21.49375000000001,52,52.0,52,SD
X-1286,BYL719 + LJM716,"PIK3CA,ERBB3,ERBB3,PIK3CA",combo,13.400000000000006,11,3.4000000000000057,11,26.835249042145595,81,SD-->PD
X-1286,CGM097,MDM2,single,229.7,21,42.05000000000001,14,13.27361963190184,35,PD
X-1286,CLR457,"PIK3CA,PIK3CB,PIK3CG,PIK3CD,panPI3K",single,-33.2,102,-19.48064516129033,105,123.0,123,SD
X-1286,HDM201,MDM2,single,103.0,21,41.75999999999999,14,20.402985074626866,41,PD
X-1286,INC424,JAK,single,61.599999999999994,21,8.825000000000003,11,26.35483870967742,60,PD
X-1286,LEE011,"CDK4,CDK6,CDK4/6",single,88.0,21,14.025000000000006,11,21.711462450592887,38,PD
X-1286,LEE011 + everolimus,"CDK4,CDK6,MTOR,CDK4/6",combo,0.7000000000000028,12,0.1799999999999926,12,57.0,57,SD-->PD
X-1286,LFA102,PRLR ,single,153.3,20,38.099999999999994,13,13.0253164556962,56,PD
X-1286,LJM716,ERBB3,single,53.19999999999999,21,4.450000000000003,11,26.836521739130433,45,PD
X-1286,LJM716 + trastuzumab,"ERBB3,ERBB2",combo,97.0,20,23.340000000000003,13,20.19736842105263,49,PD
X-1286,LKA136,"NTRK1,NTRK2,NTRK3",single,93.7,21,8.974999999999994,11,21.203225806451613,38,PD
X-1286,LLM871,FGFR2/4,single,76.4,20,11.079999999999998,13,28.059800664451828,69,PD
X-1286,binimetinib,"MAP2K1,MAP2K2,MAPK",single,34.69999999999999,21,2.825000000000003,11,43.19298245614035,81,SD-->PD
X-1286,trastuzumab,ERBB2,single,156.89999999999998,20,20.179999999999993,13,15.453102453102453,49,PD
X-1286,untreated,"UNKNOWN,Untreated",single,340.5,21,106.975,14,9.47113884555382,28,PD
X-1286,LFW527 + everolimus,"IGF1R,MTOR",combo,11.400000000000006,10,5.799999999999997,14,45.76010781671159,80,SD-->PD
X-1289,abraxane,Tubulin,single,331.6,21,91.45999999999998,13,5.759791122715404,21,PD
X-1289,abraxane + gemcitabine,"Tubulin,chemotherapy",combo,42.0,24,6.5,14,33.628571428571426,56,PD
X-1289,BKM120,"PIK3CA,PIK3CB,PIK3CG,PIK3CD,panPI3K",single,184.8,21,82.5,12,6.015028901734103,32,PD
X-1289,BYL719,PIK3CA,single,90.6,20,36.34,13,21.387453874538743,48,PD
X-1289,BYL719 + LJM716,"PIK3CA,ERBB3,ERBB3,PIK3CA",combo,-100.0,35,-80.28928571428571,95,95.0,95,CR
X-1289,CLR457,"PIK3CA,PIK3CB,PIK3CG,PIK3CD,panPI3K",single,88.9,20,24.940000000000012,13,27.0,45,PD
X-1289,HDM201,MDM2,single,-15.700000000000005,39,16.691666666666663,39,39.0,39,SD
X-1289,"figitumumab""",IGF1R,single,337.8,22,73.92500000000001,12,8.198895027624308,22,PD
X-1289,"figitumumab"" + binimetinib","IGF1R,MAPK",combo,91.8,29,37.69999999999999,12,18.692307692307693,39,PD
X-1289,gemcitabine-50mpk,chemotherapy,single,-100.0,48,-77.078125,111,111.0,111,CR
X-1289,INC424,JAK,single,194.8,20,53.62,13,9.890961262553802,27,PD
X-1289,LEE011,"CDK4,CDK6,CDK4/6",single,285.8,16,94.66,13,6.9010989010989015,16,PD
X-1289,WNT974,PORCN,single,239.3,23,42.400000000000006,12,10.29984544049459,30,PD
X-1289,LKA136,"NTRK1,NTRK2,NTRK3",single,-100.0,51,-56.3304347826087,83,6.501953125000001,83,CR
X-1289,binimetinib-3.5mpk,MAPK,single,-23.09999999999999,12,16.13333333333334,19,33.603658536585364,39,SD
X-1289,untreated,"UNKNOWN,Untreated",single,221.5,23,40.97999999999999,12,10.983606557377048,33,PD
X-129,BGJ398,FGFR,single,51.5,20,5.340000000000003,13,31.0,31,PD
X-129,BKM120,"PIK3CA,PIK3CB,PIK3CG,PIK3CD,panPI3K",single,-60.0,9,-26.950000000000003,9,9.0,9,PR
X-129,BYL719,PIK3CA,single,-100.0,125,-79.86727272727273,251,251.0,251,CR-->PD
X-129,BYL719 + HSP990,"PIK3CA,HSP90",combo,-59.9,9,-29.233333333333334,9,9.0,9,PR
X-129,BYL719 + LJM716,"PIK3CA,ERBB3,ERBB3,PIK3CA",combo,-96.8,88,-79.32083333333333,97,285.0,285,CR-->-->PD
X-129,CLR457,"PIK3CA,PIK3CB,PIK3CG,PIK3CD,panPI3K",single,-75.5,17,-52.42222222222222,31,45.9644128113879,70,PR-->PD
X-129,HDM201,MDM2,single,8.099999999999994,10,5.340000000000003,13,24.0,24,SD-->PD
X-129,"figitumumab""",IGF1R,single,189.6,20,57.78,13,9.585774058577408,24,PD
X-129,HSP990,HSP90,single,282.3,20,80.18,13,7.668292682926829,24,PD
X-129,INC280,MET,single,120.8,21,14.099999999999994,11,19.049999999999997,32,PD
X-129,INC280 + trastuzumab,"ERBB2,MET",combo,86.0,20,18.549999999999997,13,20.525657071339175,30,PD
X-129,LEE011,"CDK4,CDK6,CDK4/6",single,-10.099999999999994,27,14.736363636363636,34,41.0,41,SD-->PD
X-129,LEE011 + everolimus,"CDK4,CDK6,MTOR,CDK4/6",combo,-63.0,31,-40.83636363636364,42,95.77267080745342,108,PR-->PD
X-129,LJM716,ERBB3,single,82.6,20,37.875,13,20.947368421052634,30,PD
X-129,LJM716 + trastuzumab,"ERBB3,ERBB2",combo,92.6,20,29.69999999999999,13,20.847790507364977,31,PD
X-129,LLM871,FGFR2/4,single,198.7,20,69.95999999999998,13,9.70796460176991,24,PD
X-129,binimetinib,"MAP2K1,MAP2K2,MAPK",single,-13.0,13,-0.9500000000000028,13,30.0,30,SD-->PD
X-129,everolimus,MTOR,single,40.900000000000006,20,9.420000000000002,13,24.0,24,PD
X-129,trastuzumab,ERBB2,single,262.7,20,83.02000000000001,13,6.583333333333333,24,PD
X-129,untreated,"UNKNOWN,Untreated",single,132.2,20,32.619999999999976,13,17.26345609065156,31,PD
X-1290,5FU,chemotherapy,single,-35.2,13,-31.760000000000005,13,56.96052631578947,62,SD-->PD
X-1290,BKM120,"PIK3CA,PIK3CB,PIK3CG,PIK3CD,panPI3K",single,272.7,12,108.875,12,7.258099945085118,12,PD
X-1290,BKM120 + LJC049,"panPI3K,TNKS",combo,27.5,16,7.3799999999999955,14,16.0,16,SD-->PD
X-1290,BYL719,PIK3CA,single,352.0,21,31.700000000000017,11,12.161928306551298,24,PD
X-1290,BYL719 + cetuximab,"PIK3CA,EGFR",combo,145.7,21,44.47999999999999,14,16.322259136212622,21,PD
X-1290,BYL719 + cetuximab + encorafenib,"PIK3CA,EGFR,BRAF",combo,270.3,22,52.82499999999999,11,9.977363515312916,29,PD
X-1290,BYL719 + encorafenib,"PIK3CA,BRAF",combo,84.5,22,26.299999999999997,14,23.371681415929203,27,PD
X-1290,BYL719 + LJM716,"PIK3CA,ERBB3,ERBB3,PIK3CA",combo,-44.7,11,-26.66249999999999,24,92.0,92,SD
X-1290,BYL719 + binimetinib,"PIK3CA,MAPK",combo,78.69999999999999,22,74.20000000000002,17,5.067226890756302,24,PD
X-1290,cetuximab + encorafenib,"EGFR,BRAF",combo,428.6,21,73.13333333333333,11,8.534772182254196,29,PD
X-1290,CGM097,MDM2,single,818.1,15,251.175,12,4.0,15,PD
X-1290,CKX620,MAPK,single,519.5,21,66.79999999999998,12,7.991845056065239,25,PD
X-1290,CLR457,"PIK3CA,PIK3CB,PIK3CG,PIK3CD,panPI3K",single,356.9,21,37.0,11,11.495511669658889,24,PD
X-1290,HDM201,MDM2,single,294.4,25,78.85,12,8.295774647887324,28,PD
X-1290,LEE011,"CDK4,CDK6,CDK4/6",single,205.1,21,29.97499999999999,12,16.789802289281997,28,PD
X-1290,encorafenib,BRAF,single,738.0,17,88.42500000000001,11,8.421663442940039,17,PD
X-1290,LJC049,TNKS,single,452.5,21,155.4,11,4.530516431924882,21,PD
X-1290,LKA136,"NTRK1,NTRK2,NTRK3",single,111.6,24,84.82499999999999,11,5.876506024096385,24,PD
X-1290,binimetinib,"MAP2K1,MAP2K2,MAPK",single,184.9,12,80.875,12,6.617718446601941,12,PD
X-1290,untreated,"UNKNOWN,Untreated",single,425.9,21,77.75,13,9.288683602771362,30,PD
X-1290,LFW527 + binimetinib,"IGF1R,MAP2K1,MAP2K2",combo,111.5,17,35.06,13,15.277153558052431,17,PD
X-1298,BGJ398,FGFR,single,167.39999999999998,27,13.825000000000005,12,14.93659621802002,37,PD
X-1298,BKM120,"PIK3CA,PIK3CB,PIK3CG,PIK3CD,panPI3K",single,-66.4,65,-46.19666666666667,114,114.0,114,PR
X-1298,BYL719,PIK3CA,single,274.0,21,72.47500000000002,12,8.187610619469027,21,PD
X-1298,BYL719 + LEE011,"PIK3CA,CDK4/6",combo,196.1,22,49.16,11,9.983050847457628,32,PD
X-1298,BYL719 + LJM716,"PIK3CA,ERBB3,ERBB3,PIK3CA",combo,318.0,21,54.68000000000001,13,10.550413223140495,31,PD
X-1298,CGM097,MDM2,single,380.3,21,64.94999999999999,12,9.395017793594306,21,PD
X-1298,CLR457,"PIK3CA,PIK3CB,PIK3CG,PIK3CD,panPI3K",single,146.2,27,26.075000000000003,12,18.06896551724138,27,PD
X-1298,HDM201,MDM2,single,356.2,21,76.125,12,8.48989898989899,21,PD
X-1298,INC424,JAK,single,-20.5,12,-10.75,12,24.930286599535243,37,SD-->PD
X-1298,LEE011,"CDK4,CDK6,CDK4/6",single,77.80000000000001,27,14.950000000000005,12,31.53061224489796,37,PD
X-1298,LEE011 + everolimus,"CDK4,CDK6,MTOR,CDK4/6",combo,-86.8,54,-64.98666666666666,114,114.0,114,PR
X-1298,LFA102,PRLR ,single,66.0,14,7.0,11,14.0,14,PD
X-1298,LJM716,ERBB3,single,124.9,22,13.040000000000006,11,15.20136518771331,32,PD
X-1298,LJM716 + trastuzumab,"ERBB3,ERBB2",combo,128.4,22,0.519999999999996,11,18.116239316239316,29,PD
X-1298,LKA136,"NTRK1,NTRK2,NTRK3",single,298.2,21,96.675,12,7.230694980694981,21,PD
X-1298,LLM871,FGFR2/4,single,27.59999999999999,20,18.08,12,33.0,33,SD-->PD
X-1298,binimetinib,"MAP2K1,MAP2K2,MAPK",single,92.2,22,68.475,12,8.816568047337277,22,PD
X-1298,trastuzumab,ERBB2,single,195.8,22,32.81999999999999,11,12.019455252918288,32,PD
X-1298,untreated,"UNKNOWN,Untreated",single,322.5,27,59.599999999999994,12,11.630597014925373,37,PD
X-1298,LFW527 + everolimus,"IGF1R,MTOR",combo,-58.2,9,-32.36,13,13.0,13,PR
X-1303,5FU,chemotherapy,single,-19.40000000000001,11,-17.53333333333333,16,61.921875,92,SD-->PD
X-1303,BKM120,"PIK3CA,PIK3CB,PIK3CG,PIK3CD,panPI3K",single,183.6,23,34.5,11,16.648171500630518,23,PD
X-1303,BYL719,PIK3CA,single,-29.09999999999999,9,-17.92,18,28.0,28,SD-->PD
X-1303,BYL719 + cetuximab,"PIK3CA,EGFR",combo,64.0,40,28.94999999999999,11,27.78709677419355,76,PD
X-1303,BYL719 + cetuximab + encorafenib,"PIK3CA,EGFR,BRAF",combo,42.400000000000006,31,14.159999999999997,16,59.0,59,PD
X-1303,BYL719 + LJM716,"PIK3CA,ERBB3,ERBB3,PIK3CA",combo,-42.2,9,-18.90000000000001,14,32.0,32,SD
X-1303,BYL719 + binimetinib,"PIK3CA,MAPK",combo,-18.40000000000001,24,0.0999999999999943,27,92.0,92,SD-->-->PD
X-1303,cetuximab + encorafenib,"EGFR,BRAF",combo,28.90000000000001,19,3.700000000000003,13,51.68421052631579,75,SD-->PD
X-1303,CGM097,MDM2,single,102.8,21,40.18000000000001,11,19.88888888888889,24,PD
X-1303,CKX620,MAPK,single,-73.0,43,-16.59375,55,55.0,55,SD
X-1303,CLR457,"PIK3CA,PIK3CB,PIK3CG,PIK3CD,panPI3K",single,127.9,22,35.25,14,17.962264150943394,22,PD
X-1303,HDM201,MDM2,single,150.9,21,67.57999999999998,11,8.894736842105264,24,PD
X-1303,LEE011,"CDK4,CDK6,CDK4/6",single,-16.5,9,0.2999999999999971,18,53.8296875,78,SD-->PD
X-1303,encorafenib,BRAF,single,189.7,23,59.19999999999999,11,7.816234498308907,23,PD
X-1303,LJC049,TNKS,single,251.0,24,43.02000000000001,11,9.567901234567902,24,PD
X-1303,LKA136,"NTRK1,NTRK2,NTRK3",single,523.1,21,110.76,11,4.456674473067916,21,PD
X-1303,binimetinib,"MAP2K1,MAP2K2,MAPK",single,-17.599999999999994,39,5.781818181818167,39,92.0,92,SD-->-->PD
X-1303,untreated,"UNKNOWN,Untreated",single,441.0,23,143.6,11,5.221957040572792,23,PD
X-1303,LFW527 + binimetinib,"IGF1R,MAP2K1,MAP2K2",combo,-37.6,32,-7.1555555555555515,32,69.12468827930175,94,SD-->PD
X-131,BGJ398,FGFR,single,68.80000000000001,10,51.67500000000001,10,10.0,10,PD
X-131,BKM120,"PIK3CA,PIK3CB,PIK3CG,PIK3CD,panPI3K",single,107.9,20,33.359999999999985,13,19.343490304709142,31,PD
X-131,BYL719,PIK3CA,single,115.3,20,45.97999999999999,13,18.87775061124694,31,PD
X-131,BYL719 + HSP990,"PIK3CA,HSP90",combo,3.5,13,5.079999999999998,13,30.0,30,SD-->PD
X-131,BYL719 + LJM716,"PIK3CA,ERBB3,ERBB3,PIK3CA",combo,185.0,20,70.525,13,7.091954022988506,20,PD
X-131,CLR457,"PIK3CA,PIK3CB,PIK3CG,PIK3CD,panPI3K",single,42.30000000000001,27,27.25999999999999,13,30.0,30,PD
X-131,HDM201,MDM2,single,211.7,22,52.82499999999999,12,11.38095238095238,26,PD
X-131,"figitumumab""",IGF1R,single,172.2,10,57.94999999999999,10,8.31406888499708,10,PD
X-131,HSP990,HSP90,single,90.6,22,17.75,12,22.74015748031496,29,PD
X-131,INC280,MET,single,293.7,13,139.7,13,4.917748917748918,13,PD
X-131,INC280 + trastuzumab,"ERBB2,MET",combo,119.7,20,16.040000000000006,13,18.49904761904762,30,PD
X-131,LEE011,"CDK4,CDK6,CDK4/6",single,113.8,10,64.05000000000001,10,7.64102564102564,10,PD
X-131,LEE011 + everolimus,"CDK4,CDK6,MTOR,CDK4/6",combo,-37.4,24,-25.02000000000001,13,24.0,24,SD
X-131,LJM716,ERBB3,single,428.5,20,103.16,13,5.932773109243698,20,PD
X-131,LJM716 + trastuzumab,"ERBB3,ERBB2",combo,381.7,20,92.14,13,6.590636254501801,20,PD
X-131,LLM871,FGFR2/4,single,47.80000000000001,10,34.0,10,10.0,10,PD
X-131,binimetinib,"MAP2K1,MAP2K2,MAPK",single,23.200000000000003,20,41.31999999999999,13,22.59167604049494,30,PD
X-131,everolimus,MTOR,single,74.6,26,39.775000000000006,12,33.0,33,PD
X-131,trastuzumab,ERBB2,single,245.5,13,98.56,13,7.137032842582107,13,PD
X-1310,LFW527 + binimetinib,"IGF1R,MAP2K1,MAP2K2",combo,135.4,21,38.06,13,14.189526184538654,31,PD
X-1317,BKM120 + LDE225,"panPI3K,SMO",combo,-54.3,51,-20.487499999999997,79,79.0,79,PR
X-1317,BKM120 + binimetinib,"panPI3K,MAPK,MAP2K1,MAP2K2,PIK3CA,PIK3CB,PIK3CG,PIK3CD",combo,-81.1,55,-53.8875,81,81.0,81,PR
X-1317,"figitumumab""",IGF1R,single,112.1,20,40.16,13,15.756380510440836,33,PD
X-1317,gemcitabine-50mpk,chemotherapy,single,127.0,20,9.0,14,18.15068493150685,20,PD
X-1317,INC424 + binimetinib,"JAK,MAPK",combo,-20.299999999999997,43,-2.206666666666663,47,53.0,53,SD
X-1317,LEE011,"CDK4,CDK6,CDK4/6",single,107.9,20,44.22,13,18.301075268817204,29,PD
X-1317,binimetinib,"MAP2K1,MAP2K2,MAPK",single,-46.5,55,-22.24117647058823,55,55.0,55,SD
X-1317,binimetinib-3.5mpk,MAPK,single,-86.5,44,-40.52,44,44.0,44,PR
X-1317,untreated,"UNKNOWN,Untreated",single,256.7,18,46.80000000000001,11,11.054011119936456,18,PD
X-1323,BGJ398,FGFR,single,196.1,21,-13.400000000000006,11,17.337423312883434,26,PD
X-1323,BKM120,"PIK3CA,PIK3CB,PIK3CG,PIK3CD,panPI3K",single,-29.700000000000003,11,-22.325000000000003,11,75.0,75,SD-->PD
X-1323,BKM120 + binimetinib,"panPI3K,MAPK,MAP2K1,MAP2K2,PIK3CA,PIK3CB,PIK3CG,PIK3CD",combo,-35.5,31,-24.56,31,90.15447154471543,120,SD-->PD
X-1323,BYL719,PIK3CA,single,-32.400000000000006,11,-20.924999999999997,11,50.465931863727455,55,SD-->PD
X-1323,BYL719 + LGH447,"PIK3CA,PIM",combo,-54.7,14,-39.9875,24,65.79069767441861,85,PR-->PD
X-1323,BYL719 + LJM716,"PIK3CA,ERBB3,ERBB3,PIK3CA",combo,152.8,21,18.90000000000001,14,17.294736842105262,37,PD
X-1323,CGM097,MDM2,single,236.2,21,20.90000000000001,11,12.302571860816943,26,PD
X-1323,CKX620,MAPK,single,-25.0,28,-11.700000000000005,11,34.5292766934558,89,SD-->PD
X-1323,CLR457,"PIK3CA,PIK3CB,PIK3CG,PIK3CD,panPI3K",single,-18.299999999999997,9,-9.579999999999998,13,35.39153439153439,57,SD-->PD
X-1323,HDM201,MDM2,single,221.9,20,60.38,13,9.601769911504425,22,PD
X-1323,HSP990,HSP90,single,-15.0,3,-8.200000000000003,3,3.0,3,SD
X-1323,INC280,MET,single,445.0,20,61.95999999999998,13,9.897852960312298,22,PD
X-1323,LCL161 + paclitaxel,"BIRC2,TUBB,Tubulin",combo,-29.09999999999999,13,-25.09999999999999,13,44.86702127659574,56,SD-->PD
X-1323,LEE011,"CDK4,CDK6,CDK4/6",single,56.30000000000001,33,8.549999999999997,11,46.18811881188119,55,PD
X-1323,LGH447,PIM,single,138.6,28,53.30000000000001,11,9.9164265129683,41,PD
X-1323,LLM871,FGFR2/4,single,296.9,21,13.200000000000005,14,15.938321536905963,22,PD
X-1323,binimetinib,"MAP2K1,MAP2K2,MAPK",single,-50.7,13,-30.260000000000005,13,42.602739726027394,70,PR-->PD
X-1323,untreated,"UNKNOWN,Untreated",single,387.8,20,94.92000000000002,13,5.753351206434316,22,PD
X-1323,LFW527 + binimetinib,"IGF1R,MAP2K1,MAP2K2",combo,-22.299999999999997,11,-12.600000000000009,11,33.885245901639344,65,SD-->PD
X-1329,5FU,chemotherapy,single,95.7,23,15.599999999999994,15,23.80625,54,PD
X-1329,BKM120,"PIK3CA,PIK3CB,PIK3CG,PIK3CD,panPI3K",single,223.8,23,44.42500000000001,15,15.555555555555555,29,PD
X-1329,BKM120 + LJC049,"panPI3K,TNKS",combo,521.0,21,122.425,14,6.506422018348624,21,PD
X-1329,BYL719,PIK3CA,single,105.3,13,45.94999999999999,13,12.349122807017542,13,PD
X-1329,BYL719 + cetuximab,"PIK3CA,EGFR",combo,185.3,20,63.16,14,9.20754716981132,28,PD
X-1329,BYL719 + cetuximab + encorafenib,"PIK3CA,EGFR,BRAF",combo,70.80000000000001,22,51.400000000000006,13,12.17948717948718,54,PD
X-1329,BYL719 + encorafenib,"PIK3CA,BRAF",combo,-13.5,36,-0.3499999999999943,14,57.30263157894737,81,SD-->PD
X-1329,BYL719 + LJM716,"PIK3CA,ERBB3,ERBB3,PIK3CA",combo,85.1,21,17.27499999999999,13,21.472016895459344,45,PD
X-1329,BYL719 + binimetinib,"PIK3CA,MAPK",combo,-57.9,42,-38.03333333333333,67,92.0,92,PR-->-->PD
X-1329,cetuximab + encorafenib,"EGFR,BRAF",combo,200.8,35,65.30000000000001,11,8.424999999999999,49,PD
X-1329,CGM097,MDM2,single,269.5,23,67.1,15,10.133264462809915,29,PD
X-1329,CKX620,MAPK,single,-2.9000000000000057,19,-4.650000000000006,15,56.4,92,SD-->PD
X-1329,CLR457,"PIK3CA,PIK3CB,PIK3CG,PIK3CD,panPI3K",single,338.1,21,66.975,13,8.787790697674419,24,PD
X-1329,HDM201,MDM2,single,286.1,26,74.44999999999999,15,9.97364953886693,29,PD
X-1329,LEE011,"CDK4,CDK6,CDK4/6",single,206.3,23,42.5,15,18.34146341463415,29,PD
X-1329,encorafenib,BRAF,single,4.0,33,9.275000000000006,15,44.986111111111114,61,SD-->PD
X-1329,LJC049,TNKS,single,648.8,19,154.29999999999998,15,6.831673306772909,19,PD
X-1329,LKA136,"NTRK1,NTRK2,NTRK3",single,486.1,23,82.89999999999998,15,9.4837807606264,26,PD
X-1329,binimetinib,"MAP2K1,MAP2K2,MAPK",single,107.8,23,23.174999999999997,15,22.106017191977077,75,PD
X-1329,untreated,"UNKNOWN,Untreated",single,353.7,23,75.55000000000001,15,8.112903225806452,29,PD
X-1329,LFW527 + binimetinib,"IGF1R,MAP2K1,MAP2K2",combo,14.700000000000005,17,10.0,13,37.18446601941748,45,SD-->PD
X-1333,LFW527 + binimetinib,"IGF1R,MAP2K1,MAP2K2",combo,262.6,22,12.974999999999994,11,17.997045790251107,22,PD
X-1349,LFW527 + everolimus,"IGF1R,MTOR",combo,302.4,5,151.2,5,5.0,5,PD
X-135,BYL719,PIK3CA,single,18.59999999999999,20,27.0,20,33.86057692307692,45,SD
X-135,BYL719 + HSP990,"PIK3CA,HSP90",combo,-60.5,105,-18.70370370370371,115,115.0,115,SD
X-135,BYL719 + LJM716,"PIK3CA,ERBB3,ERBB3,PIK3CA",combo,121.3,14,59.400000000000006,11,12.485781990521328,14,PD
X-135,HSP990,HSP90,single,29.59999999999999,17,21.450000000000003,11,31.929394812680115,73,SD-->PD
X-135,LEE011,"CDK4,CDK6,CDK4/6",single,141.6,20,32.724999999999994,11,16.479166666666668,45,PD
X-135,LEE011 + everolimus,"CDK4,CDK6,MTOR,CDK4/6",combo,8.099999999999994,16,5.700000000000003,13,38.92068429237947,97,SD-->PD
X-135,LJM716,ERBB3,single,10.200000000000005,9,10.150000000000006,13,24.102119460500965,55,SD-->PD
X-135,everolimus,MTOR,single,-17.299999999999997,10,-9.320000000000007,13,98.0,98,SD-->-->PD
X-135,untreated,"UNKNOWN,Untreated",single,96.3,20,24.42,13,21.057142857142853,55,PD
X-136,BYL719,PIK3CA,single,-52.0,10,-34.14999999999999,21,75.20289855072464,91,PR-->PD
X-136,BYL719 + HSP990,"PIK3CA,HSP90",combo,-52.1,10,-33.34,13,38.0,38,PR
X-136,BYL719 + LJM716,"PIK3CA,ERBB3,ERBB3,PIK3CA",combo,-83.7,18,-56.2625,26,88.0,88,PR-->PD
X-136,HSP990,HSP90,single,8.700000000000003,14,3.4749999999999943,14,36.30232558139535,78,SD-->PD
X-136,LEE011,"CDK4,CDK6,CDK4/6",single,50.19999999999999,21,29.960000000000008,14,33.84836065573771,64,PD
X-136,LEE011 + everolimus,"CDK4,CDK6,MTOR,CDK4/6",combo,-44.5,28,-34.33333333333333,54,95.0,95,SD-->-->PD
X-136,LJM716,ERBB3,single,-25.40000000000001,21,-23.0,11,74.0,74,SD-->PD
X-136,everolimus,MTOR,single,-38.5,35,-17.875,74,84.0,84,SD
X-136,untreated,"UNKNOWN,Untreated",single,62.80000000000001,21,18.459999999999994,14,24.710479573712256,42,PD
X-1362,abraxane,Tubulin,single,96.5,25,28.84999999999999,11,19.735294117647054,49,PD
X-1362,BKM120,"PIK3CA,PIK3CB,PIK3CG,PIK3CD,panPI3K",single,90.5,25,27.27500000000001,11,17.335740072202167,28,PD
X-1362,BKM120 + LDE225,"panPI3K,SMO",combo,-39.1,36,-23.746153846153845,40,40.0,40,SD
X-1362,BKM120 + binimetinib,"panPI3K,MAPK,MAP2K1,MAP2K2,PIK3CA,PIK3CB,PIK3CG,PIK3CD",combo,-28.59999999999999,26,-6.75,26,60.311594202898554,116,SD-->PD
X-1362,BYL719,PIK3CA,single,92.3,20,15.859999999999983,13,21.941176470588236,29,PD
X-1362,BYL719 + LJM716,"PIK3CA,ERBB3,ERBB3,PIK3CA",combo,215.5,20,73.28,13,8.784431137724553,34,PD
X-1362,CLR457,"PIK3CA,PIK3CB,PIK3CG,PIK3CD,panPI3K",single,129.3,20,34.66,13,15.767080745341616,34,PD
X-1362,HDM201,MDM2,single,186.8,21,26.72499999999999,11,15.517525773195876,22,PD
X-1362,"figitumumab""",IGF1R,single,60.0,35,10.266666666666666,11,44.959349593495936,88,PD
X-1362,"figitumumab"" + binimetinib","IGF1R,MAPK",combo,-17.599999999999994,20,3.799999999999997,20,50.02094240837696,63,SD-->PD
X-1362,gemcitabine-50mpk,chemotherapy,single,47.900000000000006,20,38.52000000000001,14,30.033742331288344,37,PD
X-1362,INC424,JAK,single,97.9,21,12.299999999999995,11,22.3695652173913,45,PD
X-1362,INC424 + binimetinib,"JAK,MAPK",combo,-18.59999999999999,13,0.6200000000000045,13,59.075,114,SD-->PD
X-1362,LEE011,"CDK4,CDK6,CDK4/6",single,0.5,10,4.02000000000001,14,30.71748878923767,98,SD-->PD
X-1362,WNT974,PORCN,single,207.0,23,32.18000000000001,13,13.704761904761906,26,PD
X-1362,LKA136,"NTRK1,NTRK2,NTRK3",single,169.60000000000002,21,52.639999999999986,14,11.734351145038168,26,PD
X-1362,binimetinib,"MAP2K1,MAP2K2,MAPK",single,5.799999999999997,16,13.149999999999991,16,31.0,31,SD
X-1362,binimetinib-3.5mpk,MAPK,single,-9.299999999999995,11,-1.3250000000000028,11,45.98421052631579,54,SD-->PD
X-1362,untreated,"UNKNOWN,Untreated",single,116.8,22,32.359999999999985,15,19.052631578947366,22,PD
X-137,BYL719,PIK3CA,single,131.0,31,29.75999999999999,14,15.199324324324325,48,PD
X-137,BYL719 + HSP990,"PIK3CA,HSP90",combo,-100.0,11,-75.2,45,45.0,45,CR
X-137,BYL719 + LJM716,"PIK3CA,ERBB3,ERBB3,PIK3CA",combo,-100.0,14,-83.34,45,53.2405614714424,71,CR-->PD
X-137,HSP990,HSP90,single,300.7,20,96.175,11,4.563775510204081,31,PD
X-137,LEE011,"CDK4,CDK6,CDK4/6",single,117.3,25,27.90000000000001,11,19.205741626794257,53,PD
X-137,LEE011 + everolimus,"CDK4,CDK6,MTOR,CDK4/6",combo,-8.299999999999997,20,7.700000000000003,23,34.2798833819242,55,SD-->PD
X-137,LJM716,ERBB3,single,-48.8,10,-38.34,14,19.765610859728508,31,SD-->PD
X-137,everolimus,MTOR,single,206.1,13,102.72,13,6.085626911314985,13,PD
X-137,untreated,"UNKNOWN,Untreated",single,342.7,21,80.0,14,9.07808564231738,21,PD
X-1371,BGJ398,FGFR,single,243.8,21,49.5,11,14.189509306260575,23,PD
X-1371,BKM120,"PIK3CA,PIK3CB,PIK3CG,PIK3CD,panPI3K",single,63.900000000000006,23,8.900000000000006,12,26.306513409961685,35,PD
X-1371,BYL719,PIK3CA,single,221.1,20,76.1,13,9.251612903225809,22,PD
X-1371,BYL719 + LEE011,"PIK3CA,CDK4/6",combo,-27.5,11,-12.950000000000005,11,28.340425531914892,32,SD-->PD
X-1371,BYL719 + LJM716,"PIK3CA,ERBB3,ERBB3,PIK3CA",combo,-23.0,12,2.450000000000003,19,44.11194029850746,48,SD-->PD
X-1371,CGM097,MDM2,single,227.3,23,3.140000000000015,12,16.664451827242523,27,PD
X-1371,CLR457,"PIK3CA,PIK3CB,PIK3CG,PIK3CD,panPI3K",single,220.5,20,68.88,13,8.607438016528926,22,PD
X-1371,HDM201,MDM2,single,265.5,20,59.74000000000001,13,9.206201550387595,28,PD
X-1371,INC424,JAK,single,197.1,20,72.22,13,8.204841713221601,29,PD
X-1371,LEE011,"CDK4,CDK6,CDK4/6",single,295.4,20,79.5,13,7.755458515283842,27,PD
X-1371,LFA102,PRLR ,single,299.2,20,32.879999999999995,13,12.639484978540771,21,PD
X-1371,LJM716,ERBB3,single,101.7,25,13.820000000000007,11,24.2608695652174,34,PD
X-1371,LJM716 + trastuzumab,"ERBB3,ERBB2",combo,197.8,20,25.820000000000007,13,14.1875,34,PD
X-1371,LKA136,"NTRK1,NTRK2,NTRK3",single,601.8,20,99.7,13,6.241813602015114,22,PD
X-1371,LLM871,FGFR2/4,single,492.9,20,73.16,13,8.79757085020243,21,PD
X-1371,binimetinib,"MAP2K1,MAP2K2,MAPK",single,3.799999999999997,13,5.340000000000003,13,28.873873873873872,36,SD-->PD
X-1371,trastuzumab,ERBB2,single,273.0,20,58.099999999999994,13,11.159904534606206,21,PD
X-1371,untreated,"UNKNOWN,Untreated",single,384.6,20,77.94,13,9.832946635730858,21,PD
X-1371,LFW527 + everolimus,"IGF1R,MTOR",combo,-6.099999999999994,10,-6.5,14,30.765199161425578,101,SD-->PD
X-138,BGJ398,FGFR,single,282.3,22,53.27499999999998,12,11.271287128712872,26,PD
X-138,BKM120,"PIK3CA,PIK3CB,PIK3CG,PIK3CD,panPI3K",single,63.69999999999999,22,11.875,12,26.0,26,PD
X-138,BYL719,PIK3CA,single,-25.799999999999997,44,-10.0923076923077,52,101.33398821218074,113,SD-->-->PD
X-138,BYL719 + HSP990,"PIK3CA,HSP90",combo,-59.0,41,-24.02307692307691,52,82.46254071661238,93,PR-->PD
X-138,BYL719 + LJM716,"PIK3CA,ERBB3,ERBB3,PIK3CA",combo,34.19999999999999,14,19.90000000000001,14,14.0,14,SD
X-138,CLR457,"PIK3CA,PIK3CB,PIK3CG,PIK3CD,panPI3K",single,-35.400000000000006,23,-14.95714285714287,23,23.0,23,SD
X-138,HDM201,MDM2,single,127.8,22,34.25,12,15.193181818181818,26,PD
X-138,"figitumumab""",IGF1R,single,312.0,22,53.19999999999999,12,10.824146981627296,26,PD
X-138,HSP990,HSP90,single,66.30000000000001,20,40.68000000000001,13,23.594666666666665,31,PD
X-138,INC280,MET,single,226.0,21,44.67500000000001,11,12.609037328094304,32,PD
X-138,INC280 + trastuzumab,"ERBB2,MET",combo,46.599999999999994,20,2.5250000000000057,13,27.06315789473684,30,PD
X-138,LEE011,"CDK4,CDK6,CDK4/6",single,93.6,20,43.19999999999999,13,21.64102564102564,31,PD
X-138,LEE011 + everolimus,"CDK4,CDK6,MTOR,CDK4/6",combo,-77.2,62,-52.03684210526316,80,117.28445747800586,135,PR-->-->PD
X-138,LJM716,ERBB3,single,107.4,20,40.75,13,12.236514522821576,30,PD
X-138,LJM716 + trastuzumab,"ERBB3,ERBB2",combo,60.19999999999999,20,22.05000000000001,13,30.0,30,PD
X-138,LLM871,FGFR2/4,single,65.0,20,14.700000000000005,13,28.27881040892193,31,PD
X-138,binimetinib,"MAP2K1,MAP2K2,MAPK",single,25.0,60,15.099999999999994,13,34.940298507462686,97,SD-->PD
X-138,everolimus,MTOR,single,148.9,20,15.875,12,17.23728813559322,37,PD
X-138,trastuzumab,ERBB2,single,187.1,22,29.55000000000001,12,13.943661971830986,26,PD
X-1383,BGJ398,FGFR,single,141.7,21,10.25,11,15.853932584269664,28,PD
X-1383,BKM120,"PIK3CA,PIK3CB,PIK3CG,PIK3CD,panPI3K",single,-39.7,32,-23.09999999999999,60,119.6936170212766,151,SD-->PD
X-1383,BYL719,PIK3CA,single,-14.799999999999995,11,-9.716666666666654,18,67.44671201814059,88,SD-->PD
X-1383,BYL719 + LEE011,"PIK3CA,CDK4/6",combo,21.0,14,15.375,11,26.86021505376344,35,SD-->PD
X-1383,BYL719 + LJM716,"PIK3CA,ERBB3,ERBB3,PIK3CA",combo,-34.7,42,-19.14285714285714,46,91.0,91,SD-->PD
X-1383,CGM097,MDM2,single,59.099999999999994,25,18.94999999999999,11,27.655844155844157,60,PD
X-1383,CLR457,"PIK3CA,PIK3CB,PIK3CG,PIK3CD,panPI3K",single,33.400000000000006,21,18.120000000000005,14,41.69465648854962,73,SD
X-1383,HDM201,MDM2,single,-47.0,87,-23.096000000000004,91,91.0,91,SD
X-1383,INC424,JAK,single,126.6,21,35.67500000000001,11,15.995337995337996,42,PD
X-1383,LEE011,"CDK4,CDK6,CDK4/6",single,54.400000000000006,21,20.875,11,29.152882205513784,56,PD
X-1383,LEE011 + everolimus,"CDK4,CDK6,MTOR,CDK4/6",combo,2.299999999999997,10,9.259999999999993,14,62.69321533923304,101,SD-->PD
X-1383,LFA102,PRLR ,single,92.5,20,26.25,14,20.429799426934096,55,PD
X-1383,LJM716,ERBB3,single,25.09999999999999,18,20.15000000000001,11,28.387673956262425,53,SD-->PD
X-1383,LJM716 + trastuzumab,"ERBB3,ERBB2",combo,113.8,20,45.31999999999999,13,12.970660146699268,41,PD
X-1383,LKA136,"NTRK1,NTRK2,NTRK3",single,91.4,21,18.09999999999999,14,23.132231404958677,52,PD
X-1383,LLM871,FGFR2/4,single,122.2,20,40.30000000000001,14,16.12779552715655,41,PD
X-1383,binimetinib,"MAP2K1,MAP2K2,MAPK",single,110.9,21,31.67500000000001,11,19.987616099071207,56,PD
X-1383,trastuzumab,ERBB2,single,95.0,20,45.05000000000001,14,20.869565217391305,48,PD
X-1383,untreated,"UNKNOWN,Untreated",single,90.7,20,28.55000000000001,14,24.86013986013986,76,PD
X-1383,LFW527 + everolimus,"IGF1R,MTOR",combo,97.5,20,52.72,13,12.41132075471698,41,PD
X-1402,LFW527 + binimetinib,"IGF1R,MAP2K1,MAP2K2",combo,97.1,22,14.599999999999994,11,22.75652173913044,50,PD
X-1407,BGJ398,FGFR,single,98.1,24,30.879999999999995,14,19.46757679180887,52,PD
X-1407,BKM120,"PIK3CA,PIK3CB,PIK3CG,PIK3CD,panPI3K",single,14.400000000000006,15,12.259999999999993,11,41.032719836400815,81,SD-->PD
X-1407,BYL719,PIK3CA,single,119.0,22,32.775000000000006,12,19.75147928994083,53,PD
X-1407,BYL719 + LEE011,"PIK3CA,CDK4/6",combo,-65.5,56,1.417647058823519,56,56.0,56,SD-->PD
X-1407,BYL719 + LJM716,"PIK3CA,ERBB3,ERBB3,PIK3CA",combo,-45.4,95,-1.2000000000000028,11,95.0,95,SD-->PD
X-1407,CGM097,MDM2,single,280.7,17,105.66,14,7.077064220183487,17,PD
X-1407,CLR457,"PIK3CA,PIK3CB,PIK3CG,PIK3CD,panPI3K",single,-31.5,35,-14.51538461538462,42,71.56347438752783,80,SD-->PD
X-1407,HDM201,MDM2,single,264.2,29,67.82499999999999,12,7.692771084337348,32,PD
X-1407,INC424,JAK,single,120.8,25,14.724999999999994,11,19.60421052631579,42,PD
X-1407,LEE011,"CDK4,CDK6,CDK4/6",single,87.9,21,21.09999999999999,11,23.2,49,PD
X-1407,LEE011 + everolimus,"CDK4,CDK6,MTOR,CDK4/6",combo,17.700000000000003,18,14.650000000000006,11,55.75892857142857,91,SD-->PD
X-1407,LFA102,PRLR ,single,264.6,20,68.15,14,10.37571157495256,20,PD
X-1407,LJM716,ERBB3,single,197.3,22,63.67500000000001,11,9.745308310991955,32,PD
X-1407,LJM716 + trastuzumab,"ERBB3,ERBB2",combo,25.90000000000001,17,0.2599999999999909,13,33.10126582278481,55,SD-->PD
X-1407,LKA136,"NTRK1,NTRK2,NTRK3",single,214.2,24,60.69999999999999,14,11.528846153846157,31,PD
X-1407,LLM871,FGFR2/4,single,86.4,65,58.625,14,15.1125,111,PD
X-1407,binimetinib,"MAP2K1,MAP2K2,MAPK",single,-74.6,74,-16.314285714285717,102,102.0,102,SD
X-1407,trastuzumab,ERBB2,single,229.1,20,66.15,14,8.89864864864865,27,PD
X-1407,untreated,"UNKNOWN,Untreated",single,189.1,20,43.14999999999998,14,14.90989010989011,34,PD
X-1407,LFW527 + everolimus,"IGF1R,MTOR",combo,-45.5,18,-15.271428571428572,20,20.0,20,SD
X-141,BYL719,PIK3CA,single,-48.3,35,-18.91428571428571,44,110.59587020648968,139,SD-->PD
X-141,BYL719 + HSP990,"PIK3CA,HSP90",combo,-100.0,105,-66.81875,139,139.0,139,CR
X-141,BYL719 + LJM716,"PIK3CA,ERBB3,ERBB3,PIK3CA",combo,139.9,21,7.650000000000006,12,16.163636363636364,28,PD
X-141,HSP990,HSP90,single,43.599999999999994,41,35.125,11,15.703349282296651,109,PD
X-141,LEE011,"CDK4,CDK6,CDK4/6",single,53.599999999999994,21,18.799999999999997,14,31.473684210526315,44,PD
X-141,LEE011 + everolimus,"CDK4,CDK6,MTOR,CDK4/6",combo,-49.9,42,-27.129999999999995,66,136.0,136,SD-->-->PD
X-141,LJM716,ERBB3,single,-17.5,31,2.816666666666663,38,48.65833333333333,52,SD-->PD
X-141,everolimus,MTOR,single,-42.9,23,-24.052173913043475,94,118.0,118,SD-->-->PD
X-141,untreated,"UNKNOWN,Untreated",single,-22.799999999999997,11,-10.850000000000009,18,49.5,112,SD-->PD
X-142,BYL719,PIK3CA,single,196.7,20,62.93333333333334,12,9.256756756756756,55,PD
X-142,BYL719 + HSP990,"PIK3CA,HSP90",combo,2.200000000000003,33,15.420000000000002,33,55.48898678414097,82,SD-->PD
X-142,BYL719 + LJM716,"PIK3CA,ERBB3,ERBB3,PIK3CA",combo,180.8,21,27.859999999999985,13,15.264285714285712,55,PD
X-142,HSP990,HSP90,single,71.80000000000001,20,24.66666666666667,12,30.59537572254335,55,PD
X-142,LEE011,"CDK4,CDK6,CDK4/6",single,10.799999999999995,12,9.333333333333329,12,35.52948557089084,82,SD-->PD
X-142,LJM716,ERBB3,single,78.1,21,13.320000000000007,13,37.086956521739125,76,PD
X-142,everolimus,MTOR,single,-15.599999999999994,15,-11.439999999999998,20,61.539568345323744,82,SD-->PD
X-142,untreated,"UNKNOWN,Untreated",single,316.4,21,70.62,13,9.674329501915707,42,PD
X-144,BYL719 + HSP990,"PIK3CA,HSP90",combo,133.9,29,110.45,13,4.0,36,PD
X-144,BYL719 + LJM716,"PIK3CA,ERBB3,ERBB3,PIK3CA",combo,99.4,21,23.879999999999995,14,21.04147465437788,31,PD
X-144,HSP990,HSP90,single,586.1,15,197.52500000000003,13,4.568205666316894,15,PD
X-144,LEE011,"CDK4,CDK6,CDK4/6",single,284.1,19,140.9,12,5.0,19,PD
X-144,LEE011 + everolimus,"CDK4,CDK6,MTOR,CDK4/6",combo,97.0,23,38.74000000000001,13,23.165061898211828,55,PD
X-144,LJM716,ERBB3,single,525.0,20,98.18,13,6.7269624573378834,20,PD
X-144,everolimus,MTOR,single,435.6,19,122.625,13,5.203623813632442,19,PD
X-144,untreated,"UNKNOWN,Untreated",single,766.0,13,264.26,13,4.600543478260869,13,PD
X-1441,5FU,chemotherapy,single,8.200000000000003,13,8.799999999999997,13,55.834375,86,SD-->PD
X-1441,BKM120,"PIK3CA,PIK3CB,PIK3CG,PIK3CD,panPI3K",single,-51.7,17,-39.8111111111111,31,81.0,81,PR
X-1441,BKM120 + LJC049,"panPI3K,TNKS",combo,-11.200000000000005,14,-8.150000000000006,14,14.0,14,SD
X-1441,BYL719,PIK3CA,single,-0.0999999999999943,29,3.799999999999997,16,90.0,90,SD-->PD
X-1441,BYL719 + cetuximab,"PIK3CA,EGFR",combo,-7.400000000000006,11,-4.700000000000003,11,62.102473498233216,78,SD-->PD
X-1441,BYL719 + cetuximab + encorafenib,"PIK3CA,EGFR,BRAF",combo,15.5,11,8.174999999999997,11,88.0,88,SD-->PD
X-1441,BYL719 + encorafenib,"PIK3CA,BRAF",combo,-5.700000000000003,14,-1.828571428571422,19,42.0,42,SD
X-1441,BYL719 + LJM716,"PIK3CA,ERBB3,ERBB3,PIK3CA",combo,-17.299999999999997,17,-6.549999999999997,35,88.0,88,SD-->PD
X-1441,BYL719 + binimetinib,"PIK3CA,MAPK",combo,-56.4,22,-34.3,56,88.0,88,PR
X-1441,cetuximab + encorafenib,"EGFR,BRAF",combo,-9.099999999999994,31,5.058333333333337,42,81.0,81,SD-->-->PD
X-1441,CGM097,MDM2,single,72.4,21,23.879999999999995,14,29.32802547770701,84,PD
X-1441,CKX620,MAPK,single,-56.2,24,-21.227272727272737,39,88.0,88,PR-->PD
X-1441,CLR457,"PIK3CA,PIK3CB,PIK3CG,PIK3CD,panPI3K",single,-31.0,34,-16.99166666666666,45,90.0,90,SD-->PD
X-1441,HDM201,MDM2,single,34.5,28,6.959999999999994,14,52.0,52,SD-->PD
X-1441,LEE011,"CDK4,CDK6,CDK4/6",single,6.799999999999997,17,4.959999999999994,14,70.49074074074075,91,SD-->PD
X-1441,encorafenib,BRAF,single,81.5,24,42.359999999999985,14,26.839912280701753,45,PD
X-1441,LJC049,TNKS,single,104.6,21,41.81999999999999,14,13.72631578947368,42,PD
X-1441,LKA136,"NTRK1,NTRK2,NTRK3",single,39.80000000000001,24,4.174999999999997,13,43.12903225806452,90,PD
X-1441,binimetinib,"MAP2K1,MAP2K2,MAPK",single,-57.6,28,-32.58571428571429,49,91.0,91,PR-->-->PD
X-1441,untreated,"UNKNOWN,Untreated",single,148.5,21,49.04000000000002,14,15.08695652173913,49,PD
X-1442,BGJ398,FGFR,single,266.1,21,102.05,13,7.476635514018692,21,PD
X-1442,BKM120,"PIK3CA,PIK3CB,PIK3CG,PIK3CD,panPI3K",single,44.80000000000001,21,24.15000000000001,13,29.49378330373002,55,PD
X-1442,BKM120 + binimetinib,"panPI3K,MAPK,MAP2K1,MAP2K2,PIK3CA,PIK3CB,PIK3CG,PIK3CD",combo,-100.0,80,-48.648387096774194,125,23.806451612903224,125,CR
X-1442,BYL719,PIK3CA,single,127.9,21,36.275000000000006,13,19.38728323699422,21,PD
X-1442,BYL719 + LGH447,"PIK3CA,PIM",combo,265.8,21,97.475,13,7.525401069518717,21,PD
X-1442,BYL719 + LJM716,"PIK3CA,ERBB3,ERBB3,PIK3CA",combo,85.9,21,25.200000000000003,13,21.59078212290503,34,PD
X-1442,CGM097,MDM2,single,261.9,13,138.14999999999998,13,7.0,13,PD
X-1442,CKX620,MAPK,single,-13.799999999999995,13,0.5750000000000028,13,39.21130221130221,71,SD-->PD
X-1442,CLR457,"PIK3CA,PIK3CB,PIK3CG,PIK3CD,panPI3K",single,129.0,20,66.07999999999998,14,8.11631205673759,27,PD
X-1442,HDM201,MDM2,single,158.2,13,86.17500000000001,13,8.829268292682928,13,PD
X-1442,HSP990,HSP90,single,273.0,18,125.2,14,4.472602739726027,18,PD
X-1442,INC280,MET,single,72.1,23,35.22,14,9.726277372262777,97,PD
X-1442,LCL161 + paclitaxel,"BIRC2,TUBB,Tubulin",combo,228.8,24,47.25,11,12.917159763313611,24,PD
X-1442,LEE011,"CDK4,CDK6,CDK4/6",single,267.7,13,154.825,13,7.0,13,PD
X-1442,LGH447,PIM,single,197.9,21,44.775000000000006,13,13.558823529411764,21,PD
X-1442,LLM871,FGFR2/4,single,396.5,18,76.88,14,10.198657718120806,18,PD
X-1442,binimetinib,"MAP2K1,MAP2K2,MAPK",single,-29.59999999999999,14,-19.959999999999994,14,97.0,97,SD-->PD
X-1442,untreated,"UNKNOWN,Untreated",single,111.8,13,62.30000000000001,13,12.220264317180616,13,PD
X-1443,5FU,chemotherapy,single,6.5,20,9.799999999999995,20,29.0,29,SD-->PD
X-1443,BKM120,"PIK3CA,PIK3CB,PIK3CG,PIK3CD,panPI3K",single,210.7,20,139.83333333333334,15,7.0,29,PD
X-1443,BKM120 + LJC049,"panPI3K,TNKS",combo,212.6,33,9.125,14,15.212205270457698,46,PD
X-1443,BYL719,PIK3CA,single,179.89999999999998,24,93.46666666666668,15,8.702857142857143,48,PD
X-1443,BYL719 + cetuximab,"PIK3CA,EGFR",combo,-74.7,77,-51.75,91,91.0,91,PR
X-1443,BYL719 + cetuximab + encorafenib,"PIK3CA,EGFR,BRAF",combo,-100.0,52,-84.51,96,96.0,96,CR
X-1443,BYL719 + encorafenib,"PIK3CA,BRAF",combo,-1.2000000000000028,9,5.224999999999994,13,37.7256371814093,69,SD-->PD
X-1443,BYL719 + LJM716,"PIK3CA,ERBB3,ERBB3,PIK3CA",combo,-33.7,32,-19.64285714285714,32,32.0,32,SD
X-1443,BYL719 + binimetinib,"PIK3CA,MAPK",combo,-59.6,49,-44.6,65,83.0,83,PR
X-1443,cetuximab + encorafenib,"EGFR,BRAF",combo,-95.3,66,-60.62352941176471,105,105.0,105,CR
X-1443,CGM097,MDM2,single,118.8,20,28.26666666666668,15,18.61561119293078,29,PD
X-1443,CKX620,MAPK,single,-15.099999999999994,15,-6.049999999999997,20,29.0,29,SD-->PD
X-1443,CLR457,"PIK3CA,PIK3CB,PIK3CG,PIK3CD,panPI3K",single,-18.200000000000003,14,-9.433333333333335,14,55.0,55,SD-->PD
X-1443,HDM201,MDM2,single,173.89999999999998,20,77.53333333333333,15,7.0,29,PD
X-1443,LEE011,"CDK4,CDK6,CDK4/6",single,-3.4000000000000057,20,-2.924999999999997,20,29.0,29,SD-->PD
X-1443,encorafenib,BRAF,single,125.1,20,50.599999999999994,15,13.038054968287527,29,PD
X-1443,LJC049,TNKS,single,122.4,16,42.5,15,14.247480403135498,16,PD
X-1443,LKA136,"NTRK1,NTRK2,NTRK3",single,-14.400000000000006,9,-8.399999999999991,14,49.98245614035088,55,SD-->PD
X-1443,binimetinib,"MAP2K1,MAP2K2,MAPK",single,-39.8,15,-31.566666666666663,15,29.0,29,SD
X-1443,untreated,"UNKNOWN,Untreated",single,-7.900000000000006,20,-2.0600000000000023,20,40.8,61,SD-->PD
X-1443,LFW527 + binimetinib,"IGF1R,MAP2K1,MAP2K2",combo,4.900000000000006,28,3.575000000000003,11,32.0,32,SD-->PD
X-146,BYL719,PIK3CA,single,-22.90000000000001,10,-20.90000000000001,14,65.14204545454545,91,SD-->PD
X-146,BYL719 + HSP990,"PIK3CA,HSP90",combo,-94.6,33,-64.1,40,40.0,40,PR
X-146,BYL719 + LJM716,"PIK3CA,ERBB3,ERBB3,PIK3CA",combo,-81.9,64,-56.27333333333333,64,64.0,64,PR
X-146,HSP990,HSP90,single,-28.299999999999997,20,-15.342857142857142,40,40.0,40,SD
X-146,LEE011,"CDK4,CDK6,CDK4/6",single,-55.8,12,-34.974999999999994,15,34.758495145631066,55,PR-->PD
X-146,LEE011 + everolimus,"CDK4,CDK6,MTOR,CDK4/6",combo,-32.900000000000006,25,-13.078571428571422,60,60.0,60,SD
X-146,LJM716,ERBB3,single,-55.5,60,-34.471428571428575,60,60.0,60,PR
X-146,untreated,"UNKNOWN,Untreated",single,13.700000000000005,53,34.625,11,16.341463414634145,88,PD
X-1468,BGJ398,FGFR,single,100.0,21,25.560000000000016,14,21.0,56,PD
X-1468,BKM120,"PIK3CA,PIK3CB,PIK3CG,PIK3CD,panPI3K",single,-27.200000000000003,17,-13.941666666666665,38,91.0,91,SD-->-->PD
X-1468,BYL719,PIK3CA,single,-2.5,17,1.4571428571428695,21,89.3433242506812,91,SD-->-->PD
X-1468,BYL719 + LEE011,"PIK3CA,CDK4/6",combo,-46.8,63,-30.721428571428575,97,97.0,97,SD
X-1468,BYL719 + LJM716,"PIK3CA,ERBB3,ERBB3,PIK3CA",combo,-11.900000000000006,10,-11.86,14,39.58045977011494,91,SD-->PD
X-1468,CGM097,MDM2,single,185.9,21,15.859999999999983,14,16.727714748784443,35,PD
X-1468,CLR457,"PIK3CA,PIK3CB,PIK3CG,PIK3CD,panPI3K",single,7.700000000000003,10,6.040000000000006,14,91.0,91,SD-->PD
X-1468,HDM201,MDM2,single,10.0,10,5.920000000000002,14,43.605405405405406,77,SD-->PD
X-1468,INC424,JAK,single,255.0,21,54.02000000000001,14,11.046849757673666,49,PD
X-1468,LEE011,"CDK4,CDK6,CDK4/6",single,-14.700000000000005,14,-3.05714285714285,21,67.85858585858585,91,SD-->PD
X-1468,LEE011 + everolimus,"CDK4,CDK6,MTOR,CDK4/6",combo,14.700000000000005,10,10.28,14,45.324825986078885,84,SD-->PD
X-1468,LFA102,PRLR ,single,153.6,21,43.22,14,13.8989898989899,42,PD
X-1468,LJM716,ERBB3,single,2.9000000000000057,15,10.259999999999993,15,48.40174672489083,81,SD-->PD
X-1468,LJM716 + trastuzumab,"ERBB3,ERBB2",combo,5.200000000000003,14,7.140000000000015,14,29.761904761904763,56,SD-->PD
X-1468,LKA136,"NTRK1,NTRK2,NTRK3",single,122.7,21,25.560000000000016,14,18.926940639269407,56,PD
X-1468,LLM871,FGFR2/4,single,4.900000000000006,10,4.700000000000003,14,67.34306569343066,97,SD-->PD
X-1468,binimetinib,"MAP2K1,MAP2K2,MAPK",single,1.2000000000000028,10,1.2399999999999949,14,71.01632653061225,91,SD-->PD
X-1468,trastuzumab,ERBB2,single,68.6,21,14.920000000000002,14,23.57377049180328,42,PD
X-1468,untreated,"UNKNOWN,Untreated",single,121.0,21,20.820000000000007,14,19.475499092558984,35,PD
X-1468,LFW527 + everolimus,"IGF1R,MTOR",combo,-4.799999999999997,10,6.483333333333334,17,48.0,48,SD
X-1479,5FU,chemotherapy,single,-0.0999999999999943,40,-3.140000000000001,12,67.60888888888888,82,SD-->PD
X-1479,BKM120,"PIK3CA,PIK3CB,PIK3CG,PIK3CD,panPI3K",single,2.4000000000000057,10,5.140000000000015,14,45.86330935251799,84,SD-->PD
X-1479,BKM120 + LJC049,"panPI3K,TNKS",combo,-3.0,12,-2.0,12,33.0,33,SD-->PD
X-1479,BYL719,PIK3CA,single,1.2000000000000028,12,-2.049999999999997,12,46.295373665480426,78,SD-->PD
X-1479,BYL719 + cetuximab,"PIK3CA,EGFR",combo,27.09999999999999,24,11.099999999999994,11,28.0,28,SD-->PD
X-1479,BYL719 + cetuximab + encorafenib,"PIK3CA,EGFR,BRAF",combo,77.69999999999999,21,27.14999999999999,11,24.430769230769233,67,PD
X-1479,BYL719 + encorafenib,"PIK3CA,BRAF",combo,-7.599999999999994,12,-3.0250000000000057,12,46.10801393728223,90,SD-->PD
X-1479,BYL719 + LJM716,"PIK3CA,ERBB3,ERBB3,PIK3CA",combo,-15.0,17,-12.066666666666665,17,64.16032064128257,83,SD-->PD
X-1479,BYL719 + binimetinib,"PIK3CA,MAPK",combo,-61.1,47,-34.215,72,90.0,90,PR-->-->PD
X-1479,cetuximab + encorafenib,"EGFR,BRAF",combo,130.2,21,45.57499999999999,11,18.41880341880342,39,PD
X-1479,CGM097,MDM2,single,221.9,22,27.09999999999999,12,15.362116991643454,22,PD
X-1479,CKX620,MAPK,single,-28.700000000000003,49,-8.235294117647058,56,56.0,56,SD
X-1479,CLR457,"PIK3CA,PIK3CB,PIK3CG,PIK3CD,panPI3K",single,11.099999999999994,10,9.5,14,46.33583489681051,80,SD-->PD
X-1479,HDM201,MDM2,single,120.7,21,24.25999999999999,14,17.978102189781023,24,PD
X-1479,LEE011,"CDK4,CDK6,CDK4/6",single,0.2000000000000028,10,0.7199999999999989,13,27.0,27,SD-->PD
X-1479,encorafenib,BRAF,single,100.1,20,7.420000000000002,13,19.990825688073397,31,PD
X-1479,LJC049,TNKS,single,171.7,20,35.140000000000015,13,12.896860986547084,20,PD
X-1479,LKA136,"NTRK1,NTRK2,NTRK3",single,119.6,20,19.02000000000001,13,18.873563218390803,20,PD
X-1479,binimetinib,"MAP2K1,MAP2K2,MAPK",single,-1.0999999999999943,10,1.0799999999999983,13,70.4608695652174,87,SD-->PD
X-1479,untreated,"UNKNOWN,Untreated",single,-4.099999999999994,11,-4.424999999999997,11,88.0,88,SD-->PD
X-1499,BGJ398,FGFR,single,158.3,15,56.275000000000006,11,9.17717003567182,15,PD
X-1499,BKM120,"PIK3CA,PIK3CB,PIK3CG,PIK3CD,panPI3K",single,216.7,15,52.69999999999999,11,7.43878954607978,15,PD
X-1499,BKM120 + binimetinib,"panPI3K,MAPK,MAP2K1,MAP2K2,PIK3CA,PIK3CB,PIK3CG,PIK3CD",combo,151.9,20,30.94,13,13.065450643776824,25,PD
X-1499,BYL719,PIK3CA,single,268.6,9,153.775,9,4.0,9,PD
X-1499,BYL719 + LGH447,"PIK3CA,PIM",combo,517.1,15,124.15,11,5.721081081081081,15,PD
X-1499,BYL719 + LJM716,"PIK3CA,ERBB3,ERBB3,PIK3CA",combo,136.8,15,54.400000000000006,11,9.274809160305344,15,PD
X-1499,CGM097,MDM2,single,-100.0,21,-82.49642857142857,100,100.0,100,CR
X-1499,CKX620,MAPK,single,182.2,22,50.57499999999999,11,13.116071428571429,26,PD
X-1499,CLR457,"PIK3CA,PIK3CB,PIK3CG,PIK3CD,panPI3K",single,295.2,15,84.83999999999997,14,9.499468650371943,15,PD
X-1499,HDM201,MDM2,single,500.5,15,180.3,14,5.555667001003009,15,PD
X-1499,HSP990,HSP90,single,132.6,11,72.30000000000001,11,6.927631578947369,11,PD
X-1499,INC280,MET,single,229.6,8,108.5,8,4.1226626776365,8,PD
X-1499,LCL161 + paclitaxel,"BIRC2,TUBB,Tubulin",combo,212.3,13,69.28,13,9.88445667125172,13,PD
X-1499,LEE011,"CDK4,CDK6,CDK4/6",single,-76.1,56,-29.926923076923075,94,112.84210526315788,139,PR-->-->PD
X-1499,LGH447,PIM,single,247.0,9,122.65,9,5.5,9,PD
X-1499,LLM871,FGFR2/4,single,228.8,5,127.20000000000002,5,4.0,5,PD
X-1499,binimetinib,"MAP2K1,MAP2K2,MAPK",single,236.3,16,102.64,11,3.8449039881831606,16,PD
X-1499,untreated,"UNKNOWN,Untreated",single,412.9,12,185.425,12,5.0,12,PD
X-1499,LFW527 + binimetinib,"IGF1R,MAP2K1,MAP2K2",combo,-19.700000000000003,10,-4.549999999999997,14,20.61048689138577,24,SD-->PD
X-1500,5FU,chemotherapy,single,-20.5,28,-8.25,57,76.0,76,SD-->-->PD
X-1500,BKM120,"PIK3CA,PIK3CB,PIK3CG,PIK3CD,panPI3K",single,-94.4,154,-54.95,154,154.0,154,PR
X-1500,BKM120 + LJC049,"panPI3K,TNKS",combo,-55.0,31,-22.12857142857142,31,31.0,31,PR
X-1500,BYL719,PIK3CA,single,-57.2,25,-34.90833333333333,49,49.0,49,PR-->PD
X-1500,BYL719 + cetuximab,"PIK3CA,EGFR",combo,-100.0,101,-80.47826086956522,118,118.0,118,CR
X-1500,BYL719 + cetuximab + encorafenib,"PIK3CA,EGFR,BRAF",combo,-100.0,57,-72.24285714285715,69,69.0,69,CR
X-1500,BYL719 + encorafenib,"PIK3CA,BRAF",combo,36.0,28,62.44999999999999,18,32.2962962962963,36,PD
X-1500,BYL719 + LJM716,"PIK3CA,ERBB3,ERBB3,PIK3CA",combo,-34.099999999999994,18,-21.52500000000001,18,49.0,49,SD-->PD
X-1500,BYL719 + binimetinib,"PIK3CA,MAPK",combo,-85.9,25,-66.67333333333333,68,122.0,122,PR-->-->PD
X-1500,cetuximab + encorafenib,"EGFR,BRAF",combo,-100.0,87,-79.61304347826086,123,123.0,123,CR
X-1500,CGM097,MDM2,single,216.4,22,98.23999999999998,22,6.611171960569552,29,PD
X-1500,CKX620,MAPK,single,-6.0,32,2.8125,32,53.0,53,SD-->PD
X-1500,CLR457,"PIK3CA,PIK3CB,PIK3CG,PIK3CD,panPI3K",single,-72.4,41,-51.78666666666666,75,75.0,75,PR
X-1500,HDM201,MDM2,single,491.2999999999999,22,173.45999999999998,22,6.4110854503464205,32,PD
X-1500,LEE011,"CDK4,CDK6,CDK4/6",single,-6.400000000000006,38,4.025000000000006,25,56.0,56,SD-->PD
X-1500,encorafenib,BRAF,single,264.9,22,119.3,22,4.986899563318778,29,PD
X-1500,LJC049,TNKS,single,124.6,25,14.875,18,19.60198300283286,25,PD
X-1500,LKA136,"NTRK1,NTRK2,NTRK3",single,59.30000000000001,21,18.83333333333333,17,21.0,21,PD
X-1500,binimetinib,"MAP2K1,MAP2K2,MAPK",single,-29.09999999999999,28,-6.669230769230779,53,86.54761904761905,129,SD-->PD
X-1500,untreated,"UNKNOWN,Untreated",single,289.0,25,59.525000000000006,11,8.816593886462881,32,PD
X-1500,LFW527 + binimetinib,"IGF1R,MAP2K1,MAP2K2",combo,40.599999999999994,24,12.916666666666671,15,35.9593023255814,143,PD
X-152,BYL719,PIK3CA,single,-8.700000000000003,14,-2.4166666666666714,17,37.25,91,SD-->PD
X-152,HSP990,HSP90,single,41.900000000000006,23,28.30000000000001,13,32.44827586206897,97,PD
X-152,LEE011,"CDK4,CDK6,CDK4/6",single,-12.5,23,1.4500000000000028,23,27.0,27,SD
X-1536,5FU,chemotherapy,single,34.900000000000006,24,21.28,14,46.0,46,SD-->PD
X-1536,BKM120,"PIK3CA,PIK3CB,PIK3CG,PIK3CD,panPI3K",single,42.30000000000001,20,16.179999999999993,13,40.64,44,PD
X-1536,BKM120 + LJC049,"panPI3K,TNKS",combo,-8.599999999999994,24,-0.9000000000000057,27,69.0,69,SD-->PD
X-1536,BYL719,PIK3CA,single,114.5,21,19.59999999999999,13,19.94353369763206,44,PD
X-1536,BYL719 + cetuximab,"PIK3CA,EGFR",combo,8.799999999999997,11,7.25,11,91.0,91,SD
X-1536,BYL719 + cetuximab + encorafenib,"PIK3CA,EGFR,BRAF",combo,7.099999999999994,13,3.5400000000000063,13,45.16289592760181,49,SD-->PD
X-1536,BYL719 + encorafenib,"PIK3CA,BRAF",combo,103.3,23,8.900000000000006,13,22.7117903930131,43,PD
X-1536,BYL719 + LJM716,"PIK3CA,ERBB3,ERBB3,PIK3CA",combo,7.400000000000006,14,9.179999999999993,14,39.47887323943662,43,SD-->PD
X-1536,BYL719 + binimetinib,"PIK3CA,MAPK",combo,-24.200000000000003,10,-14.92857142857143,20,20.0,20,SD
X-1536,cetuximab + encorafenib,"EGFR,BRAF",combo,52.0,21,20.200000000000003,14,28.417391304347827,43,PD
X-1536,CKX620,MAPK,single,8.099999999999994,10,7.280000000000001,13,95.0,95,SD-->PD
X-1536,CLR457,"PIK3CA,PIK3CB,PIK3CG,PIK3CD,panPI3K",single,-11.200000000000005,24,-2.2166666666666544,37,76.85483870967741,91,SD-->PD
X-1536,HDM201,MDM2,single,4.599999999999994,13,3.879999999999995,13,46.0,46,SD-->PD
X-1536,LEE011,"CDK4,CDK6,CDK4/6",single,-54.9,71,-28.488888888888894,89,89.0,89,PR
X-1536,encorafenib,BRAF,single,146.9,20,35.74000000000001,11,13.373770491803278,41,PD
X-1536,LJC049,TNKS,single,159.3,21,45.31999999999999,15,13.53021978021978,30,PD
X-1536,LKA136,"NTRK1,NTRK2,NTRK3",single,59.900000000000006,21,23.25999999999999,15,24.53303964757709,45,PD
X-1536,binimetinib,"MAP2K1,MAP2K2,MAPK",single,-52.2,82,-17.55185185185185,89,89.0,89,SD
X-1536,untreated,"UNKNOWN,Untreated",single,107.6,23,15.159999999999997,13,22.126436781609197,43,PD
X-1538,BYL719,PIK3CA,single,-6.900000000000006,28,-1.6749999999999972,11,56.0,56,SD
X-1538,BYL719 + binimetinib,"PIK3CA,MAPK",combo,-3.9000000000000057,14,-1.7999999999999972,18,53.0,53,SD
X-1538,CLR457,"PIK3CA,PIK3CB,PIK3CG,PIK3CD,panPI3K",single,5.5,21,8.875,11,49.0,49,SD
X-1538,LEE011,"CDK4,CDK6,CDK4/6",single,-21.200000000000003,35,-15.106666666666657,49,66.0,66,SD
X-1538,encorafenib,BRAF,single,0.7999999999999972,11,0.625,11,32.0,32,SD-->PD
X-1538,untreated,"UNKNOWN,Untreated",single,3.4000000000000057,10,2.3400000000000034,15,76.0,76,SD-->PD
X-154,BGJ398,FGFR,single,358.9,20,55.57499999999999,11,9.167812929848694,24,PD
X-154,BKM120,"PIK3CA,PIK3CB,PIK3CG,PIK3CD,panPI3K",single,-8.400000000000006,11,8.116666666666674,17,31.60655737704918,73,SD-->PD
X-154,BYL719,PIK3CA,single,294.9,21,53.920000000000016,14,9.697674418604652,42,PD
X-154,BYL719 + HSP990,"PIK3CA,HSP90",combo,-2.799999999999997,20,18.825000000000003,24,36.10012836970475,66,SD-->PD
X-154,BYL719 + LJM716,"PIK3CA,ERBB3,ERBB3,PIK3CA",combo,98.4,21,21.67500000000001,11,21.177285318559555,46,PD
X-154,CLR457,"PIK3CA,PIK3CB,PIK3CG,PIK3CD,panPI3K",single,25.09999999999999,26,15.366666666666674,18,37.32293080054274,67,SD-->PD
X-154,HDM201,MDM2,single,152.4,21,56.099999999999994,14,13.146341463414634,49,PD
X-154,"figitumumab""",IGF1R,single,83.1,20,24.78,14,21.352,41,PD
X-154,HSP990,HSP90,single,96.1,29,48.06,14,16.810606060606062,60,PD
X-154,INC280,MET,single,-95.5,18,-73.1375,26,88.0,88,CR-->PD
X-154,INC280 + trastuzumab,"ERBB2,MET",combo,-100.0,19,-78.88333333333334,23,23.0,23,CR
X-154,LEE011,"CDK4,CDK6,CDK4/6",single,57.0,23,22.47999999999999,13,29.175637393767705,54,PD
X-154,LEE011 + everolimus,"CDK4,CDK6,MTOR,CDK4/6",combo,-56.9,14,-30.83750000000001,25,77.0,77,PR-->PD
X-154,LJM716,ERBB3,single,348.0,21,33.42500000000001,11,11.7919776119403,25,PD
X-154,LJM716 + trastuzumab,"ERBB3,ERBB2",combo,355.3,20,99.54000000000002,13,7.288956127080182,23,PD
X-154,binimetinib,"MAP2K1,MAP2K2,MAPK",single,246.8,21,39.31999999999999,13,12.96978851963746,42,PD
X-154,everolimus,MTOR,single,9.5,14,6.320000000000007,14,43.43589743589744,64,SD-->PD
X-154,trastuzumab,ERBB2,single,337.9,20,62.95999999999998,14,11.324061196105704,23,PD
X-154,untreated,"UNKNOWN,Untreated",single,277.1,21,108.61999999999998,14,6.17661388550548,21,PD
X-158,BGJ398,FGFR,single,-17.099999999999994,10,-6.739999999999995,14,44.306748466257666,73,SD-->PD
X-158,BKM120,"PIK3CA,PIK3CB,PIK3CG,PIK3CD,panPI3K",single,-34.3,14,-25.28,14,50.045368620037806,78,SD-->PD
X-158,BYL719,PIK3CA,single,-10.900000000000006,10,-4.400000000000006,14,87.6046511627907,107,SD-->PD
X-158,BYL719 + HSP990,"PIK3CA,HSP90",combo,64.30000000000001,48,20.72499999999999,15,28.167300380228134,48,PD
X-158,CLR457,"PIK3CA,PIK3CB,PIK3CG,PIK3CD,panPI3K",single,-37.8,107,-0.6666666666666714,114,114.0,114,SD-->PD
X-158,HDM201,MDM2,single,112.9,20,32.920000000000016,14,16.29565217391304,42,PD
X-158,"figitumumab""",IGF1R,single,250.4,20,61.95999999999998,14,11.251396648044691,30,PD
X-158,HSP990,HSP90,single,128.5,26,34.724999999999994,14,18.388059701492537,43,PD
X-158,INC280,MET,single,163.0,25,35.44999999999999,14,18.588785046728972,32,PD
X-158,INC280 + trastuzumab,"ERBB2,MET",combo,-75.7,53,-31.434375000000003,133,133.0,133,PR-->-->PD
X-158,LEE011,"CDK4,CDK6,CDK4/6",single,75.0,20,11.97999999999999,14,23.95778364116095,63,PD
X-158,LEE011 + everolimus,"CDK4,CDK6,MTOR,CDK4/6",combo,-81.2,97,-49.04642857142857,114,114.0,114,PR
X-158,LJM716,ERBB3,single,19.700000000000003,9,9.275000000000006,15,34.10714285714286,52,SD-->PD
X-158,LJM716 + trastuzumab,"ERBB3,ERBB2",combo,95.1,23,-2.4399999999999977,13,23.0,23,PD
X-158,LLM871,FGFR2/4,single,42.099999999999994,30,48.224999999999994,13,48.070422535211264,73,PD
X-158,binimetinib,"MAP2K1,MAP2K2,MAPK",single,-12.099999999999994,25,4.257142857142853,25,36.0,36,SD-->PD
X-158,everolimus,MTOR,single,10.5,10,14.679999999999993,14,56.48235294117647,94,SD-->PD
X-158,trastuzumab,ERBB2,single,82.4,22,24.950000000000003,14,23.842931937172775,35,PD
X-158,untreated,"UNKNOWN,Untreated",single,53.69999999999999,22,47.52000000000001,13,9.0,60,PD
X-1586,BGJ398,FGFR,single,6.299999999999997,11,-8.825000000000003,11,35.0,35,SD-->PD
X-1586,BKM120,"PIK3CA,PIK3CB,PIK3CG,PIK3CD,panPI3K",single,-45.4,28,-26.700000000000003,18,67.99435028248587,117,SD-->PD
X-1586,BKM120 + binimetinib,"panPI3K,MAPK,MAP2K1,MAP2K2,PIK3CA,PIK3CB,PIK3CG,PIK3CD",combo,-74.1,52,-53.12,67,106.0,106,PR-->-->PD
X-1586,BYL719,PIK3CA,single,-47.7,18,-28.65714285714286,21,83.91525423728814,110,SD-->PD
X-1586,BYL719 + LGH447,"PIK3CA,PIM",combo,-59.5,14,-36.43333333333334,21,54.493506493506494,63,PR-->PD
X-1586,BYL719 + LJM716,"PIK3CA,ERBB3,ERBB3,PIK3CA",combo,-51.1,17,-37.325,24,59.95907928388747,106,PR-->PD
X-1586,CGM097,MDM2,single,-11.5,11,-8.875,11,54.91428571428571,60,SD-->PD
X-1586,CKX620,MAPK,single,-59.1,63,-39.22105263157895,63,117.0,117,PR-->-->PD
X-1586,CLR457,"PIK3CA,PIK3CB,PIK3CG,PIK3CD,panPI3K",single,13.299999999999995,18,-3.5999999999999943,11,41.564516129032256,74,SD-->PD
X-1586,HDM201,MDM2,single,-41.1,39,-22.820000000000007,14,42.0,42,SD
X-1586,HSP990,HSP90,single,-44.5,40,-33.746153846153845,43,56.0,56,SD
X-1586,INC280,MET,single,42.80000000000001,21,-24.659999999999997,14,30.7012987012987,51,PD
X-1586,LCL161 + paclitaxel,"BIRC2,TUBB,Tubulin",combo,-54.9,55,-16.14999999999999,18,55.0,55,SD-->PD
X-1586,LEE011,"CDK4,CDK6,CDK4/6",single,-26.40000000000001,28,-24.02857142857144,21,57.019847328244275,60,SD-->PD
X-1586,LGH447,PIM,single,193.3,23,-5.950000000000003,12,16.97948717948718,26,PD
X-1586,LLM871,FGFR2/4,single,27.0,18,-6.5,11,33.67948717948718,48,SD-->PD
X-1586,binimetinib,"MAP2K1,MAP2K2,MAPK",single,-33.900000000000006,10,-28.90000000000001,14,68.00607902735563,100,SD-->PD
X-1586,untreated,"UNKNOWN,Untreated",single,3.4000000000000057,36,-0.7399999999999949,15,58.31506849315068,70,SD-->PD
X-1586,LFW527 + binimetinib,"IGF1R,MAP2K1,MAP2K2",combo,-13.700000000000005,10,-10.340000000000003,14,87.0,87,SD-->PD
X-160,BGJ398,FGFR,single,-20.40000000000001,11,-6.36,14,116.998046875,138,SD-->PD
X-160,BKM120,"PIK3CA,PIK3CB,PIK3CG,PIK3CD,panPI3K",single,-45.2,103,-16.969230769230762,152,221.0,221,SD-->-->PD
X-160,BYL719,PIK3CA,single,-3.299999999999997,10,-0.1500000000000056,15,84.80930930930931,98,SD-->PD
X-160,BYL719 + HSP990,"PIK3CA,HSP90",combo,-10.5,21,14.488888888888894,28,63.7005076142132,69,SD-->PD
X-160,BYL719 + LJM716,"PIK3CA,ERBB3,ERBB3,PIK3CA",combo,17.700000000000003,21,21.58,14,34.05544554455446,69,SD
X-160,CLR457,"PIK3CA,PIK3CB,PIK3CG,PIK3CD,panPI3K",single,-10.5,28,-2.7555555555555458,28,68.16438356164383,86,SD-->PD
X-160,HDM201,MDM2,single,-12.400000000000006,11,-6.674999999999997,11,64.32512315270935,109,SD-->PD
X-160,"figitumumab""",IGF1R,single,225.3,23,27.97499999999999,12,13.862669245647968,49,PD
X-160,HSP990,HSP90,single,2.9000000000000057,11,4.1000000000000085,11,28.955426356589147,95,SD-->PD
X-160,INC280,MET,single,95.1,24,5.6200000000000045,14,24.43362831858407,49,PD
X-160,INC280 + trastuzumab,"ERBB2,MET",combo,-23.5,11,-10.350000000000009,18,76.95518207282913,80,SD-->PD
X-160,LEE011,"CDK4,CDK6,CDK4/6",single,-15.400000000000006,11,-6.675000000000011,11,63.41496598639456,96,SD-->PD
X-160,LEE011 + everolimus,"CDK4,CDK6,MTOR,CDK4/6",combo,33.900000000000006,57,19.22,15,64.50103092783505,80,SD
X-160,LJM716,ERBB3,single,-17.200000000000003,38,-1.181818181818187,38,86.0,86,SD-->PD
X-160,LJM716 + trastuzumab,"ERBB3,ERBB2",combo,-2.299999999999997,14,1.9399999999999975,14,29.84837545126354,55,SD-->PD
X-160,LLM871,FGFR2/4,single,59.900000000000006,23,5.849999999999994,12,28.528735632183903,73,PD
X-160,binimetinib,"MAP2K1,MAP2K2,MAPK",single,19.700000000000003,24,7.97999999999999,14,28.0,28,SD-->PD
X-160,everolimus,MTOR,single,-38.1,70,-23.11111111111111,35,130.8406374501992,152,SD-->PD
X-1600,BGJ398,FGFR,single,659.8,14,135.45,11,5.037463976945245,14,PD
X-1600,BKM120,"PIK3CA,PIK3CB,PIK3CG,PIK3CD,panPI3K",single,-32.2,11,-19.879999999999995,14,42.19753086419753,51,SD-->PD
X-1600,BYL719,PIK3CA,single,275.8,24,49.420000000000016,14,11.931787175989086,26,PD
X-1600,BYL719 + LEE011,"PIK3CA,CDK4/6",combo,-15.400000000000006,9,-8.560000000000002,13,43.201183431952664,49,SD-->PD
X-1600,BYL719 + LJM716,"PIK3CA,ERBB3,ERBB3,PIK3CA",combo,520.9,20,86.17500000000001,11,7.033057851239669,20,PD
X-1600,CGM097,MDM2,single,279.8,14,76.9,11,8.439764111204719,14,PD
X-1600,CLR457,"PIK3CA,PIK3CB,PIK3CG,PIK3CD,panPI3K",single,-15.700000000000005,11,-10.25,11,39.685376661742986,48,SD-->PD
X-1600,HDM201,MDM2,single,463.0,24,117.68,14,6.277445109780439,26,PD
X-1600,INC424,JAK,single,1022.3,18,86.17499999999998,11,7.503875968992249,18,PD
X-1600,LEE011,"CDK4,CDK6,CDK4/6",single,78.30000000000001,20,16.200000000000003,13,21.482915717539864,34,PD
X-1600,LEE011 + everolimus,"CDK4,CDK6,MTOR,CDK4/6",combo,-36.3,9,-26.42,13,128.8608695652174,148,SD-->PD
X-1600,LFA102,PRLR ,single,746.6,14,157.57999999999998,13,5.754617414248022,14,PD
X-1600,LJM716,ERBB3,single,794.9,14,156.3,11,5.345731191885038,14,PD
X-1600,LJM716 + trastuzumab,"ERBB3,ERBB2",combo,318.2,20,53.400000000000006,13,11.199370409233998,21,PD
X-1600,LKA136,"NTRK1,NTRK2,NTRK3",single,782.4,13,173.5,11,5.169559412550067,13,PD
X-1600,LLM871,FGFR2/4,single,502.5,20,43.84,13,11.672340425531916,20,PD
X-1600,binimetinib,"MAP2K1,MAP2K2,MAPK",single,948.6,18,116.825,11,6.458278145695365,18,PD
X-1600,trastuzumab,ERBB2,single,1333.7,13,425.74,13,4.198341395991707,13,PD
X-1600,untreated,"UNKNOWN,Untreated",single,637.9,10,270.15,10,3.0,10,PD
X-1600,LFW527 + everolimus,"IGF1R,MTOR",combo,33.599999999999994,27,-5.150000000000006,13,37.09893455098935,63,SD-->PD
X-161,BGJ398,FGFR,single,-62.7,29,-42.59166666666667,40,116.0,116,PR-->PD
X-161,BKM120,"PIK3CA,PIK3CB,PIK3CG,PIK3CD,panPI3K",single,79.19999999999999,22,31.65000000000001,12,28.316964285714285,88,PD
X-161,BYL719,PIK3CA,single,69.5,22,15.724999999999994,12,24.68131868131868,67,PD
X-161,BYL719 + HSP990,"PIK3CA,HSP90",combo,-25.200000000000003,17,-14.724999999999994,24,52.95845697329377,97,SD-->PD
X-161,BYL719 + LJM716,"PIK3CA,ERBB3,ERBB3,PIK3CA",combo,191.4,20,56.099999999999994,13,10.949748743718594,34,PD
X-161,CLR457,"PIK3CA,PIK3CB,PIK3CG,PIK3CD,panPI3K",single,163.0,30,62.875,12,9.45664739884393,54,PD
X-161,HDM201,MDM2,single,369.3,22,60.599999999999994,12,7.45,33,PD
X-161,"figitumumab""",IGF1R,single,137.1,22,1.6749999999999972,12,16.97031039136302,50,PD
X-161,HSP990,HSP90,single,154.2,22,25.90000000000001,12,14.08848080133556,43,PD
X-161,INC280,MET,single,8.700000000000003,27,-13.840000000000003,12,38.19939577039275,54,SD-->PD
X-161,INC280 + trastuzumab,"ERBB2,MET",combo,246.6,21,59.859999999999985,14,11.170068027210885,28,PD
X-161,LEE011,"CDK4,CDK6,CDK4/6",single,27.90000000000001,22,36.82499999999999,12,37.005847953216374,88,PD
X-161,LEE011 + everolimus,"CDK4,CDK6,MTOR,CDK4/6",combo,-44.4,21,-23.521052631578954,63,63.0,63,SD
X-161,LJM716,ERBB3,single,213.6,24,29.80000000000001,14,17.003384094754654,36,PD
X-161,LJM716 + trastuzumab,"ERBB3,ERBB2",combo,116.9,24,18.299999999999997,14,19.116504854368937,52,PD
X-161,LLM871,FGFR2/4,single,-100.0,19,-89.7516129032258,134,158.0,158,CR-->-->PD
X-161,binimetinib,"MAP2K1,MAP2K2,MAPK",single,29.40000000000001,30,23.825000000000003,12,39.44424131627056,131,SD
X-161,everolimus,MTOR,single,65.6,21,14.700000000000005,14,37.109375,104,PD
X-161,trastuzumab,ERBB2,single,277.6,22,42.25,12,12.173391494002182,33,PD
X-161,untreated,"UNKNOWN,Untreated",single,435.2999999999999,21,96.5,14,7.355263157894736,31,PD
X-162,BYL719,PIK3CA,single,-28.5,108,-4.179999999999993,13,108.0,108,SD-->PD
X-162,BYL719 + HSP990,"PIK3CA,HSP90",combo,139.9,20,-2.5600000000000023,13,18.842359767891683,59,PD
X-162,BYL719 + LJM716,"PIK3CA,ERBB3,ERBB3,PIK3CA",combo,39.80000000000001,21,25.5,14,25.327731092436977,71,PD
X-162,HSP990,HSP90,single,-17.799999999999997,17,46.01666666666668,17,17.0,17,PD
X-162,LEE011,"CDK4,CDK6,CDK4/6",single,28.0,20,5.799999999999997,13,61.75333333333334,108,SD-->PD
X-162,LEE011 + everolimus,"CDK4,CDK6,MTOR,CDK4/6",combo,50.599999999999994,57,50.42500000000001,11,12.710526315789474,63,PD
X-162,everolimus,MTOR,single,1.7000000000000028,13,5.320000000000007,13,38.625,81,SD-->PD
X-162,untreated,"UNKNOWN,Untreated",single,320.5,21,65.18,14,9.333333333333332,31,PD
X-1631,BGJ398,FGFR,single,363.0,11,172.55,11,4.0,11,PD
X-1631,BKM120,"PIK3CA,PIK3CB,PIK3CG,PIK3CD,panPI3K",single,19.200000000000003,18,11.0,12,44.24116424116424,67,SD-->PD
X-1631,BYL719,PIK3CA,single,47.400000000000006,20,22.78,13,29.320987654320987,34,PD
X-1631,BYL719 + LEE011,"PIK3CA,CDK4/6",combo,-22.59999999999999,38,-11.045454545454549,38,63.94462025316456,94,SD-->PD
X-1631,BYL719 + LJM716,"PIK3CA,ERBB3,ERBB3,PIK3CA",combo,119.0,22,16.366666666666674,12,18.859504132231404,25,PD
X-1631,CGM097,MDM2,single,265.0,20,53.30000000000001,13,11.489473684210529,27,PD
X-1631,CLR457,"PIK3CA,PIK3CB,PIK3CG,PIK3CD,panPI3K",single,-15.700000000000005,63,-7.025000000000006,11,98.0,98,SD-->-->PD
X-1631,HDM201,MDM2,single,113.3,25,24.22499999999999,11,23.53616352201258,33,PD
X-1631,LEE011,"CDK4,CDK6,CDK4/6",single,218.8,21,98.97500000000002,13,5.64982269503546,24,PD
X-1631,LEE011 + everolimus,"CDK4,CDK6,MTOR,CDK4/6",combo,14.5,17,16.78,17,17.0,17,SD
X-1631,LFA102,PRLR ,single,312.1,20,67.85,14,8.926694329183956,20,PD
X-1631,LJM716,ERBB3,single,354.2,18,76.56666666666669,12,7.057890563045202,18,PD
X-1631,LJM716 + trastuzumab,"ERBB3,ERBB2",combo,397.2,20,77.57499999999999,14,7.61408657373441,20,PD
X-1631,LKA136,"NTRK1,NTRK2,NTRK3",single,325.0,21,60.19999999999999,13,8.67591763652641,21,PD
X-1631,LLM871,FGFR2/4,single,-98.7,41,-79.988,87,137.5984251968504,181,CR-->-->PD
X-1631,binimetinib,"MAP2K1,MAP2K2,MAPK",single,99.5,20,37.30000000000001,17,20.0561797752809,45,PD
X-1631,trastuzumab,ERBB2,single,365.7,20,88.05000000000001,14,6.132718894009217,20,PD
X-1631,untreated,"UNKNOWN,Untreated",single,402.6,21,59.76666666666665,11,10.74698795180723,21,PD
X-165,BGJ398,FGFR,single,136.5,23,43.025000000000006,11,13.015625000000002,49,PD
X-165,BKM120,"PIK3CA,PIK3CB,PIK3CG,PIK3CD,panPI3K",single,-61.8,84,-37.14545454545455,147,147.0,147,PR
X-165,BYL719,PIK3CA,single,-21.09999999999999,113,14.49600000000001,135,178.59468170829976,225,SD-->-->PD
X-165,BYL719 + HSP990,"PIK3CA,HSP90",combo,-66.5,89,-35.95238095238095,89,89.0,89,PR
X-165,BYL719 + LJM716,"PIK3CA,ERBB3,ERBB3,PIK3CA",combo,26.59999999999999,20,11.150000000000006,15,34.0,34,SD-->PD
X-165,HDM201,MDM2,single,-22.5,11,-10.916666666666671,18,156.0,156,SD-->PD
X-165,HSP990,HSP90,single,115.9,21,34.23333333333332,11,18.99242424242424,66,PD
X-165,INC280,MET,single,-15.900000000000006,9,-11.400000000000006,15,58.21671826625387,69,SD-->PD
X-165,INC280 + trastuzumab,"ERBB2,MET",combo,-18.0,5,-6.066666666666663,5,5.0,5,SD
X-165,LEE011 + everolimus,"CDK4,CDK6,MTOR,CDK4/6",combo,-37.5,52,-8.929411764705875,65,65.0,65,SD
X-165,LJM716,ERBB3,single,19.5,18,19.84999999999999,11,28.7005076142132,43,SD-->PD
X-165,LJM716 + trastuzumab,"ERBB3,ERBB2",combo,-6.299999999999997,57,11.320000000000007,15,25.906976744186046,80,SD-->PD
X-165,binimetinib,"MAP2K1,MAP2K2,MAPK",single,1.7000000000000028,9,3.5,15,35.5,48,SD-->PD
X-165,everolimus,MTOR,single,-58.9,82,-29.476470588235287,95,133.01192052980133,138,PR-->-->PD
X-1655,BKM120,"PIK3CA,PIK3CB,PIK3CG,PIK3CD,panPI3K",single,92.0,23,46.900000000000006,11,7.640062597809077,32,PD
X-1655,BKM120 + encorafenib,"panPI3K,BRAF,BRAF,PIK3CA,PIK3CB,PIK3CG,PIK3CD",combo,384.4,28,46.650000000000006,11,11.150170648464163,30,PD
X-1655,CGM097,MDM2,single,357.6,22,164.60000000000002,14,2.805054151624549,30,PD
X-1655,CLR457,"PIK3CA,PIK3CB,PIK3CG,PIK3CD,panPI3K",single,2.0,10,-0.960000000000008,14,29.86315789473684,34,SD-->PD
X-1655,LDE225,SMO,single,279.7,20,72.65,13,9.64860681114551,29,PD
X-1655,LDK378,ALK,single,260.4,22,68.225,11,8.790794979079498,30,PD
X-1655,LEE011,"CDK4,CDK6,CDK4/6",single,38.099999999999994,23,8.125,11,32.0,32,PD
X-1655,LEE011 + encorafenib,"CDK4/6,BRAF,BRAF,CDK4,CDK6",combo,209.9,30,79.19999999999999,11,6.465539661898569,30,PD
X-1655,LEE011 + binimetinib,"CDK4,CDK6,MAP2K1,MAP2K2,CDK4/6,MAPK",combo,-47.5,65,-18.94736842105263,84,115.0,115,SD-->-->PD
X-1655,WNT974,PORCN,single,674.5,18,128.675,11,4.189305470190535,18,PD
X-1655,LGW813,IAP,single,291.7,20,32.525000000000006,13,14.263610315186249,29,PD
X-1655,encorafenib,BRAF,single,362.8,22,69.78,14,9.4004004004004,32,PD
X-1655,encorafenib + binimetinib,"BRAF,MAP2K1,MAP2K2,MAPK",combo,275.6,25,75.625,12,9.167048054919908,32,PD
X-1655,binimetinib,"MAP2K1,MAP2K2,MAPK",single,270.2,23,-5.525000000000006,11,17.69793322734499,32,PD
X-1655,TAS266,DR5,single,465.7000000000001,22,70.82,14,9.547886108714408,30,PD
X-1655,untreated,"UNKNOWN,Untreated",single,144.0,20,56.12,12,11.197183098591546,33,PD
X-1658,BGJ398,FGFR,single,244.4,13,109.4,13,7.11787072243346,13,PD
X-1658,BKM120,"PIK3CA,PIK3CB,PIK3CG,PIK3CD,panPI3K",single,-34.599999999999994,13,-12.72,13,21.5123010130246,42,SD-->PD
X-1658,BKM120 + binimetinib,"panPI3K,MAPK,MAP2K1,MAP2K2,PIK3CA,PIK3CB,PIK3CG,PIK3CD",combo,-22.299999999999997,10,-16.120000000000005,13,48.291666666666664,55,SD-->PD
X-1658,BYL719,PIK3CA,single,18.700000000000003,31,22.459999999999994,13,48.15942028985507,50,SD
X-1658,BYL719 + LGH447,"PIK3CA,PIM",combo,-7.400000000000006,11,-12.474999999999994,11,67.29540481400437,102,SD-->PD
X-1658,BYL719 + LJM716,"PIK3CA,ERBB3,ERBB3,PIK3CA",combo,-94.3,42,-41.19230769230769,42,42.0,42,PR
X-1658,CGM097,MDM2,single,351.9,20,45.400000000000006,13,9.350597609561753,20,PD
X-1658,CKX620,MAPK,single,425.0,13,251.7,13,3.0,13,PD
X-1658,CLR457,"PIK3CA,PIK3CB,PIK3CG,PIK3CD,panPI3K",single,-21.799999999999997,10,-10.0,14,56.214454976303315,60,SD-->PD
X-1658,HDM201,MDM2,single,-23.90000000000001,39,0.0999999999999943,42,75.64285714285714,82,SD-->PD
X-1658,HSP990,HSP90,single,-33.7,10,-1.7399999999999949,14,20.54439252336449,47,SD-->PD
X-1658,INC280,MET,single,216.8,21,38.18000000000001,13,13.686210640608037,28,PD
X-1658,LCL161 + paclitaxel,"BIRC2,TUBB,Tubulin",combo,-100.0,39,-85.98095238095239,98,98.0,98,CR
X-1658,LEE011,"CDK4,CDK6,CDK4/6",single,488.7000000000001,17,142.625,11,5.340030911901081,17,PD
X-1658,LGH447,PIM,single,600.4,20,87.85999999999999,13,6.363265306122449,20,PD
X-1658,LLM871,FGFR2/4,single,442.2999999999999,18,70.69999999999999,14,11.251422070534698,18,PD
X-1658,binimetinib,"MAP2K1,MAP2K2,MAPK",single,92.9,24,59.19999999999999,13,6.3195548489666145,42,PD
X-1658,untreated,"UNKNOWN,Untreated",single,156.60000000000002,21,12.275000000000006,11,14.357400722021662,25,PD
X-1658,LFW527 + binimetinib,"IGF1R,MAP2K1,MAP2K2",combo,449.2000000000001,14,123.0,11,4.0,14,PD
X-166,BGJ398,FGFR,single,188.1,20,55.54000000000002,14,12.582959641255606,34,PD
X-166,BKM120,"PIK3CA,PIK3CB,PIK3CG,PIK3CD,panPI3K",single,-20.299999999999997,46,-3.228571428571428,51,103.38335809806836,107,SD-->-->PD
X-166,BYL719,PIK3CA,single,-100.0,89,-34.94054054054054,175,175.0,175,PR-->PD
X-166,BYL719 + HSP990,"PIK3CA,HSP90",combo,11.5,19,29.88333333333333,19,19.0,19,SD
X-166,BYL719 + LJM716,"PIK3CA,ERBB3,ERBB3,PIK3CA",combo,-90.8,111,-65.94285714285715,111,111.0,111,PR
X-166,CLR457,"PIK3CA,PIK3CB,PIK3CG,PIK3CD,panPI3K",single,-18.299999999999997,11,-2.424999999999997,11,23.0,23,SD
X-166,HDM201,MDM2,single,160.10000000000002,20,49.25999999999999,14,16.42857142857143,34,PD
X-166,"figitumumab""",IGF1R,single,145.1,20,34.66,14,18.021929824561404,34,PD
X-166,HSP990,HSP90,single,143.6,20,59.84,14,12.142857142857144,42,PD
X-166,INC280,MET,single,166.60000000000002,23,71.4,11,6.72929542645241,31,PD
X-166,INC280 + trastuzumab,"ERBB2,MET",combo,93.0,27,8.924999999999997,11,19.857142857142858,31,PD
X-166,LEE011,"CDK4,CDK6,CDK4/6",single,31.80000000000001,20,11.900000000000006,14,46.53588516746411,78,SD-->PD
X-166,LEE011 + everolimus,"CDK4,CDK6,MTOR,CDK4/6",combo,17.599999999999994,19,26.57142857142857,23,38.18691588785047,51,SD
X-166,LJM716,ERBB3,single,114.8,23,6.099999999999994,11,20.68025078369906,45,PD
X-166,LJM716 + trastuzumab,"ERBB3,ERBB2",combo,116.8,34,17.049999999999997,11,20.425,38,PD
X-166,LLM871,FGFR2/4,single,161.2,20,36.81999999999999,14,15.342105263157896,34,PD
X-166,binimetinib,"MAP2K1,MAP2K2,MAPK",single,-32.099999999999994,27,10.147999999999996,92,15.973451327433628,105,SD-->PD
X-166,everolimus,MTOR,single,19.700000000000003,17,21.30000000000001,17,46.0,46,SD
X-166,trastuzumab,ERBB2,single,128.0,20,33.74000000000001,14,16.737113402061855,42,PD
X-166,untreated,"UNKNOWN,Untreated",single,157.10000000000002,21,87.49230769230769,12,4.472594397076736,47,PD
X-1683,BGJ398,FGFR,single,-100.0,10,-92.02352941176471,55,55.0,55,CR
X-1683,BKM120,"PIK3CA,PIK3CB,PIK3CG,PIK3CD,panPI3K",single,-68.4,10,-48.18000000000001,14,93.09734513274336,110,PR-->PD
X-1683,BKM120 + binimetinib,"panPI3K,MAPK,MAP2K1,MAP2K2,PIK3CA,PIK3CB,PIK3CG,PIK3CD",combo,-84.8,66,-69.28055555555555,131,131.0,131,PR
X-1683,BYL719,PIK3CA,single,-90.1,83,-74.76578947368421,134,134.0,134,PR
X-1683,BYL719 + LGH447,"PIK3CA,PIM",combo,-79.7,35,-68.5725,141,141.0,141,PR
X-1683,BYL719 + LJM716,"PIK3CA,ERBB3,ERBB3,PIK3CA",combo,-91.2,35,-72.46666666666667,36,36.0,36,PR
X-1683,CGM097,MDM2,single,-76.2,23,-53.5,27,134.0,134,PR-->PD
X-1683,CKX620,MAPK,single,-94.8,27,-79.84,31,34.0,34,PR
X-1683,CLR457,"PIK3CA,PIK3CB,PIK3CG,PIK3CD,panPI3K",single,-19.700000000000003,12,-18.52500000000001,12,53.25167037861915,111,SD-->PD
X-1683,HDM201,MDM2,single,-49.3,11,-41.7,11,53.0,53,SD-->PD
X-1683,HSP990,HSP90,single,-52.3,15,-35.78,15,28.0,28,PR
X-1683,INC280,MET,single,-51.3,12,-43.5,15,63.289592760180994,111,PR-->PD
X-1683,LCL161 + paclitaxel,"BIRC2,TUBB,Tubulin",combo,-100.0,15,-88.22142857142858,48,48.0,48,CR
X-1683,LEE011,"CDK4,CDK6,CDK4/6",single,-57.2,13,-41.38,13,44.22033898305085,81,PR-->PD
X-1683,LGH447,PIM,single,-61.5,11,-51.05,11,38.0,38,PR-->PD
X-1683,LLM871,FGFR2/4,single,-61.1,10,-41.3,21,45.92923076923077,50,PR-->PD
X-1683,binimetinib,"MAP2K1,MAP2K2,MAPK",single,-59.8,15,-45.7875,26,76.98360655737704,97,PR-->PD
X-1683,untreated,"UNKNOWN,Untreated",single,122.9,20,-13.224999999999994,11,17.54642857142857,39,PD
X-169,BYL719,PIK3CA,single,17.900000000000006,12,16.0,12,12.0,12,SD
X-169,BYL719 + HSP990,"PIK3CA,HSP90",combo,-7.700000000000003,10,-3.25,20,34.0,34,SD
X-169,BYL719 + LJM716,"PIK3CA,ERBB3,ERBB3,PIK3CA",combo,-76.1,25,-54.23333333333333,28,28.0,28,PR
X-169,HSP990,HSP90,single,-3.0999999999999943,13,2.825000000000003,13,27.0,27,SD
X-169,LEE011 + everolimus,"CDK4,CDK6,MTOR,CDK4/6",combo,-73.9,14,-44.38000000000001,14,14.0,14,PR
X-169,LJM716,ERBB3,single,-100.0,38,-35.858333333333334,38,38.0,38,PR
X-169,everolimus,MTOR,single,-58.5,13,-35.57142857142857,27,27.0,27,PR
X-169,untreated,"UNKNOWN,Untreated",single,25.200000000000003,49,14.099999999999994,12,74.0,74,SD-->PD
X-171,BGJ398,FGFR,single,409.3,15,93.025,11,6.333908541846419,15,PD
X-171,BKM120,"PIK3CA,PIK3CB,PIK3CG,PIK3CD,panPI3K",single,370.0,19,68.5,13,9.16144578313253,19,PD
X-171,BYL719,PIK3CA,single,120.5,15,40.07499999999999,13,13.633333333333333,15,PD
X-171,BYL719 + HSP990,"PIK3CA,HSP90",combo,167.5,13,77.25,13,6.886255924170616,13,PD
X-171,BYL719 + LJM716,"PIK3CA,ERBB3,ERBB3,PIK3CA",combo,446.7999999999999,17,88.57999999999998,14,8.70580474934037,17,PD
X-171,CLR457,"PIK3CA,PIK3CB,PIK3CG,PIK3CD,panPI3K",single,315.1,13,126.8,13,5.7857142857142865,13,PD
X-171,HDM201,MDM2,single,269.7,22,26.299999999999997,13,14.61344537815126,26,PD
X-171,"figitumumab""",IGF1R,single,439.4,13,169.72500000000002,13,4.9569202566452795,13,PD
X-171,HSP990,HSP90,single,208.6,13,127.07500000000002,13,4.0,13,PD
X-171,INC280,MET,single,-100.0,37,-75.0,126,126.0,126,CR
X-171,LEE011,"CDK4,CDK6,CDK4/6",single,310.8,22,70.375,11,8.433476394849784,36,PD
X-171,LEE011 + everolimus,"CDK4,CDK6,MTOR,CDK4/6",combo,96.1,20,81.28,13,6.993150684931507,52,PD
X-171,LJM716,ERBB3,single,228.1,16,66.4,13,9.648514851485148,16,PD
X-171,LJM716 + trastuzumab,"ERBB3,ERBB2",combo,311.7,21,44.80000000000001,14,12.871621621621625,24,PD
X-171,LLM871,FGFR2/4,single,498.7999999999999,13,178.22499999999997,13,5.2016925246826515,13,PD
X-171,binimetinib,"MAP2K1,MAP2K2,MAPK",single,512.0,13,209.6,13,3.876304023845007,13,PD
X-171,everolimus,MTOR,single,264.5,22,29.125,11,13.21590909090909,22,PD
X-171,trastuzumab,ERBB2,single,513.4,19,121.6,13,5.709338929695698,19,PD
X-171,untreated,"UNKNOWN,Untreated",single,821.7,20,183.94,13,4.289855072463768,20,PD
X-1725,BGJ398,FGFR,single,56.0,22,-12.875,12,30.893617021276597,34,PD
X-1725,BKM120,"PIK3CA,PIK3CB,PIK3CG,PIK3CD,panPI3K",single,-81.5,133,10.840000000000003,14,134.0,134,SD-->PD
X-1725,BKM120 + binimetinib,"panPI3K,MAPK,MAP2K1,MAP2K2,PIK3CA,PIK3CB,PIK3CG,PIK3CD",combo,-28.0,10,-21.159999999999997,13,69.1963133640553,116,SD-->PD
X-1725,BYL719,PIK3CA,single,10.0,119,33.68000000000001,14,37.01,127,PD
X-1725,BYL719 + LGH447,"PIK3CA,PIM",combo,127.2,21,45.12,14,18.002754820936637,29,PD
X-1725,BYL719 + LJM716,"PIK3CA,ERBB3,ERBB3,PIK3CA",combo,-26.299999999999997,28,-7.280000000000001,14,41.89054726368159,57,SD-->PD
X-1725,CGM097,MDM2,single,11.400000000000006,26,21.924999999999997,12,28.54597701149425,63,SD-->PD
X-1725,CKX620,MAPK,single,-25.40000000000001,33,-16.760000000000005,15,85.0677966101695,113,SD-->PD
X-1725,CLR457,"PIK3CA,PIK3CB,PIK3CG,PIK3CD,panPI3K",single,108.2,21,28.620000000000005,14,19.952076677316295,43,PD
X-1725,HDM201,MDM2,single,-80.6,66,-43.375,66,66.0,66,PR
X-1725,HSP990,HSP90,single,-56.2,50,-29.72,12,50.0,50,PR
X-1725,INC280,MET,single,95.8,21,44.140000000000015,14,21.371681415929203,36,PD
X-1725,LCL161 + paclitaxel,"BIRC2,TUBB,Tubulin",combo,3.4000000000000057,25,3.75,11,47.46995994659546,74,SD-->PD
X-1725,LEE011,"CDK4,CDK6,CDK4/6",single,-12.799999999999995,18,-0.2000000000000028,18,34.3536866359447,48,SD-->PD
X-1725,LGH447,PIM,single,-6.700000000000003,11,-2.325000000000003,11,22.945165945165947,40,SD-->PD
X-1725,LLM871,FGFR2/4,single,-20.5,21,-23.825000000000003,11,47.78102189781022,54,SD-->PD
X-1725,binimetinib,"MAP2K1,MAP2K2,MAPK",single,-37.9,42,-12.200000000000005,21,72.74570024570025,98,SD-->PD
X-1725,untreated,"UNKNOWN,Untreated",single,292.6,21,105.76,14,7.621911922663803,29,PD
X-1725,LFW527 + binimetinib,"IGF1R,MAP2K1,MAP2K2",combo,-14.200000000000005,32,12.48571428571428,32,7.896226415094339,184,SD-->PD
X-177,BYL719 + HSP990,"PIK3CA,HSP90",combo,37.099999999999994,26,16.349999999999994,12,43.78241758241758,77,PD
X-177,BYL719 + LJM716,"PIK3CA,ERBB3,ERBB3,PIK3CA",combo,159.89999999999998,20,67.9,13,9.674603174603174,30,PD
X-177,HSP990,HSP90,single,235.2,29,58.42500000000001,12,10.203821656050955,57,PD
X-177,LEE011,"CDK4,CDK6,CDK4/6",single,221.3,22,55.5,12,12.686567164179104,40,PD
X-177,LEE011 + everolimus,"CDK4,CDK6,MTOR,CDK4/6",combo,138.6,27,71.5,13,7.0214132762312635,55,PD
X-177,LJM716,ERBB3,single,478.2999999999999,20,125.86,13,4.785923753665689,20,PD
X-177,everolimus,MTOR,single,129.6,25,50.650000000000006,11,9.911519198664442,53,PD
X-177,untreated,"UNKNOWN,Untreated",single,324.2,20,95.57999999999998,13,6.240825688073395,23,PD
X-1787,BGJ398,FGFR,single,91.4,21,59.66,14,11.436293436293438,31,PD
X-1787,BKM120,"PIK3CA,PIK3CB,PIK3CG,PIK3CD,panPI3K",single,-27.200000000000003,24,1.2800000000000011,14,44.77121067683508,58,SD-->PD
X-1787,BKM120 + binimetinib,"panPI3K,MAPK,MAP2K1,MAP2K2,PIK3CA,PIK3CB,PIK3CG,PIK3CD",combo,12.700000000000005,19,19.25,19,49.02894736842105,90,SD-->PD
X-1787,BYL719,PIK3CA,single,173.60000000000002,21,61.133333333333326,17,8.33011049723757,23,PD
X-1787,BYL719 + LGH447,"PIK3CA,PIM",combo,52.0,22,59.17500000000001,12,10.32398753894081,47,PD
X-1787,BYL719 + LJM716,"PIK3CA,ERBB3,ERBB3,PIK3CA",combo,13.900000000000006,22,-0.7999999999999972,12,25.23076923076923,41,SD-->PD
X-1787,CGM097,MDM2,single,471.9,17,128.26,14,6.294685990338165,17,PD
X-1787,CKX620,MAPK,single,22.200000000000003,17,28.32857142857145,20,38.058352402746,53,SD
X-1787,CLR457,"PIK3CA,PIK3CB,PIK3CG,PIK3CD,panPI3K",single,323.5,20,107.45999999999998,13,6.05564142194745,20,PD
X-1787,HDM201,MDM2,single,234.3,21,148.8,14,3.0,21,PD
X-1787,HSP990,HSP90,single,212.2,21,88.04000000000002,14,5.5350966429298065,23,PD
X-1787,INC280,MET,single,14.799999999999995,20,-15.900000000000006,13,26.05984251968504,39,SD-->PD
X-1787,LCL161 + paclitaxel,"BIRC2,TUBB,Tubulin",combo,570.7,20,95.4,13,7.97319587628866,22,PD
X-1787,LEE011,"CDK4,CDK6,CDK4/6",single,135.5,21,11.379999999999995,14,15.748971193415638,23,PD
X-1787,LGH447,PIM,single,391.3,21,82.52000000000001,14,8.263157894736842,23,PD
X-1787,LLM871,FGFR2/4,single,-9.799999999999995,12,-6.349999999999994,12,33.44397463002114,48,SD-->PD
X-1787,binimetinib,"MAP2K1,MAP2K2,MAPK",single,5.299999999999997,24,-4.560000000000002,13,26.411714770797964,52,SD-->PD
X-1787,untreated,"UNKNOWN,Untreated",single,622.4,20,127.61999999999998,13,6.452336448598131,20,PD
X-1787,LFW527 + binimetinib,"IGF1R,MAP2K1,MAP2K2",combo,26.59999999999999,20,34.099999999999994,13,34.956422018348626,39,PD
X-1795,LFW527 + binimetinib,"IGF1R,MAP2K1,MAP2K2",combo,137.3,21,32.69999999999999,11,13.148936170212766,26,PD
X-1823,BGJ398,FGFR,single,216.4,21,56.775000000000006,12,8.152671755725189,26,PD
X-1823,BKM120,"PIK3CA,PIK3CB,PIK3CG,PIK3CD,panPI3K",single,386.2,12,120.17499999999998,12,5.650079239302695,12,PD
X-1823,BKM120 + binimetinib,"panPI3K,MAPK,MAP2K1,MAP2K2,PIK3CA,PIK3CB,PIK3CG,PIK3CD",combo,104.3,26,21.575000000000003,12,18.86422018348624,53,PD
X-1823,BYL719,PIK3CA,single,-70.1,40,51.155555555555566,40,6.578496669838249,40,PD
X-1823,BYL719 + LGH447,"PIK3CA,PIM",combo,76.6,12,31.67500000000001,12,12.0,12,PD
X-1823,BYL719 + LJM716,"PIK3CA,ERBB3,ERBB3,PIK3CA",combo,226.0,21,31.30000000000001,12,13.91780821917808,40,PD
X-1823,CGM097,MDM2,single,341.3,15,125.58,15,5.186700767263427,15,PD
X-1823,CKX620,MAPK,single,92.8,27,62.875,11,7.359550561797757,46,PD
X-1823,CLR457,"PIK3CA,PIK3CB,PIK3CG,PIK3CD,panPI3K",single,250.4,24,34.920000000000016,15,13.262124711316398,37,PD
X-1823,HDM201,MDM2,single,324.4,20,149.45999999999998,13,6.0,20,PD
X-1823,HSP990,HSP90,single,195.3,18,64.975,11,8.065934065934066,18,PD
X-1823,INC280,MET,single,417.1,15,134.54000000000002,15,5.118508655126498,15,PD
X-1823,LCL161 + paclitaxel,"BIRC2,TUBB,Tubulin",combo,303.6,11,129.35000000000002,11,5.735632183908046,11,PD
X-1823,LEE011,"CDK4,CDK6,CDK4/6",single,88.30000000000001,20,47.80000000000001,13,12.396648044692736,55,PD
X-1823,LGH447,PIM,single,512.1,18,95.75,11,6.785714285714285,18,PD
X-1823,LLM871,FGFR2/4,single,408.3,18,86.36666666666667,11,7.0,18,PD
X-1823,binimetinib,"MAP2K1,MAP2K2,MAPK",single,212.4,13,78.71999999999997,13,8.613832853025936,13,PD
X-1823,untreated,"UNKNOWN,Untreated",single,-100.0,42,-30.257894736842104,100,7.342780026990553,100,PR
X-1823,LFW527 + binimetinib,"IGF1R,MAP2K1,MAP2K2",combo,105.1,31,26.25999999999999,13,19.1731843575419,45,PD
X-1828,BGJ398,FGFR,single,3.700000000000003,22,9.72,31,44.57013574660633,65,SD-->PD
X-1828,BKM120,"PIK3CA,PIK3CB,PIK3CG,PIK3CD,panPI3K",single,-2.5,10,-0.6400000000000006,14,52.0,52,SD-->PD
X-1828,BYL719,PIK3CA,single,81.69999999999999,20,87.41428571428574,20,4.404958677685951,32,PD
X-1828,BYL719 + LEE011,"PIK3CA,CDK4/6",combo,-21.299999999999997,42,9.033333333333346,11,46.0,46,SD
X-1828,BYL719 + LJM716,"PIK3CA,ERBB3,ERBB3,PIK3CA",combo,-16.299999999999997,10,-7.960000000000008,14,40.2532751091703,101,SD-->PD
X-1828,CGM097,MDM2,single,107.8,20,32.25999999999999,14,16.869127516778523,49,PD
X-1828,CLR457,"PIK3CA,PIK3CB,PIK3CG,PIK3CD,panPI3K",single,-100.0,81,-44.33529411764706,56,81.0,81,CR-->-->PD
X-1828,HDM201,MDM2,single,73.30000000000001,22,19.5,11,25.3470715835141,43,PD
X-1828,INC424,JAK,single,248.7,25,64.12,13,9.144662921348312,32,PD
X-1828,LEE011,"CDK4,CDK6,CDK4/6",single,42.900000000000006,21,7.400000000000006,11,38.33812949640288,60,PD
X-1828,LEE011 + everolimus,"CDK4,CDK6,MTOR,CDK4/6",combo,36.900000000000006,42,12.525000000000006,11,42.0,42,PD
X-1828,LFA102,PRLR ,single,97.0,21,25.359999999999985,14,21.432692307692307,28,PD
X-1828,LJM716,ERBB3,single,5.900000000000006,10,2.325000000000003,10,10.0,10,SD
X-1828,LJM716 + trastuzumab,"ERBB3,ERBB2",combo,13.799999999999995,15,6.450000000000003,15,51.909090909090914,70,SD-->PD
X-1828,LKA136,"NTRK1,NTRK2,NTRK3",single,101.6,21,41.30000000000001,13,20.58620689655173,53,PD
X-1828,LLM871,FGFR2/4,single,34.30000000000001,41,16.5,12,55.0,55,SD-->PD
X-1828,binimetinib,"MAP2K1,MAP2K2,MAPK",single,-61.0,28,-36.33076923076923,42,88.0,88,PR-->PD
X-1828,trastuzumab,ERBB2,single,-1.9000000000000057,31,4.875,15,67.41850220264317,76,SD-->PD
X-1828,untreated,"UNKNOWN,Untreated",single,168.10000000000002,20,50.68000000000001,13,13.716279069767442,53,PD
X-1832,BGJ398,FGFR,single,520.2,21,87.85999999999999,14,8.702702702702704,21,PD
X-1832,BKM120,"PIK3CA,PIK3CB,PIK3CG,PIK3CD,panPI3K",single,215.1,21,36.19999999999999,14,14.075862068965517,35,PD
X-1832,BYL719,PIK3CA,single,379.2,17,89.30000000000001,14,6.9910813823857305,17,PD
X-1832,BYL719 + LEE011,"PIK3CA,CDK4/6",combo,387.2,21,83.52000000000001,19,11.83617166212534,25,PD
X-1832,BYL719 + LJM716,"PIK3CA,ERBB3,ERBB3,PIK3CA",combo,132.0,21,17.879999999999995,14,17.34285714285714,70,PD
X-1832,CGM097,MDM2,single,605.8,17,84.80000000000001,11,7.209541627689429,17,PD
X-1832,CLR457,"PIK3CA,PIK3CB,PIK3CG,PIK3CD,panPI3K",single,519.3,26,65.80000000000001,11,7.901149425287357,32,PD
X-1832,HDM201,MDM2,single,457.7000000000001,17,190.12,14,3.1376037959667857,17,PD
X-1832,INC424,JAK,single,607.6,17,95.9,11,6.684210526315789,17,PD
X-1832,LEE011,"CDK4,CDK6,CDK4/6",single,354.7,26,33.775000000000006,11,13.97872340425532,32,PD
X-1832,LEE011 + everolimus,"CDK4,CDK6,MTOR,CDK4/6",combo,169.3,21,48.94,19,15.299165673420738,46,PD
X-1832,LFA102,PRLR ,single,265.6,22,60.775000000000006,13,10.657446808510638,28,PD
X-1832,LJM716,ERBB3,single,224.8,23,22.049999999999997,11,14.458555133079846,29,PD
X-1832,LJM716 + trastuzumab,"ERBB3,ERBB2",combo,893.3,22,172.94,13,4.836516424751719,22,PD
X-1832,LKA136,"NTRK1,NTRK2,NTRK3",single,423.7000000000001,26,14.974999999999994,11,13.7705223880597,32,PD
X-1832,LLM871,FGFR2/4,single,162.7,14,81.5,14,9.606611570247932,14,PD
X-1832,binimetinib,"MAP2K1,MAP2K2,MAPK",single,327.1,17,72.20000000000002,11,7.933905579399141,17,PD
X-1832,trastuzumab,ERBB2,single,487.0,13,207.425,13,4.3161346742457365,13,PD
X-1832,untreated,"UNKNOWN,Untreated",single,215.1,22,81.94999999999999,12,8.21283255086072,33,PD
X-1832,LFW527 + everolimus,"IGF1R,MTOR",combo,77.6,17,41.099999999999994,14,17.0,17,PD
X-1834,BGJ398,FGFR,single,77.6,20,26.625,13,20.0,20,PD
X-1834,BKM120,"PIK3CA,PIK3CB,PIK3CG,PIK3CD,panPI3K",single,-18.0,13,-1.9749999999999943,13,27.927813163481954,47,SD-->PD
X-1834,BKM120 + binimetinib,"panPI3K,MAPK,MAP2K1,MAP2K2,PIK3CA,PIK3CB,PIK3CG,PIK3CD",combo,9.700000000000005,13,9.375,13,22.71698113207547,47,SD-->PD
X-1834,BYL719,PIK3CA,single,-4.599999999999994,13,-11.5,13,33.82197496522949,68,SD-->PD
X-1834,BYL719 + LGH447,"PIK3CA,PIM",combo,106.0,13,40.94999999999999,13,12.355828220858896,13,PD
X-1834,BYL719 + LJM716,"PIK3CA,ERBB3,ERBB3,PIK3CA",combo,149.2,20,52.099999999999994,13,10.555819477434682,21,PD
X-1834,CGM097,MDM2,single,227.1,20,87.94999999999999,13,3.0403587443946183,21,PD
X-1834,CKX620,MAPK,single,-23.90000000000001,54,6.304545454545448,86,86.0,86,SD
X-1834,CLR457,"PIK3CA,PIK3CB,PIK3CG,PIK3CD,panPI3K",single,-39.1,49,-21.239999999999995,15,56.0,56,SD
X-1834,HDM201,MDM2,single,314.0,20,105.1,13,2.0,21,PD
X-1834,HSP990,HSP90,single,-39.9,31,21.977777777777774,31,31.0,31,SD
X-1834,INC280,MET,single,23.799999999999997,13,20.549999999999997,13,27.336927223719677,68,SD-->PD
X-1834,LCL161 + paclitaxel,"BIRC2,TUBB,Tubulin",combo,-89.5,17,-54.42,17,17.0,17,PR
X-1834,LEE011,"CDK4,CDK6,CDK4/6",single,29.09999999999999,40,49.50714285714284,54,5.720465890183029,117,PD
X-1834,LGH447,PIM,single,311.8,13,105.9,13,5.90909090909091,13,PD
X-1834,LLM871,FGFR2/4,single,205.1,11,92.43333333333332,11,5.4642588412340105,11,PD
X-1834,binimetinib,"MAP2K1,MAP2K2,MAPK",single,-38.2,41,-20.60000000000001,44,118.0,118,SD-->PD
X-1834,untreated,"UNKNOWN,Untreated",single,54.5,21,19.73333333333335,14,31.29673590504451,55,PD
X-1834,LFW527 + binimetinib,"IGF1R,MAP2K1,MAP2K2",combo,87.5,27,14.579999999999998,13,18.495495495495497,35,PD
X-1835,BGJ398,FGFR,single,175.39999999999998,15,75.4,11,6.666363636363636,15,PD
X-1835,BKM120,"PIK3CA,PIK3CB,PIK3CG,PIK3CD,panPI3K",single,149.3,21,24.58,14,18.349462365591396,35,PD
X-1835,BKM120 + binimetinib,"panPI3K,MAPK,MAP2K1,MAP2K2,PIK3CA,PIK3CB,PIK3CG,PIK3CD",combo,-4.400000000000006,31,35.08333333333334,17,39.554372623574146,50,PD
X-1835,BYL719,PIK3CA,single,78.1,35,59.73333333333332,11,10.21641791044776,43,PD
X-1835,BYL719 + LGH447,"PIK3CA,PIM",combo,136.3,24,38.43333333333334,11,11.519553072625698,43,PD
X-1835,BYL719 + LJM716,"PIK3CA,ERBB3,ERBB3,PIK3CA",combo,17.900000000000006,10,2.239999999999995,14,29.1808,50,SD-->PD
X-1835,CGM097,MDM2,single,164.5,28,-2.424999999999997,14,17.84360625574977,43,PD
X-1835,CKX620,MAPK,single,-82.2,14,-64.905,85,85.0,85,PR
X-1835,CLR457,"PIK3CA,PIK3CB,PIK3CG,PIK3CD,panPI3K",single,-17.5,9,-11.099999999999994,14,22.38974358974359,50,SD-->PD
X-1835,HDM201,MDM2,single,62.5,21,22.840000000000003,17,27.149100257069406,36,PD
X-1835,HSP990,HSP90,single,-48.8,31,-17.299999999999997,31,42.0,42,SD
X-1835,INC280,MET,single,153.9,24,59.880000000000024,17,9.093283582089551,36,PD
X-1835,LCL161 + paclitaxel,"BIRC2,TUBB,Tubulin",combo,-51.0,14,-22.86666666666666,14,14.0,14,PR
X-1835,LEE011,"CDK4,CDK6,CDK4/6",single,-95.7,154,-58.54545454545455,181,181.0,181,CR
X-1835,LGH447,PIM,single,5.799999999999997,18,5.700000000000003,14,52.97494780793319,73,SD-->PD
X-1835,LLM871,FGFR2/4,single,2.200000000000003,17,-4.133333333333326,17,32.96028880866426,39,SD-->PD
X-1835,binimetinib,"MAP2K1,MAP2K2,MAPK",single,-100.0,10,-86.34117647058824,65,65.0,65,CR
X-1835,untreated,"UNKNOWN,Untreated",single,396.2,25,44.633333333333326,15,12.535117056856189,29,PD
X-1835,LFW527 + binimetinib,"IGF1R,MAP2K1,MAP2K2",combo,-66.5,28,-22.299999999999997,31,120.0,120,PR-->-->PD
X-1855,5FU,chemotherapy,single,9.099999999999994,10,5.0,17,87.0,87,SD-->PD
X-1855,BKM120,"PIK3CA,PIK3CB,PIK3CG,PIK3CD,panPI3K",single,0.2000000000000028,14,-0.1666666666666714,14,84.0,84,SD-->PD
X-1855,BKM120 + LJC049,"panPI3K,TNKS",combo,64.0,21,3.9499999999999886,12,24.75,45,PD
X-1855,BYL719,PIK3CA,single,4.700000000000003,11,3.200000000000003,11,64.07407407407408,91,SD-->PD
X-1855,BYL719 + cetuximab,"PIK3CA,EGFR",combo,68.69999999999999,21,12.950000000000005,12,30.942857142857147,45,PD
X-1855,BYL719 + cetuximab + encorafenib,"PIK3CA,EGFR,BRAF",combo,-0.7000000000000028,10,0.8200000000000074,14,64.09803921568627,87,SD-->PD
X-1855,BYL719 + encorafenib,"PIK3CA,BRAF",combo,-63.0,91,-22.785185185185185,91,91.0,91,PR
X-1855,BYL719 + LJM716,"PIK3CA,ERBB3,ERBB3,PIK3CA",combo,5.900000000000006,11,2.5,11,41.585585585585584,63,SD-->PD
X-1855,BYL719 + binimetinib,"PIK3CA,MAPK",combo,-44.0,45,-29.11111111111111,59,84.0,84,SD-->-->PD
X-1855,cetuximab + encorafenib,"EGFR,BRAF",combo,38.900000000000006,22,4.459999999999994,14,77.20338983050847,87,PD
X-1855,CGM097,MDM2,single,45.69999999999999,21,2.299999999999997,11,30.76243093922652,77,PD
X-1855,CKX620,MAPK,single,-1.2999999999999972,14,0.25,14,77.52427184466019,84,SD-->PD
X-1855,HDM201,MDM2,single,91.4,21,17.349999999999994,11,25.18918918918919,56,PD
X-1855,LEE011,"CDK4,CDK6,CDK4/6",single,0.0,17,0.0750000000000028,17,82.13061224489796,87,SD-->PD
X-1855,encorafenib,BRAF,single,91.1,70,10.166666666666671,11,21.65454545454545,84,PD
X-1855,LJC049,TNKS,single,97.7,21,7.200000000000003,11,21.492857142857144,43,PD
X-1855,LKA136,"NTRK1,NTRK2,NTRK3",single,78.80000000000001,21,8.766666666666666,11,24.05521472392638,35,PD
X-1855,binimetinib,"MAP2K1,MAP2K2,MAPK",single,-8.0,80,-1.7916666666666714,87,87.0,87,SD
X-1855,untreated,"UNKNOWN,Untreated",single,124.4,21,31.879999999999995,14,16.294765840220386,38,PD
X-1855,LFW527 + binimetinib,"IGF1R,MAP2K1,MAP2K2",combo,-3.5,48,2.1899999999999977,65,182.8046875,195,SD-->-->PD
X-1869,BGJ398,FGFR,single,161.0,14,44.32499999999999,14,12.011409942950284,14,PD
X-1869,BKM120,"PIK3CA,PIK3CB,PIK3CG,PIK3CD,panPI3K",single,-100.0,10,-82.95714285714286,37,37.0,37,CR
X-1869,BKM120 + binimetinib,"panPI3K,MAPK,MAP2K1,MAP2K2,PIK3CA,PIK3CB,PIK3CG,PIK3CD",combo,-100.0,9,-57.1,23,23.0,23,CR
X-1869,BYL719,PIK3CA,single,105.2,16,29.75999999999999,13,11.646575342465754,16,PD
X-1869,BYL719 + LGH447,"PIK3CA,PIM",combo,-100.0,9,-70.19999999999999,20,22.134471718249735,23,CR-->PD
X-1869,BYL719 + LJM716,"PIK3CA,ERBB3,ERBB3,PIK3CA",combo,362.0,6,139.5,6,2.569558101472995,6,PD
X-1869,CGM097,MDM2,single,492.2000000000001,7,199.90000000000003,7,3.0,7,PD
X-1869,CKX620,MAPK,single,-100.0,14,-4.3799999999999955,14,14.0,14,SD
X-1869,CLR457,"PIK3CA,PIK3CB,PIK3CG,PIK3CD,panPI3K",single,842.3,11,293.575,11,4.0,11,PD
X-1869,HDM201,MDM2,single,514.5,21,-45.32000000000001,14,17.499894447962845,21,PD
X-1869,HSP990,HSP90,single,-100.0,14,-43.9,14,14.0,14,CR
X-1869,INC280,MET,single,120.8,14,152.32,14,4.017385005432814,14,PD
X-1869,LCL161 + paclitaxel,"BIRC2,TUBB,Tubulin",combo,-58.5,11,-34.25,11,32.0,32,PR-->PD
X-1869,LEE011,"CDK4,CDK6,CDK4/6",single,-100.0,10,-89.17333333333333,63,63.0,63,CR
X-1869,LGH447,PIM,single,139.6,20,-7.920000000000002,13,18.748155953635404,20,PD
X-1869,LLM871,FGFR2/4,single,557.3,13,151.86,13,7.37200956937799,13,PD
X-1869,binimetinib,"MAP2K1,MAP2K2,MAPK",single,312.9,11,130.6,11,4.631196581196582,11,PD
X-1869,untreated,"UNKNOWN,Untreated",single,565.5,11,213.575,11,4.447867298578199,11,PD
X-1869,LFW527 + binimetinib,"IGF1R,MAP2K1,MAP2K2",combo,127.6,21,28.67500000000001,11,16.354166666666664,33,PD
X-1870,BGJ398,FGFR,single,-7.200000000000003,11,-2.799999999999997,14,26.80093312597201,77,SD-->PD
X-1870,BKM120,"PIK3CA,PIK3CB,PIK3CG,PIK3CD,panPI3K",single,-32.7,21,-12.850000000000009,21,86.50568181818181,106,SD-->PD
X-1870,BKM120 + binimetinib,"panPI3K,MAPK,MAP2K1,MAP2K2,PIK3CA,PIK3CB,PIK3CG,PIK3CD",combo,-51.5,109,-19.65000000000001,133,133.0,133,SD-->-->PD
X-1870,BYL719,PIK3CA,single,74.6,21,36.82499999999999,14,29.19904076738609,64,PD
X-1870,BYL719 + LGH447,"PIK3CA,PIM",combo,-10.5,11,-14.075000000000005,11,35.66624525916561,98,SD-->PD
X-1870,BYL719 + LJM716,"PIK3CA,ERBB3,ERBB3,PIK3CA",combo,-28.0,18,-11.189999999999998,35,73.34499205087441,92,SD-->PD
X-1870,CGM097,MDM2,single,45.19999999999999,25,11.099999999999994,14,30.427745664739884,71,PD
X-1870,CKX620,MAPK,single,-39.2,21,-20.60000000000001,21,84.24367088607595,106,SD-->PD
X-1870,CLR457,"PIK3CA,PIK3CB,PIK3CG,PIK3CD,panPI3K",single,13.700000000000005,36,3.299999999999997,11,42.23565891472868,84,SD-->PD
X-1870,HDM201,MDM2,single,17.700000000000003,79,15.550000000000011,14,79.0,79,SD
X-1870,HSP990,HSP90,single,-8.700000000000003,11,-2.424999999999997,11,11.0,11,SD
X-1870,LCL161 + paclitaxel,"BIRC2,TUBB,Tubulin",combo,-88.1,129,-68.6,129,129.0,129,PR
X-1870,LEE011,"CDK4,CDK6,CDK4/6",single,71.6,22,16.466666666666654,11,38.86614173228347,74,PD
X-1870,LGH447,PIM,single,31.90000000000001,25,22.299999999999997,15,40.7027027027027,78,SD
X-1870,LLM871,FGFR2/4,single,-14.5,10,-8.075000000000003,14,86.64788732394366,108,SD-->PD
X-1870,binimetinib,"MAP2K1,MAP2K2,MAPK",single,-21.799999999999997,63,-16.379999999999995,14,97.43856920684291,121,SD-->PD
X-1870,untreated,"UNKNOWN,Untreated",single,-18.09999999999999,11,-11.233333333333334,11,48.84615384615385,110,SD-->PD
X-1870,LFW527 + binimetinib,"IGF1R,MAP2K1,MAP2K2",combo,5.799999999999997,20,10.666666666666671,20,63.824238128986536,90,SD-->PD
X-1906,BKM120,"PIK3CA,PIK3CB,PIK3CG,PIK3CD,panPI3K",single,18.200000000000003,16,6.575000000000003,11,44.53846153846154,47,SD-->PD
X-1906,BKM120 + encorafenib,"panPI3K,BRAF,BRAF,PIK3CA,PIK3CB,PIK3CG,PIK3CD",combo,-100.0,28,-95.36938775510204,264,401.0,401,CR-->-->PD
X-1906,CGM097,MDM2,single,362.7,21,76.74000000000001,14,10.100840336134452,21,PD
X-1906,CLR457,"PIK3CA,PIK3CB,PIK3CG,PIK3CD,panPI3K",single,-6.200000000000003,30,17.224999999999994,30,57.86591276252019,63,SD-->PD
X-1906,LDE225,SMO,single,497.6,21,101.9,13,8.214814814814815,21,PD
X-1906,LDK378,ALK,single,184.9,21,36.94999999999999,14,13.3782722513089,21,PD
X-1906,LEE011,"CDK4,CDK6,CDK4/6",single,-88.2,142,-55.585,189,313.9173913043478,315,PR-->-->PD
X-1906,LEE011 + encorafenib,"CDK4/6,BRAF,BRAF,CDK4,CDK6",combo,-100.0,31,-91.17142857142858,218,395.0,395,CR-->-->PD
X-1906,LEE011 + binimetinib,"CDK4,CDK6,MAP2K1,MAP2K2,CDK4/6,MAPK",combo,-100.0,19,-97.20819672131148,399,399.0,399,CR
X-1906,WNT974,PORCN,single,550.0,17,174.22500000000002,14,5.2280187573270815,17,PD
X-1906,LGW813,IAP,single,206.7,21,33.32499999999999,11,11.893351800554017,21,PD
X-1906,encorafenib,BRAF,single,-100.0,38,-89.459375,129,217.4878048780488,315,CR-->-->PD
X-1906,encorafenib + binimetinib,"BRAF,MAP2K1,MAP2K2,MAPK",combo,-100.0,11,-96.42962962962964,321,339.0,339,CR-->-->PD
X-1906,binimetinib,"MAP2K1,MAP2K2,MAPK",single,-100.0,11,-69.14736842105263,85,162.0,162,CR-->-->PD
X-1906,TAS266,DR5,single,-47.9,10,-37.760000000000005,14,27.0,27,SD-->PD
X-1906,untreated,"UNKNOWN,Untreated",single,317.4,21,88.62,14,8.282105263157895,21,PD
X-1916,BGJ398,FGFR,single,307.9,21,86.19999999999999,13,8.300775193798449,27,PD
X-1916,BKM120,"PIK3CA,PIK3CB,PIK3CG,PIK3CD,panPI3K",single,41.5,21,27.72,14,26.871559633027523,42,PD
X-1916,BYL719,PIK3CA,single,462.6,17,115.6,14,7.770392749244714,17,PD
X-1916,BYL719 + LEE011,"PIK3CA,CDK4/6",combo,274.2,20,64.6,14,9.76068376068376,28,PD
X-1916,BYL719 + LJM716,"PIK3CA,ERBB3,ERBB3,PIK3CA",combo,-59.8,14,-18.620000000000005,14,14.0,14,SD
X-1916,CGM097,MDM2,single,279.6,21,42.74000000000001,14,12.742671009771986,21,PD
X-1916,CLR457,"PIK3CA,PIK3CB,PIK3CG,PIK3CD,panPI3K",single,21.59999999999999,14,16.340000000000003,14,35.65193370165746,50,SD-->PD
X-1916,HDM201,MDM2,single,441.2000000000001,14,142.52000000000004,14,7.295774647887324,14,PD
X-1916,INC424,JAK,single,499.2999999999999,12,218.525,12,5.0,12,PD
X-1916,LEE011,"CDK4,CDK6,CDK4/6",single,243.7,21,47.400000000000006,14,14.241935483870968,21,PD
X-1916,LEE011 + everolimus,"CDK4,CDK6,MTOR,CDK4/6",combo,143.4,20,26.700000000000003,14,18.31128404669261,28,PD
X-1916,LFA102,PRLR ,single,100.6,20,26.040000000000006,14,19.951219512195124,28,PD
X-1916,LJM716,ERBB3,single,-0.2999999999999971,14,0.9799999999999898,14,26.427652733118972,50,SD-->PD
X-1916,LJM716 + trastuzumab,"ERBB3,ERBB2",combo,-50.7,19,-39.010000000000005,30,56.61052631578947,83,PR-->PD
X-1916,LKA136,"NTRK1,NTRK2,NTRK3",single,124.7,21,21.97999999999999,14,18.723502304147463,21,PD
X-1916,LLM871,FGFR2/4,single,348.7,20,76.94,14,9.734513274336283,24,PD
X-1916,binimetinib,"MAP2K1,MAP2K2,MAPK",single,329.1,19,48.875,12,10.373480662983424,19,PD
X-1916,trastuzumab,ERBB2,single,153.5,20,48.19999999999999,14,11.994778067885118,28,PD
X-1916,untreated,"UNKNOWN,Untreated",single,293.7,21,44.849999999999994,11,11.177419354838708,28,PD
X-1916,LFW527 + everolimus,"IGF1R,MTOR",combo,9.700000000000005,17,16.159999999999997,17,36.7008547008547,59,SD-->PD
X-1921,BGJ398,FGFR,single,80.9,22,36.89999999999998,11,24.438297872340424,81,PD
X-1921,BKM120,"PIK3CA,PIK3CB,PIK3CG,PIK3CD,panPI3K",single,33.19999999999999,22,-3.5,12,42.19821826280624,88,SD-->PD
X-1921,BYL719,PIK3CA,single,14.700000000000005,11,7.75,11,62.47682119205298,94,SD-->PD
X-1921,BYL719 + LEE011,"PIK3CA,CDK4/6",combo,-35.7,18,-25.34285714285714,21,140.0,140,SD-->-->PD
X-1921,BYL719 + LJM716,"PIK3CA,ERBB3,ERBB3,PIK3CA",combo,49.599999999999994,25,3.7750000000000057,11,36.39473684210526,67,PD
X-1921,CGM097,MDM2,single,235.6,21,46.05000000000001,11,11.659751037344398,38,PD
X-1921,CLR457,"PIK3CA,PIK3CB,PIK3CG,PIK3CD,panPI3K",single,-36.4,11,-25.52000000000001,14,141.7078651685393,175,SD-->PD
X-1921,HDM201,MDM2,single,102.8,22,34.775000000000006,12,14.3984375,46,PD
X-1921,INC424,JAK,single,118.1,22,61.30000000000001,11,9.24909090909091,53,PD
X-1921,LEE011,"CDK4,CDK6,CDK4/6",single,-35.2,22,-19.89545454545454,81,120.42190305206464,151,SD-->-->PD
X-1921,LEE011 + everolimus,"CDK4,CDK6,MTOR,CDK4/6",combo,-41.0,81,-15.060000000000002,84,84.0,84,SD
X-1921,LFA102,PRLR ,single,132.4,20,45.599999999999994,13,12.979638009049772,41,PD
X-1921,LJM716,ERBB3,single,150.5,20,34.620000000000005,13,14.513157894736842,34,PD
X-1921,LJM716 + trastuzumab,"ERBB3,ERBB2",combo,138.9,20,51.44,13,14.275488069414315,48,PD
X-1921,LKA136,"NTRK1,NTRK2,NTRK3",single,259.3,22,50.599999999999994,11,10.6325,25,PD
X-1921,LLM871,FGFR2/4,single,81.4,20,38.120000000000005,13,22.344537815126053,55,PD
X-1921,binimetinib,"MAP2K1,MAP2K2,MAPK",single,-2.5,25,3.625,11,52.74,59,SD-->PD
X-1921,trastuzumab,ERBB2,single,172.3,20,36.625,14,15.925581395348836,55,PD
X-1921,untreated,"UNKNOWN,Untreated",single,193.9,21,38.5,11,12.330357142857142,52,PD
X-1921,LFW527 + everolimus,"IGF1R,MTOR",combo,-100.0,56,-33.765625,109,109.0,109,PR-->PD
X-1934,BGJ398,FGFR,single,322.2,21,-16.400000000000006,12,16.17345231455661,26,PD
X-1934,BKM120,"PIK3CA,PIK3CB,PIK3CG,PIK3CD,panPI3K",single,307.1,12,98.4,12,5.8347978910369065,12,PD
X-1934,BKM120 + binimetinib,"panPI3K,MAPK,MAP2K1,MAP2K2,PIK3CA,PIK3CB,PIK3CG,PIK3CD",combo,165.60000000000002,21,65.6,12,8.851851851851851,40,PD
X-1934,BYL719,PIK3CA,single,203.6,11,82.025,11,6.181395348837209,11,PD
X-1934,BYL719 + LGH447,"PIK3CA,PIM",combo,139.9,7,46.57499999999999,7,5.479034307496823,7,PD
X-1934,BYL719 + LJM716,"PIK3CA,ERBB3,ERBB3,PIK3CA",combo,208.2,19,-8.320000000000007,12,13.840759678597516,19,PD
X-1934,CGM097,MDM2,single,359.6,12,111.62000000000003,12,5.815854665565648,12,PD
X-1934,CKX620,MAPK,single,140.1,7,43.69999999999999,7,5.680921052631579,7,PD
X-1934,CLR457,"PIK3CA,PIK3CB,PIK3CG,PIK3CD,panPI3K",single,301.1,10,109.71999999999996,10,5.410557184750733,10,PD
X-1934,HDM201,MDM2,single,390.3,7,195.725,7,1.0,7,PD
X-1934,HSP990,HSP90,single,618.5,6,270.9666666666667,6,3.0,6,PD
X-1934,INC280,MET,single,307.1,7,98.625,7,4.3242894056847545,7,PD
X-1934,LCL161 + paclitaxel,"BIRC2,TUBB,Tubulin",combo,443.4,40,149.33333333333334,40,9.479033728350046,40,PD
X-1934,LEE011,"CDK4,CDK6,CDK4/6",single,569.4,11,226.15,11,3.0,11,PD
X-1934,LGH447,PIM,single,397.6,12,115.51999999999998,12,5.962650602409639,12,PD
X-1934,LLM871,FGFR2/4,single,282.5,12,151.2,12,5.0,12,PD
X-1934,binimetinib,"MAP2K1,MAP2K2,MAPK",single,407.2,15,162.34000000000003,15,6.356466876971609,15,PD
X-1934,untreated,"UNKNOWN,Untreated",single,391.9,12,117.1,12,6.167464114832535,12,PD
X-1934,LFW527 + binimetinib,"IGF1R,MAP2K1,MAP2K2",combo,282.4,14,108.51999999999998,13,6.887019230769231,14,PD
X-1948,abraxane,Tubulin,single,3.0,13,-7.575000000000003,11,33.46835443037975,48,SD-->PD
X-1948,abraxane + gemcitabine,"Tubulin,chemotherapy",combo,-17.400000000000006,83,16.040000000000006,86,110.0,110,SD-->PD
X-1948,BKM120,"PIK3CA,PIK3CB,PIK3CG,PIK3CD,panPI3K",single,-23.59999999999999,10,-10.387500000000005,24,39.0,39,SD-->PD
X-1948,BKM120 + LDE225,"panPI3K,SMO",combo,-1.4000000000000057,31,9.159999999999997,31,58.55793450881612,84,SD-->PD
X-1948,BKM120 + binimetinib,"panPI3K,MAPK,MAP2K1,MAP2K2,PIK3CA,PIK3CB,PIK3CG,PIK3CD",combo,30.69999999999999,39,28.59999999999999,11,59.817708333333336,84,SD
X-1948,BYL719,PIK3CA,single,-9.5,21,-3.7249999999999943,25,53.0,53,SD
X-1948,BYL719 + LJM716,"PIK3CA,ERBB3,ERBB3,PIK3CA",combo,26.299999999999997,42,32.974999999999994,11,31.104166666666664,64,PD
X-1948,CLR457,"PIK3CA,PIK3CB,PIK3CG,PIK3CD,panPI3K",single,124.5,21,18.44999999999999,12,14.606217616580311,53,PD
X-1948,HDM201,MDM2,single,83.0,21,24.47499999999999,11,27.12195121951219,63,PD
X-1948,"figitumumab""",IGF1R,single,2.0,14,5.320000000000007,14,14.0,14,SD
X-1948,"figitumumab"" + binimetinib","IGF1R,MAPK",combo,193.1,21,62.42500000000001,11,11.112781954887218,28,PD
X-1948,gemcitabine-50mpk,chemotherapy,single,18.09999999999999,33,10.625,13,63.83908045977011,104,SD-->PD
X-1948,INC424,JAK,single,6.099999999999994,9,7.940000000000012,13,43.625,111,SD-->PD
X-1948,INC424 + binimetinib,"JAK,MAPK",combo,12.200000000000005,16,25.049999999999997,16,25.866498740554157,100,SD
X-1948,LEE011,"CDK4,CDK6,CDK4/6",single,61.69999999999999,48,44.099999999999994,12,14.383561643835616,55,PD
X-1948,WNT974,PORCN,single,128.6,22,42.16,12,15.78688524590164,30,PD
X-1948,LKA136,"NTRK1,NTRK2,NTRK3",single,27.90000000000001,22,21.72,15,27.122186495176848,28,SD-->PD
X-1948,binimetinib,"MAP2K1,MAP2K2,MAPK",single,-8.299999999999997,11,-2.375,11,18.0,18,SD
X-1948,binimetinib-3.5mpk,MAPK,single,6.900000000000006,21,-4.324999999999989,11,31.030612244897956,41,SD-->PD
X-1948,untreated,"UNKNOWN,Untreated",single,27.59999999999999,19,5.950000000000003,13,29.70524017467249,71,SD-->PD
X-1959,abraxane + gemcitabine,"Tubulin,chemotherapy",combo,-60.9,37,-23.527272727272717,37,37.0,37,PR
X-1959,BKM120 + binimetinib,"panPI3K,MAPK,MAP2K1,MAP2K2,PIK3CA,PIK3CB,PIK3CG,PIK3CD",combo,-57.6,37,-27.328571428571436,47,47.0,47,PR
X-1959,gemcitabine-50mpk,chemotherapy,single,31.5,28,9.599999999999994,11,17.1206675224647,35,SD-->PD
X-1959,INC424 + binimetinib,"JAK,MAPK",combo,-6.200000000000003,34,-4.560000000000002,12,48.79438762129557,61,SD-->PD
X-1959,LEE011,"CDK4,CDK6,CDK4/6",single,56.400000000000006,21,30.125,11,29.60747663551402,35,PD
X-1959,binimetinib,"MAP2K1,MAP2K2,MAPK",single,-47.5,35,-27.318181818181813,35,35.0,35,SD
X-1979,LFW527 + binimetinib,"IGF1R,MAP2K1,MAP2K2",combo,-25.59999999999999,24,-5.599999999999994,24,65.12359550561797,85,SD-->PD
X-1980,BGJ398,FGFR,single,581.5,18,138.36000000000004,13,4.820013898540653,18,PD
X-1980,BKM120,"PIK3CA,PIK3CB,PIK3CG,PIK3CD,panPI3K",single,-18.799999999999997,22,-13.950000000000005,12,96.3270202020202,98,SD-->PD
X-1980,BKM120 + binimetinib,"panPI3K,MAPK,MAP2K1,MAP2K2,PIK3CA,PIK3CB,PIK3CG,PIK3CD",combo,-24.09999999999999,27,-9.89,30,90.71736662883087,92,SD-->PD
X-1980,BYL719,PIK3CA,single,94.6,20,29.69999999999999,13,24.0,33,PD
X-1980,BYL719 + LGH447,"PIK3CA,PIM",combo,118.5,20,1.4500000000000028,13,17.46575342465753,29,PD
X-1980,BYL719 + LJM716,"PIK3CA,ERBB3,ERBB3,PIK3CA",combo,218.2,20,99.52,13,5.503067484662578,25,PD
X-1980,CGM097,MDM2,single,51.5,22,64.35,12,9.274939172749392,27,PD
X-1980,CKX620,MAPK,single,51.19999999999999,21,8.974999999999994,11,31.054545454545455,34,PD
X-1980,CLR457,"PIK3CA,PIK3CB,PIK3CG,PIK3CD,panPI3K",single,-24.200000000000003,9,-17.599999999999994,13,60.05524861878453,85,SD-->PD
X-1980,HDM201,MDM2,single,111.5,23,-3.5800000000000125,13,18.772727272727273,30,PD
X-1980,HSP990,HSP90,single,-33.599999999999994,12,-24.07499999999999,12,61.60033167495854,63,SD-->PD
X-1980,INC280,MET,single,283.5,23,93.12,13,6.98235294117647,28,PD
X-1980,LCL161 + paclitaxel,"BIRC2,TUBB,Tubulin",combo,69.5,33,28.75,12,21.45551601423487,42,PD
X-1980,LEE011,"CDK4,CDK6,CDK4/6",single,46.30000000000001,74,17.474999999999994,11,19.27764705882353,83,PD
X-1980,LGH447,PIM,single,1.5999999999999943,36,-11.775000000000006,12,45.95228426395939,56,SD-->PD
X-1980,LLM871,FGFR2/4,single,313.9,21,77.78,13,8.333333333333353,21,PD
X-1980,binimetinib,"MAP2K1,MAP2K2,MAPK",single,-22.200000000000003,13,-12.728571428571428,20,44.0,44,SD-->PD
X-1980,untreated,"UNKNOWN,Untreated",single,133.3,20,34.52000000000001,13,13.080267558528428,34,PD
X-1980,LFW527 + binimetinib,"IGF1R,MAP2K1,MAP2K2",combo,-43.8,17,-23.659999999999997,17,39.26829268292683,58,SD-->PD
X-1993,BGJ398,FGFR,single,213.5,19,60.06,13,9.692397660818711,19,PD
X-1993,BKM120,"PIK3CA,PIK3CB,PIK3CG,PIK3CD,panPI3K",single,115.1,23,22.859999999999985,11,12.878542510121456,23,PD
X-1993,BKM120 + binimetinib,"panPI3K,MAPK,MAP2K1,MAP2K2,PIK3CA,PIK3CB,PIK3CG,PIK3CD",combo,86.1,21,1.2750000000000057,11,22.0859375,46,PD
X-1993,BYL719,PIK3CA,single,-43.7,13,-21.549999999999997,16,36.041666666666664,48,SD-->PD
X-1993,BYL719 + LGH447,"PIK3CA,PIM",combo,0.0999999999999943,9,-0.9399999999999976,13,30.0,30,SD
X-1993,BYL719 + LJM716,"PIK3CA,ERBB3,ERBB3,PIK3CA",combo,37.19999999999999,57,1.6599999999999966,13,43.79,97,PD
X-1993,CGM097,MDM2,single,386.5,15,111.01999999999998,11,5.193727870510875,15,PD
X-1993,CKX620,MAPK,single,-95.8,67,-67.74074074074073,85,85.0,85,CR
X-1993,CLR457,"PIK3CA,PIK3CB,PIK3CG,PIK3CD,panPI3K",single,-58.7,62,-41.53684210526316,62,80.13861386138613,95,PR-->-->PD
X-1993,HDM201,MDM2,single,194.6,15,74.4,11,5.474621549421194,15,PD
X-1993,HSP990,HSP90,single,66.9,35,38.55000000000001,11,39.54,47,PD
X-1993,INC280,MET,single,111.2,12,69.44999999999999,11,9.44,12,PD
X-1993,LCL161 + paclitaxel,"BIRC2,TUBB,Tubulin",combo,-78.6,42,-36.35555555555556,55,65.98389095415118,95,PR-->PD
X-1993,LEE011,"CDK4,CDK6,CDK4/6",single,180.0,22,50.74000000000001,11,6.703499079189687,28,PD
X-1993,LGH447,PIM,single,237.0,14,88.56,13,7.878048780487805,14,PD
X-1993,LLM871,FGFR2/4,single,411.5,19,80.30000000000001,11,8.052121212121211,19,PD
X-1993,binimetinib,"MAP2K1,MAP2K2,MAPK",single,-49.2,84,-0.6148148148148067,88,88.0,88,SD
X-1993,untreated,"UNKNOWN,Untreated",single,238.3,21,24.84999999999999,11,10.99566630552546,31,PD
X-1993,LFW527 + binimetinib,"IGF1R,MAP2K1,MAP2K2",combo,-71.4,73,-42.06923076923077,94,124.0,124,PR
X-2017,BGJ398,FGFR,single,163.7,21,56.71999999999997,14,13.820895522388062,29,PD
X-2017,BKM120,"PIK3CA,PIK3CB,PIK3CG,PIK3CD,panPI3K",single,101.4,21,39.04000000000002,14,20.325301204819276,50,PD
X-2017,BKM120 + binimetinib,"panPI3K,MAPK,MAP2K1,MAP2K2,PIK3CA,PIK3CB,PIK3CG,PIK3CD",combo,-46.1,24,-25.63333333333334,38,105.0,105,SD-->PD
X-2017,BYL719,PIK3CA,single,22.59999999999999,10,17.879999999999995,14,40.088235294117645,50,SD-->PD
X-2017,BYL719 + LGH447,"PIK3CA,PIM",combo,-1.7999999999999972,28,-0.8666666666666742,18,45.3894449499545,49,SD-->PD
X-2017,BYL719 + LJM716,"PIK3CA,ERBB3,ERBB3,PIK3CA",combo,141.0,21,68.47999999999999,14,9.307125307125308,50,PD
X-2017,CGM097,MDM2,single,130.1,24,50.30000000000001,14,12.666666666666666,35,PD
X-2017,CKX620,MAPK,single,-50.3,24,-25.825000000000003,92,92.0,92,PR-->-->PD
X-2017,CLR457,"PIK3CA,PIK3CB,PIK3CG,PIK3CD,panPI3K",single,131.9,21,25.97499999999999,14,15.421270718232044,29,PD
X-2017,HDM201,MDM2,single,157.3,21,100.45999999999998,14,5.898493259318002,35,PD
X-2017,HSP990,HSP90,single,159.2,21,29.0,11,15.714285714285714,32,PD
X-2017,INC280,MET,single,235.6,21,43.04000000000002,14,14.877076411960134,29,PD
X-2017,LCL161 + paclitaxel,"BIRC2,TUBB,Tubulin",combo,9.799999999999995,33,8.549999999999997,11,46.97435897435897,52,SD-->PD
X-2017,LEE011,"CDK4,CDK6,CDK4/6",single,68.30000000000001,21,30.620000000000005,14,25.48633257403189,50,PD
X-2017,LGH447,PIM,single,112.9,21,43.859999999999985,14,20.01338432122371,50,PD
X-2017,LLM871,FGFR2/4,single,81.1,21,4.150000000000006,11,22.35,40,PD
X-2017,binimetinib,"MAP2K1,MAP2K2,MAPK",single,-100.0,81,-79.10454545454546,89,89.0,89,CR
X-2017,untreated,"UNKNOWN,Untreated",single,361.0,21,104.07999999999998,14,8.389351081530782,29,PD
X-2017,LFW527 + binimetinib,"IGF1R,MAP2K1,MAP2K2",combo,-100.0,55,-79.9225,143,162.0,162,CR-->-->PD
X-2026,abraxane + gemcitabine,"Tubulin,chemotherapy",combo,-94.4,77,-64.33928571428572,101,101.0,101,PR
X-2026,BKM120,"PIK3CA,PIK3CB,PIK3CG,PIK3CD,panPI3K",single,83.19999999999999,21,25.90000000000001,12,25.47142857142857,32,PD
X-2026,BKM120 + binimetinib,"panPI3K,MAPK,MAP2K1,MAP2K2,PIK3CA,PIK3CB,PIK3CG,PIK3CD",combo,-36.6,25,-0.818181818181813,34,77.46551724137932,84,SD-->PD
X-2026,BYL719,PIK3CA,single,-4.900000000000006,10,-1.1200000000000043,13,41.925,52,SD-->PD
X-2026,BYL719 + LJM716,"PIK3CA,ERBB3,ERBB3,PIK3CA",combo,121.8,21,38.34,13,14.758793969849243,48,PD
X-2026,CLR457,"PIK3CA,PIK3CB,PIK3CG,PIK3CD,panPI3K",single,65.4,21,14.28,13,30.959322033898303,52,PD
X-2026,HDM201,MDM2,single,211.4,21,64.35999999999999,13,9.655296229802511,31,PD
X-2026,"figitumumab"" + binimetinib","IGF1R,MAPK",combo,46.5,20,33.95999999999998,12,31.287581699346404,33,PD
X-2026,gemcitabine-50mpk,chemotherapy,single,-100.0,71,-71.512,88,88.0,88,CR
X-2026,INC424,JAK,single,120.5,21,17.19999999999999,11,19.095975232198143,53,PD
X-2026,INC424 + binimetinib,"JAK,MAPK",combo,27.90000000000001,52,20.17500000000001,11,20.758842443729904,84,SD
X-2026,WNT974,PORCN,single,175.10000000000002,22,22.580000000000013,12,16.517241379310345,30,PD
X-2026,LKA136,"NTRK1,NTRK2,NTRK3",single,464.4,22,98.54000000000002,13,6.364383561643836,22,PD
X-2026,binimetinib,"MAP2K1,MAP2K2,MAPK",single,-4.900000000000006,35,10.650000000000006,11,102.0,102,SD-->PD
X-2026,untreated,"UNKNOWN,Untreated",single,333.1,21,50.32499999999999,13,15.590243902439022,28,PD
X-2042,BGJ398,FGFR,single,214.7,26,29.67500000000001,12,18.292712066905615,26,PD
X-2042,BKM120,"PIK3CA,PIK3CB,PIK3CG,PIK3CD,panPI3K",single,-34.8,10,-11.099999999999994,16,105.0,105,SD-->PD
X-2042,BKM120 + binimetinib,"panPI3K,MAPK,MAP2K1,MAP2K2,PIK3CA,PIK3CB,PIK3CG,PIK3CD",combo,-54.4,35,-35.64,35,49.0,49,PR
X-2042,BYL719,PIK3CA,single,-23.59999999999999,12,-17.799999999999997,15,91.231654676259,110,SD-->PD
X-2042,BYL719 + LGH447,"PIK3CA,PIM",combo,-25.5,15,-14.47999999999999,15,40.85648148148148,71,SD-->PD
X-2042,BYL719 + LJM716,"PIK3CA,ERBB3,ERBB3,PIK3CA",combo,3.4000000000000057,10,-1.7999999999999972,15,46.23785166240409,78,SD-->PD
X-2042,CGM097,MDM2,single,126.5,26,19.77500000000001,13,21.768463073852296,88,PD
X-2042,CKX620,MAPK,single,-59.9,45,-38.93076923076923,60,60.0,60,PR
X-2042,CLR457,"PIK3CA,PIK3CB,PIK3CG,PIK3CD,panPI3K",single,-28.299999999999997,19,-18.799999999999997,19,97.9672131147541,124,SD-->PD
X-2042,HDM201,MDM2,single,178.5,21,68.025,16,11.553133514986376,42,PD
X-2042,HSP990,HSP90,single,-82.5,108,-42.422222222222224,110,110.0,110,PR
X-2042,INC280,MET,single,30.69999999999999,29,14.833333333333329,13,69.74438202247191,111,SD-->PD
X-2042,LCL161 + paclitaxel,"BIRC2,TUBB,Tubulin",combo,-86.0,85,-59.81818181818182,101,101.0,101,PR
X-2042,LEE011,"CDK4,CDK6,CDK4/6",single,208.0,21,66.125,16,12.64,56,PD
X-2042,LGH447,PIM,single,16.700000000000003,19,15.5,13,41.305882352941175,68,SD-->PD
X-2042,LLM871,FGFR2/4,single,147.5,21,1.2000000000000028,11,18.984441301272984,46,PD
X-2042,binimetinib,"MAP2K1,MAP2K2,MAPK",single,17.5,29,24.35000000000001,29,35.0,35,SD
X-2042,untreated,"UNKNOWN,Untreated",single,53.69999999999999,22,24.700000000000003,15,24.53333333333333,49,PD
X-2042,LFW527 + binimetinib,"IGF1R,MAP2K1,MAP2K2",combo,-100.0,73,-77.18260869565218,182,182.0,182,CR
X-2043,abraxane,Tubulin,single,323.8,22,105.27499999999998,12,5.674226804123712,22,PD
X-2043,abraxane + gemcitabine,"Tubulin,chemotherapy",combo,-49.0,105,-9.009375000000006,111,132.0,132,SD-->-->PD
X-2043,BKM120,"PIK3CA,PIK3CB,PIK3CG,PIK3CD,panPI3K",single,207.7,20,59.0,13,10.67032967032967,27,PD
X-2043,BKM120 + LDE225,"panPI3K,SMO",combo,176.89999999999998,22,40.31999999999999,12,10.577106518282989,29,PD
X-2043,BKM120 + binimetinib,"panPI3K,MAPK,MAP2K1,MAP2K2,PIK3CA,PIK3CB,PIK3CG,PIK3CD",combo,-17.700000000000003,22,5.033333333333346,13,50.29203539823009,132,SD-->PD
X-2043,BYL719,PIK3CA,single,76.19999999999999,20,31.04000000000002,13,27.43324250681199,34,PD
X-2043,BYL719 + LJM716,"PIK3CA,ERBB3,ERBB3,PIK3CA",combo,43.599999999999994,32,11.275000000000006,11,53.96774193548387,70,PD
X-2043,CLR457,"PIK3CA,PIK3CB,PIK3CG,PIK3CD,panPI3K",single,44.099999999999994,20,20.52500000000001,13,62.32608695652174,79,PD
X-2043,HDM201,MDM2,single,65.9,21,30.90000000000001,14,31.767123287671236,45,PD
X-2043,"figitumumab""",IGF1R,single,241.4,22,36.099999999999994,12,11.778345250255365,29,PD
X-2043,"figitumumab"" + binimetinib","IGF1R,MAPK",combo,378.3,20,172.3,13,2.0,27,PD
X-2043,gemcitabine-50mpk,chemotherapy,single,9.900000000000006,10,25.75999999999999,14,14.0,14,SD
X-2043,INC424,JAK,single,72.80000000000001,23,34.875,13,30.0,65,PD
X-2043,INC424 + binimetinib,"JAK,MAPK",combo,5.700000000000003,29,-7.974999999999994,12,76.08865248226951,99,SD-->PD
X-2043,LEE011,"CDK4,CDK6,CDK4/6",single,147.4,21,57.5,11,10.279373368146214,23,PD
X-2043,LKA136,"NTRK1,NTRK2,NTRK3",single,155.7,24,50.72,13,13.38974358974359,24,PD
X-2043,binimetinib,"MAP2K1,MAP2K2,MAPK",single,-35.0,10,-15.771428571428572,19,27.0,27,SD
X-2043,binimetinib-3.5mpk,MAPK,single,129.7,20,32.51999999999998,13,17.97269624573379,27,PD
X-2043,untreated,"UNKNOWN,Untreated",single,310.5,22,77.32499999999999,11,6.352818371607516,24,PD
X-20508,LFW527 + binimetinib,"IGF1R,MAP2K1,MAP2K2",combo,-33.099999999999994,49,-20.922222222222217,28,70.0,70,SD-->PD
X-20689,LFW527 + binimetinib,"IGF1R,MAP2K1,MAP2K2",combo,-33.2,9,-21.90000000000001,12,71.37423312883436,115,SD-->PD
X-2081,BKM120,"PIK3CA,PIK3CB,PIK3CG,PIK3CD,panPI3K",single,156.5,21,27.08,14,19.142974527526704,28,PD
X-2081,BKM120 + LDE225,"panPI3K,SMO",combo,-35.599999999999994,36,-9.776923076923069,40,62.58728179551122,82,SD-->PD
X-2081,BKM120 + binimetinib,"panPI3K,MAPK,MAP2K1,MAP2K2,PIK3CA,PIK3CB,PIK3CG,PIK3CD",combo,-61.2,11,-35.03,29,52.053824362606235,53,PR-->PD
X-2081,BYL719,PIK3CA,single,0.0,15,2.4200000000000017,15,27.041322314049587,42,SD-->PD
X-2081,BYL719 + LJM716,"PIK3CA,ERBB3,ERBB3,PIK3CA",combo,167.3,20,59.920000000000016,13,10.342857142857142,34,PD
X-2081,CLR457,"PIK3CA,PIK3CB,PIK3CG,PIK3CD,panPI3K",single,359.7,22,51.94999999999999,11,11.091666666666669,32,PD
X-2081,HDM201,MDM2,single,526.0,22,84.75,11,6.2330827067669174,28,PD
X-2081,"figitumumab""",IGF1R,single,554.0,13,224.5,13,4.51418439716312,13,PD
X-2081,"figitumumab"" + binimetinib","IGF1R,MAPK",combo,290.6,20,78.47999999999999,13,8.419161676646707,27,PD
X-2081,gemcitabine-50mpk,chemotherapy,single,95.4,24,40.84,14,24.727272727272727,37,PD
X-2081,INC424 + binimetinib,"JAK,MAPK",combo,-3.4000000000000057,25,15.379999999999995,31,84.0,84,SD-->PD
X-2081,LEE011,"CDK4,CDK6,CDK4/6",single,245.6,20,68.72,14,8.467500000000001,27,PD
X-2081,WNT974,PORCN,single,357.3,20,86.30000000000001,11,6.245115452930729,20,PD
X-2081,LKA136,"NTRK1,NTRK2,NTRK3",single,645.7,18,134.475,11,5.010460251046025,18,PD
X-2081,binimetinib,"MAP2K1,MAP2K2,MAPK",single,-50.8,17,-24.271428571428572,21,51.0,51,PR-->PD
X-2081,binimetinib-3.5mpk,MAPK,single,152.4,24,67.32499999999999,11,5.489603024574669,24,PD
X-2081,untreated,"UNKNOWN,Untreated",single,697.6,22,116.3,11,5.587378640776699,22,PD
X-20810,LFW527 + binimetinib,"IGF1R,MAP2K1,MAP2K2",combo,-59.6,9,-41.96666666666667,16,70.0,70,PR-->PD
X-2082,BGJ398,FGFR,single,113.8,19,10.900000000000006,11,17.357142857142854,19,PD
X-2082,BKM120,"PIK3CA,PIK3CB,PIK3CG,PIK3CD,panPI3K",single,170.3,22,26.77500000000001,11,14.307332293291733,37,PD
X-2082,BKM120 + binimetinib,"panPI3K,MAPK,MAP2K1,MAP2K2,PIK3CA,PIK3CB,PIK3CG,PIK3CD",combo,-29.59999999999999,32,-9.300000000000011,37,62.908396946564885,100,SD-->PD
X-2082,BYL719,PIK3CA,single,-3.0999999999999943,21,3.899999999999991,21,35.114731839782756,42,SD-->PD
X-2082,BYL719 + LGH447,"PIK3CA,PIM",combo,212.5,26,20.02500000000001,12,17.725581395348836,26,PD
X-2082,BYL719 + LJM716,"PIK3CA,ERBB3,ERBB3,PIK3CA",combo,22.09999999999999,21,2.3799999999999955,14,35.565217391304344,61,SD-->PD
X-2082,CGM097,MDM2,single,99.5,26,9.325000000000005,11,20.50418410041841,47,PD
X-2082,CKX620,MAPK,single,-67.5,21,-52.0,35,102.0,102,PR-->PD
X-2082,CLR457,"PIK3CA,PIK3CB,PIK3CG,PIK3CD,panPI3K",single,142.6,22,29.92500000000001,11,19.77545691906005,37,PD
X-2082,HDM201,MDM2,single,196.3,22,67.6,11,6.0892857142857135,43,PD
X-2082,HSP990,HSP90,single,16.700000000000003,32,4.174999999999997,11,32.0,32,SD-->PD
X-2082,INC280,MET,single,113.3,22,47.94999999999999,11,13.443181818181817,37,PD
X-2082,LCL161 + paclitaxel,"BIRC2,TUBB,Tubulin",combo,-61.0,21,-30.424999999999997,26,50.0327868852459,89,PR-->PD
X-2082,LEE011,"CDK4,CDK6,CDK4/6",single,-100.0,72,-63.88846153846154,100,100.0,100,CR
X-2082,LGH447,PIM,single,98.3,21,10.150000000000006,11,21.04007543611504,32,PD
X-2082,LLM871,FGFR2/4,single,424.7000000000001,21,104.85,11,5.3978282329713725,25,PD
X-2082,binimetinib,"MAP2K1,MAP2K2,MAPK",single,-77.1,39,-61.26470588235294,60,100.0,100,PR-->-->PD
X-2082,untreated,"UNKNOWN,Untreated",single,66.19999999999999,21,29.22499999999999,11,24.05605786618445,45,PD
X-2082,LFW527 + binimetinib,"IGF1R,MAP2K1,MAP2K2",combo,-63.1,38,-44.96666666666666,97,145.0,145,PR-->-->PD
X-2088,BGJ398,FGFR,single,431.2000000000001,18,109.06666666666668,14,11.152564956695535,18,PD
X-2088,BKM120,"PIK3CA,PIK3CB,PIK3CG,PIK3CD,panPI3K",single,414.7000000000001,23,88.475,11,6.059171597633137,23,PD
X-2088,BKM120 + binimetinib,"panPI3K,MAPK,MAP2K1,MAP2K2,PIK3CA,PIK3CB,PIK3CG,PIK3CD",combo,316.8,11,139.5,11,7.0,11,PD
X-2088,BYL719,PIK3CA,single,341.3,20,146.625,15,4.374485596707819,22,PD
X-2088,BYL719 + LGH447,"PIK3CA,PIM",combo,-48.1,91,-17.900000000000006,21,127.0,127,SD-->PD
X-2088,BYL719 + LJM716,"PIK3CA,ERBB3,ERBB3,PIK3CA",combo,177.8,12,64.07999999999998,12,9.236234458259323,12,PD
X-2088,CGM097,MDM2,single,749.6,15,148.725,11,4.938381588715664,15,PD
X-2088,CKX620,MAPK,single,-69.0,49,-18.924999999999997,55,55.0,55,SD-->PD
X-2088,CLR457,"PIK3CA,PIK3CB,PIK3CG,PIK3CD,panPI3K",single,332.4,11,154.6,11,7.0,11,PD
X-2088,HDM201,MDM2,single,257.9,24,69.6,15,5.830357142857142,28,PD
X-2088,HSP990,HSP90,single,5.599999999999994,11,8.600000000000009,11,19.45973782771536,26,SD-->PD
X-2088,INC280,MET,single,195.6,11,109.63333333333335,11,7.0,11,PD
X-2088,LCL161 + paclitaxel,"BIRC2,TUBB,Tubulin",combo,-95.0,14,-62.4,14,54.70926517571885,60,PR-->PD
X-2088,LEE011,"CDK4,CDK6,CDK4/6",single,225.6,8,102.20000000000002,8,4.525587828492393,8,PD
X-2088,LGH447,PIM,single,-100.0,71,-55.722580645161294,128,7.065317387304507,128,CR
X-2088,LLM871,FGFR2/4,single,-100.0,21,-90.33793103448276,117,117.0,117,CR
X-2088,binimetinib,"MAP2K1,MAP2K2,MAPK",single,266.7,11,160.93333333333334,11,7.0,11,PD
X-2088,untreated,"UNKNOWN,Untreated",single,477.6,11,243.8,11,7.0,11,PD
X-2088,LFW527 + binimetinib,"IGF1R,MAP2K1,MAP2K2",combo,765.8,5,392.0666666666666,5,4.0,5,PD
X-2094,BGJ398,FGFR,single,364.1,21,105.4,14,4.0,24,PD
X-2094,BKM120,"PIK3CA,PIK3CB,PIK3CG,PIK3CD,panPI3K",single,315.1,21,62.18000000000001,14,10.747346072186836,24,PD
X-2094,BKM120 + binimetinib,"panPI3K,MAPK,MAP2K1,MAP2K2,PIK3CA,PIK3CB,PIK3CG,PIK3CD",combo,35.69999999999999,24,21.659999999999997,14,33.52054794520548,82,PD
X-2094,BYL719,PIK3CA,single,147.4,21,60.16,14,11.345291479820627,31,PD
X-2094,BYL719 + LGH447,"PIK3CA,PIM",combo,124.6,21,12.579999999999998,14,17.700869565217392,31,PD
X-2094,BYL719 + LJM716,"PIK3CA,ERBB3,ERBB3,PIK3CA",combo,115.1,28,75.94,14,9.543478260869566,46,PD
X-2094,CGM097,MDM2,single,367.1,21,128.6,14,4.707070707070707,24,PD
X-2094,CKX620,MAPK,single,-29.59999999999999,35,24.033333333333346,40,7.507462686567165,82,SD-->PD
X-2094,CLR457,"PIK3CA,PIK3CB,PIK3CG,PIK3CD,panPI3K",single,73.9,28,27.840000000000003,14,20.63888888888889,61,PD
X-2094,HDM201,MDM2,single,360.9,21,135.0,14,5.063636363636363,24,PD
X-2094,HSP990,HSP90,single,141.6,28,109.26,14,4.171303074670571,61,PD
X-2094,INC280,MET,single,711.9,17,187.08000000000004,14,4.0,17,PD
X-2094,LCL161 + paclitaxel,"BIRC2,TUBB,Tubulin",combo,292.1,21,80.84,14,6.799212598425196,46,PD
X-2094,LEE011,"CDK4,CDK6,CDK4/6",single,215.7,21,64.85999999999999,14,11.463009143807149,38,PD
X-2094,LGH447,PIM,single,125.3,21,91.4,14,4.0,31,PD
X-2094,LLM871,FGFR2/4,single,373.2,17,142.95999999999998,14,4.0,17,PD
X-2094,binimetinib,"MAP2K1,MAP2K2,MAPK",single,-100.0,35,-71.14666666666666,49,49.0,49,CR
X-2094,untreated,"UNKNOWN,Untreated",single,592.8,17,151.36,14,5.371268656716418,17,PD
X-2094,LFW527 + binimetinib,"IGF1R,MAP2K1,MAP2K2",combo,-51.8,25,-17.14545454545454,32,45.069868995633186,57,SD-->PD
X-2127,LFW527 + everolimus,"IGF1R,MTOR",combo,27.59999999999999,23,24.42,14,16.852614896988907,27,SD-->PD
X-2145,5FU,chemotherapy,single,89.4,41,41.525000000000006,13,18.03125,41,PD
X-2145,BKM120,"PIK3CA,PIK3CB,PIK3CG,PIK3CD,panPI3K",single,-12.5,10,-5.099999999999994,19,60.945205479452056,75,SD-->PD
X-2145,BKM120 + LJC049,"panPI3K,TNKS",combo,0.5,15,6.200000000000003,15,45.89333333333333,54,SD-->PD
X-2145,BYL719,PIK3CA,single,115.3,24,44.0,13,18.854545454545452,40,PD
X-2145,BYL719 + cetuximab,"PIK3CA,EGFR",combo,158.7,24,6.800000000000011,13,17.413394919168592,40,PD
X-2145,BYL719 + cetuximab + encorafenib,"PIK3CA,EGFR,BRAF",combo,-57.0,46,-32.400000000000006,61,100.0,100,PR-->-->PD
X-2145,BYL719 + encorafenib,"PIK3CA,BRAF",combo,-82.2,37,-61.38461538461539,48,48.0,48,PR
X-2145,BYL719 + LJM716,"PIK3CA,ERBB3,ERBB3,PIK3CA",combo,157.10000000000002,24,1.0499999999999972,13,19.85631349782293,40,PD
X-2145,BYL719 + binimetinib,"PIK3CA,MAPK",combo,-68.3,46,-49.766666666666666,77,95.0,95,PR
X-2145,cetuximab + encorafenib,"EGFR,BRAF",combo,-15.099999999999994,19,-4.433333333333337,35,55.67826086956522,60,SD-->PD
X-2145,CGM097,MDM2,single,-42.3,19,-16.537499999999994,28,63.0,63,SD-->PD
X-2145,CKX620,MAPK,single,-43.7,77,-20.384,98,98.0,98,SD-->PD
X-2145,CLR457,"PIK3CA,PIK3CB,PIK3CG,PIK3CD,panPI3K",single,13.099999999999994,24,24.51428571428572,28,46.0,52,SD
X-2145,HDM201,MDM2,single,-23.40000000000001,9,-17.962500000000006,30,75.17757009345794,79,SD-->PD
X-2145,LEE011,"CDK4,CDK6,CDK4/6",single,56.599999999999994,28,51.03333333333333,12,45.0,45,PD
X-2145,encorafenib,BRAF,single,-10.299999999999995,14,0.2666666666666657,19,56.78842315369261,63,SD-->PD
X-2145,LJC049,TNKS,single,105.7,14,42.875,11,10.638668779714738,14,PD
X-2145,LKA136,"NTRK1,NTRK2,NTRK3",single,359.4,24,98.825,13,4.991735537190083,40,PD
X-2145,binimetinib,"MAP2K1,MAP2K2,MAPK",single,-44.6,39,-27.36363636363636,45,91.0,91,SD-->PD
X-2145,untreated,"UNKNOWN,Untreated",single,192.6,24,83.025,13,6.4885496183206115,40,PD
X-2145,LFW527 + binimetinib,"IGF1R,MAP2K1,MAP2K2",combo,-12.5,17,-4.016666666666666,17,46.0,46,SD-->PD
X-21617,LFW527 + binimetinib,"IGF1R,MAP2K1,MAP2K2",combo,436.2999999999999,8,214.55,8,2.582561481954647,8,PD
X-2163,BKM120,"PIK3CA,PIK3CB,PIK3CG,PIK3CD,panPI3K",single,-7.799999999999997,13,5.3799999999999955,13,45.87719298245614,55,SD-->PD
X-2163,BKM120 + encorafenib,"panPI3K,BRAF,BRAF,PIK3CA,PIK3CB,PIK3CG,PIK3CD",combo,62.099999999999994,22,7.0,14,30.0,30,PD
X-2163,CGM097,MDM2,single,120.9,26,61.78,12,5.852878464818763,30,PD
X-2163,CLR457,"PIK3CA,PIK3CB,PIK3CG,PIK3CD,panPI3K",single,52.69999999999999,20,10.040000000000006,12,27.66206896551724,37,PD
X-2163,LDE225,SMO,single,3.4000000000000057,10,3.5,13,32.0,32,SD-->PD
X-2163,LDK378,ALK,single,-24.5,35,-12.700000000000005,13,62.0,62,SD-->PD
X-2163,LEE011,"CDK4,CDK6,CDK4/6",single,2.5999999999999943,9,3.0999999999999943,9,9.0,9,SD
X-2163,LEE011 + encorafenib,"CDK4/6,BRAF,BRAF,CDK4,CDK6",combo,-33.400000000000006,14,-11.116666666666674,17,56.0,56,SD-->PD
X-2163,LEE011 + binimetinib,"CDK4,CDK6,MAP2K1,MAP2K2,CDK4/6,MAPK",combo,-60.3,118,-30.72325581395349,201,218.421875,242,PR-->-->PD
X-2163,WNT974,PORCN,single,33.400000000000006,21,32.849999999999994,11,21.0,21,PD
X-2163,LGW813,IAP,single,138.5,23,70.35999999999999,13,7.593220338983051,35,PD
X-2163,encorafenib,BRAF,single,89.6,26,22.08,12,27.004830917874397,30,PD
X-2163,encorafenib + binimetinib,"BRAF,MAP2K1,MAP2K2,MAPK",combo,100.3,22,20.700000000000003,14,21.950166112956808,30,PD
X-2163,binimetinib,"MAP2K1,MAP2K2,MAPK",single,-17.599999999999994,9,-13.820000000000007,12,54.01659751037344,58,SD-->PD
X-2163,TAS266,DR5,single,29.09999999999999,19,19.299999999999997,12,30.0,30,SD
X-2163,untreated,"UNKNOWN,Untreated",single,183.8,23,70.75999999999999,12,10.859154929577464,30,PD
X-2182,5FU,chemotherapy,single,120.8,15,60.30000000000001,15,12.87321063394683,15,PD
X-2182,BKM120,"PIK3CA,PIK3CB,PIK3CG,PIK3CD,panPI3K",single,627.3,16,161.60000000000002,13,6.504559270516717,16,PD
X-2182,BKM120 + LJC049,"panPI3K,TNKS",combo,516.5,15,240.6,15,3.0,15,PD
X-2182,BYL719,PIK3CA,single,630.9,15,239.21999999999997,15,5.0941704035874436,15,PD
X-2182,BYL719 + cetuximab,"PIK3CA,EGFR",combo,188.4,21,44.42500000000001,11,13.426559356136822,28,PD
X-2182,BYL719 + cetuximab + encorafenib,"PIK3CA,EGFR,BRAF",combo,458.1,20,123.16,14,7.219284603421461,21,PD
X-2182,BYL719 + encorafenib,"PIK3CA,BRAF",combo,487.6,22,112.26,15,8.560625814863103,24,PD
X-2182,BYL719 + LJM716,"PIK3CA,ERBB3,ERBB3,PIK3CA",combo,651.1,18,120.3,15,8.01453104359313,18,PD
X-2182,BYL719 + binimetinib,"PIK3CA,MAPK",combo,570.4,18,166.64,15,4.30952380952381,18,PD
X-2182,cetuximab + encorafenib,"EGFR,BRAF",combo,358.2,20,98.4,14,7.551204819277108,21,PD
X-2182,CGM097,MDM2,single,655.0,13,257.18,13,3.972495088408644,13,PD
X-2182,CKX620,MAPK,single,170.7,21,29.44,13,18.46291866028708,27,PD
X-2182,CLR457,"PIK3CA,PIK3CB,PIK3CG,PIK3CD,panPI3K",single,192.5,22,68.57999999999998,15,9.269141531322504,24,PD
X-2182,HDM201,MDM2,single,361.0,18,162.26000000000005,13,3.50169779286927,18,PD
X-2182,LEE011,"CDK4,CDK6,CDK4/6",single,553.9,18,181.54,13,4.373617021276596,18,PD
X-2182,encorafenib,BRAF,single,755.5,10,304.025,10,3.0,10,PD
X-2182,LJC049,TNKS,single,842.2,7,386.9,7,3.0,7,PD
X-2182,LKA136,"NTRK1,NTRK2,NTRK3",single,823.9,18,183.06,15,4.92747784045125,18,PD
X-2182,binimetinib,"MAP2K1,MAP2K2,MAPK",single,490.6,16,172.44,13,5.3583815028901745,16,PD
X-2182,untreated,"UNKNOWN,Untreated",single,336.3,21,55.17500000000001,12,10.629213483146067,21,PD
X-2182,LFW527 + binimetinib,"IGF1R,MAP2K1,MAP2K2",combo,423.2999999999999,18,112.86,13,5.524495677233429,18,PD
X-2195,BGJ398,FGFR,single,133.6,34,20.84999999999999,12,23.9601593625498,37,PD
X-2195,BKM120,"PIK3CA,PIK3CB,PIK3CG,PIK3CD,panPI3K",single,108.2,27,37.55000000000001,12,25.255319148936177,37,PD
X-2195,BYL719,PIK3CA,single,145.4,27,49.724999999999994,12,13.609958506224066,37,PD
X-2195,BYL719 + LEE011,"PIK3CA,CDK4/6",combo,-60.7,21,-30.96666666666667,21,21.0,21,PR
X-2195,BYL719 + LJM716,"PIK3CA,ERBB3,ERBB3,PIK3CA",combo,-0.5999999999999943,10,-12.959999999999994,14,22.677966101694917,35,SD-->PD
X-2195,CGM097,MDM2,single,-16.5,16,8.755555555555546,37,37.0,37,SD
X-2195,CLR457,"PIK3CA,PIK3CB,PIK3CG,PIK3CD,panPI3K",single,131.3,27,33.625,12,22.118908382066277,27,PD
X-2195,HDM201,MDM2,single,-8.0,28,7.240000000000009,13,38.0,38,SD
X-2195,INC424,JAK,single,-13.299999999999995,9,-4.140000000000001,12,27.41211604095563,30,SD-->PD
X-2195,LEE011,"CDK4,CDK6,CDK4/6",single,25.0,18,20.566666666666663,11,24.0,24,SD
X-2195,LEE011 + everolimus,"CDK4,CDK6,MTOR,CDK4/6",combo,-100.0,35,-58.84782608695652,80,80.0,80,CR
X-2195,LFA102,PRLR ,single,34.80000000000001,21,4.3999999999999915,15,21.0,21,SD-->PD
X-2195,LJM716,ERBB3,single,223.1,21,51.23333333333332,11,10.01138211382114,24,PD
X-2195,LJM716 + trastuzumab,"ERBB3,ERBB2",combo,244.0,20,62.34,14,11.660869565217393,28,PD
X-2195,LKA136,"NTRK1,NTRK2,NTRK3",single,7.299999999999997,15,1.8999999999999917,15,35.95518867924528,50,SD-->PD
X-2195,LLM871,FGFR2/4,single,-54.3,25,-9.612499999999995,31,46.99250936329588,64,SD-->PD
X-2195,binimetinib,"MAP2K1,MAP2K2,MAPK",single,61.900000000000006,25,13.0,11,31.70028818443804,32,PD
X-2195,trastuzumab,ERBB2,single,187.5,21,44.20000000000002,15,14.889367816091957,21,PD
X-2195,untreated,"UNKNOWN,Untreated",single,289.5,27,77.32499999999999,12,7.667731629392971,37,PD
X-2220,"figitumumab""",IGF1R,single,100.0,5,50.0,5,5.0,5,PD
X-2220,WNT974,PORCN,single,430.2000000000001,15,215.925,13,6.0,15,PD
X-2220,LKA136,"NTRK1,NTRK2,NTRK3",single,498.7999999999999,13,189.32,13,4.304832713754648,13,PD
X-2220,untreated,"UNKNOWN,Untreated",single,609.2,16,269.6,13,6.0,16,PD
X-2239,5FU,chemotherapy,single,26.200000000000003,21,13.0,13,21.0,21,SD-->PD
X-2239,BKM120 + LJC049,"panPI3K,TNKS",combo,109.5,21,25.700000000000003,13,19.5,48,PD
X-2239,BYL719,PIK3CA,single,109.8,21,36.78,13,20.19672131147541,55,PD
X-2239,BYL719 + cetuximab,"PIK3CA,EGFR",combo,108.1,23,15.47999999999999,12,20.987577639751553,40,PD
X-2239,BYL719 + cetuximab + encorafenib,"PIK3CA,EGFR,BRAF",combo,-21.700000000000003,10,-8.950000000000003,18,41.0,41,SD
X-2239,BYL719 + encorafenib,"PIK3CA,BRAF",combo,-50.7,37,-31.683333333333337,56,56.0,56,PR
X-2239,BYL719 + binimetinib,"PIK3CA,MAPK",combo,-14.5,18,-4.525000000000006,24,43.0,43,SD
X-2239,cetuximab + encorafenib,"EGFR,BRAF",combo,-38.8,34,-23.33076923076922,41,43.0,43,SD
X-2239,CLR457,"PIK3CA,PIK3CB,PIK3CG,PIK3CD,panPI3K",single,52.5,21,20.540000000000006,13,31.93913043478261,55,PD
X-2239,LEE011,"CDK4,CDK6,CDK4/6",single,-32.2,51,-18.38666666666667,51,70.0,70,SD-->PD
X-2239,encorafenib,BRAF,single,81.0,26,26.42,13,30.386138613861387,47,PD
X-2239,LJC049,TNKS,single,237.4,24,40.875,13,14.34005763688761,36,PD
X-2239,binimetinib,"MAP2K1,MAP2K2,MAPK",single,-20.5,9,-10.559999999999988,14,64.18282548476454,78,SD-->PD
X-2239,untreated,"UNKNOWN,Untreated",single,115.5,21,29.659999999999997,13,19.05764411027569,43,PD
X-2239,LFW527 + binimetinib,"IGF1R,MAP2K1,MAP2K2",combo,83.4,26,18.424999999999997,12,27.06183368869936,36,PD
X-2283,abraxane,Tubulin,single,376.3,16,115.71999999999996,13,7.825,16,PD
X-2283,abraxane + gemcitabine,"Tubulin,chemotherapy",combo,169.5,23,47.859999999999985,14,13.7708830548926,27,PD
X-2283,BKM120,"PIK3CA,PIK3CB,PIK3CG,PIK3CD,panPI3K",single,273.5,17,71.30000000000001,13,10.056410256410256,17,PD
X-2283,BYL719,PIK3CA,single,222.8,20,94.1,14,6.849162011173185,32,PD
X-2283,CLR457,"PIK3CA,PIK3CB,PIK3CG,PIK3CD,panPI3K",single,177.60000000000002,20,95.0,14,6.968684759916493,32,PD
X-2283,HDM201,MDM2,single,93.9,20,97.16666666666666,20,10.192248062015503,32,PD
X-2283,gemcitabine-50mpk,chemotherapy,single,194.6,20,48.900000000000006,11,11.267281105990785,31,PD
X-2283,INC424,JAK,single,194.9,24,41.30000000000001,11,10.91413237924866,39,PD
X-2283,INC424 + binimetinib,"JAK,MAPK",combo,276.7,24,58.46666666666667,14,12.55,28,PD
X-2283,LEE011,"CDK4,CDK6,CDK4/6",single,277.8,20,42.640000000000015,13,11.264462809917354,23,PD
X-2283,WNT974,PORCN,single,275.1,16,87.80000000000001,13,7.932668329177057,16,PD
X-2283,LKA136,"NTRK1,NTRK2,NTRK3",single,202.0,20,61.70000000000002,13,10.577235772357724,29,PD
X-2283,binimetinib-3.5mpk,MAPK,single,465.2999999999999,20,134.82,13,2.0,22,PD
X-2306,BKM120,"PIK3CA,PIK3CB,PIK3CG,PIK3CD,panPI3K",single,8.099999999999994,12,0.6500000000000057,12,32.0,32,SD-->PD
X-2306,BKM120 + encorafenib,"panPI3K,BRAF,BRAF,PIK3CA,PIK3CB,PIK3CG,PIK3CD",combo,91.7,20,16.224999999999994,13,23.161904761904765,27,PD
X-2306,CGM097,MDM2,single,-47.0,17,-26.814285714285717,22,22.0,22,SD
X-2306,CLR457,"PIK3CA,PIK3CB,PIK3CG,PIK3CD,panPI3K",single,0.0999999999999943,13,-0.5250000000000057,13,31.0,31,SD-->PD
X-2306,LDE225,SMO,single,47.30000000000001,25,11.25,12,32.0,32,PD
X-2306,LDK378,ALK,single,76.80000000000001,22,23.040000000000006,12,27.8955223880597,29,PD
X-2306,LEE011,"CDK4,CDK6,CDK4/6",single,3.5,23,0.3499999999999943,11,99.0,99,SD-->PD
X-2306,LEE011 + encorafenib,"CDK4/6,BRAF,BRAF,CDK4,CDK6",combo,5.0,55,-3.9000000000000057,13,68.0,68,SD-->PD
X-2306,LEE011 + binimetinib,"CDK4,CDK6,MAP2K1,MAP2K2,CDK4/6,MAPK",combo,-55.1,50,-36.11304347826086,165,201.0,201,PR
X-2306,WNT974,PORCN,single,134.2,20,59.12,14,11.359223300970871,27,PD
X-2306,LGW813,IAP,single,41.80000000000001,21,9.825000000000005,12,26.70930232558139,32,PD
X-2306,encorafenib,BRAF,single,145.4,20,26.674999999999997,12,15.90990990990991,28,PD
X-2306,encorafenib + binimetinib,"BRAF,MAP2K1,MAP2K2,MAPK",combo,-21.90000000000001,24,-9.657142857142858,24,68.0,68,SD-->PD
X-2306,binimetinib,"MAP2K1,MAP2K2,MAPK",single,-6.700000000000003,19,-5.525000000000006,11,32.0,32,SD-->PD
X-2306,TAS266,DR5,single,153.5,22,18.47999999999999,14,18.98761261261261,30,PD
X-2306,untreated,"UNKNOWN,Untreated",single,241.6,20,62.0,12,8.54109589041096,27,PD
X-2339,abraxane,Tubulin,single,148.0,21,48.599999999999994,11,14.471698113207546,32,PD
X-2339,abraxane + gemcitabine,"Tubulin,chemotherapy",combo,48.599999999999994,23,17.879999999999995,13,33.80851063829787,69,PD
X-2339,BKM120,"PIK3CA,PIK3CB,PIK3CG,PIK3CD,panPI3K",single,19.40000000000001,80,20.02000000000001,14,24.526690391459073,80,SD-->PD
X-2339,BKM120 + binimetinib,"panPI3K,MAPK,MAP2K1,MAP2K2,PIK3CA,PIK3CB,PIK3CG,PIK3CD",combo,-70.5,89,-45.385714285714286,99,99.0,99,PR
X-2339,BYL719,PIK3CA,single,-8.599999999999994,13,-4.016666666666666,17,68.97520661157024,69,SD-->PD
X-2339,BYL719 + LJM716,"PIK3CA,ERBB3,ERBB3,PIK3CA",combo,8.400000000000006,11,2.0999999999999943,11,62.69318181818182,63,SD-->PD
X-2339,CLR457,"PIK3CA,PIK3CB,PIK3CG,PIK3CD,panPI3K",single,-43.9,13,-26.98571428571428,20,51.0,51,SD-->PD
X-2339,HDM201,MDM2,single,55.900000000000006,20,9.940000000000012,13,26.271186440677965,55,PD
X-2339,"figitumumab""",IGF1R,single,39.400000000000006,26,29.125,12,42.36363636363637,92,PD
X-2339,"figitumumab"" + binimetinib","IGF1R,MAPK",combo,-36.9,70,-13.47999999999999,70,86.0,86,SD-->PD
X-2339,gemcitabine-50mpk,chemotherapy,single,48.400000000000006,32,21.75,12,33.867310012062724,78,PD
X-2339,INC424,JAK,single,41.900000000000006,21,4.575000000000003,11,63.0,63,PD
X-2339,INC424 + binimetinib,"JAK,MAPK",combo,-39.0,62,-15.385714285714286,72,72.0,72,SD
X-2339,LEE011,"CDK4,CDK6,CDK4/6",single,3.299999999999997,64,7.179999999999993,12,89.0,89,SD-->PD
X-2339,WNT974,PORCN,single,-37.2,10,-17.1875,21,21.0,21,SD
X-2339,LKA136,"NTRK1,NTRK2,NTRK3",single,154.4,23,24.040000000000006,12,16.17234262125903,58,PD
X-2339,binimetinib,"MAP2K1,MAP2K2,MAPK",single,-44.7,82,-11.15357142857144,99,99.0,99,SD
X-2339,binimetinib-3.5mpk,MAPK,single,-70.4,84,-30.00344827586207,101,101.0,101,PR
X-2339,untreated,"UNKNOWN,Untreated",single,35.0,21,12.099999999999994,13,36.5,91,PD
X-2344,BGJ398,FGFR,single,153.0,24,53.81999999999999,18,13.71631205673759,31,PD
X-2344,BKM120,"PIK3CA,PIK3CB,PIK3CG,PIK3CD,panPI3K",single,-41.3,29,-15.691666666666665,43,43.0,43,SD
X-2344,BYL719,PIK3CA,single,245.8,22,48.82499999999999,11,10.477011494252874,25,PD
X-2344,BYL719 + LEE011,"PIK3CA,CDK4/6",combo,-46.8,15,-35.32857142857142,25,88.0,88,SD-->PD
X-2344,BYL719 + LJM716,"PIK3CA,ERBB3,ERBB3,PIK3CA",combo,-28.5,15,-13.86,15,28.92485549132948,46,SD-->PD
X-2344,CGM097,MDM2,single,492.6,18,132.3,11,4.8815533980582515,18,PD
X-2344,CLR457,"PIK3CA,PIK3CB,PIK3CG,PIK3CD,panPI3K",single,143.6,22,23.22499999999999,11,17.49438202247191,33,PD
X-2344,HDM201,MDM2,single,350.0,22,87.475,11,5.779128672745694,25,PD
X-2344,INC424,JAK,single,488.4,22,96.10000000000002,11,6.449809402795426,25,PD
X-2344,LEE011,"CDK4,CDK6,CDK4/6",single,147.4,20,52.69999999999999,13,14.880478087649402,20,PD
X-2344,LEE011 + everolimus,"CDK4,CDK6,MTOR,CDK4/6",combo,-38.3,13,-21.200000000000003,24,24.0,24,SD
X-2344,LFA102,PRLR ,single,217.1,21,48.88,14,12.190751445086704,24,PD
X-2344,LJM716,ERBB3,single,-22.5,10,-13.879999999999995,13,27.0,27,SD
X-2344,LJM716 + trastuzumab,"ERBB3,ERBB2",combo,-92.1,28,-27.40000000000001,28,28.0,28,PR
X-2344,LKA136,"NTRK1,NTRK2,NTRK3",single,706.9,18,216.475,11,4.0,18,PD
X-2344,LLM871,FGFR2/4,single,270.0,21,78.12,13,8.081145584725537,34,PD
X-2344,binimetinib,"MAP2K1,MAP2K2,MAPK",single,298.2,18,111.625,11,4.0,18,PD
X-2344,trastuzumab,ERBB2,single,110.3,24,14.02000000000001,14,19.821782178217823,24,PD
X-2344,untreated,"UNKNOWN,Untreated",single,276.1,13,113.1,13,6.976851851851851,13,PD
X-2344,LFW527 + everolimus,"IGF1R,MTOR",combo,-18.5,20,-8.799999999999997,24,67.70588235294117,76,SD-->PD
X-2353,BGJ398,FGFR,single,99.0,21,33.95999999999998,14,21.087976539589445,91,PD
X-2353,BKM120,"PIK3CA,PIK3CB,PIK3CG,PIK3CD,panPI3K",single,92.6,21,21.840000000000003,14,24.204545454545453,84,PD
X-2353,BYL719,PIK3CA,single,-6.900000000000006,10,-5.1200000000000045,14,50.97872340425532,91,SD-->PD
X-2353,BYL719 + LEE011,"PIK3CA,CDK4/6",combo,2.700000000000003,84,3.2750000000000057,11,95.0,95,SD
X-2353,BYL719 + LJM716,"PIK3CA,ERBB3,ERBB3,PIK3CA",combo,45.80000000000001,14,52.640000000000015,14,8.981949458483754,14,PD
X-2353,CGM097,MDM2,single,94.3,21,23.74000000000001,14,21.58361774744027,70,PD
X-2353,CLR457,"PIK3CA,PIK3CB,PIK3CG,PIK3CD,panPI3K",single,48.80000000000001,26,8.25,11,35.99999999999999,74,PD
X-2353,HDM201,MDM2,single,140.7,21,27.840000000000003,14,15.741144414168938,56,PD
X-2353,INC424,JAK,single,78.5,26,18.77500000000001,11,30.797814207650273,88,PD
X-2353,LEE011,"CDK4,CDK6,CDK4/6",single,-7.200000000000003,11,-9.150000000000006,11,116.0,116,SD-->PD
X-2353,LEE011 + everolimus,"CDK4,CDK6,MTOR,CDK4/6",combo,-18.799999999999997,11,-11.350000000000009,17,95.0,95,SD
X-2353,LFA102,PRLR ,single,79.6,22,20.27500000000001,13,24.111888111888113,35,PD
X-2353,LJM716,ERBB3,single,-19.200000000000003,14,-12.599999999999994,14,70.84,92,SD-->PD
X-2353,LJM716 + trastuzumab,"ERBB3,ERBB2",combo,20.09999999999999,13,13.679999999999993,13,38.30588235294118,91,SD-->PD
X-2353,LKA136,"NTRK1,NTRK2,NTRK3",single,59.69999999999999,26,8.525000000000006,11,30.46979865771812,74,PD
X-2353,LLM871,FGFR2/4,single,66.5,21,21.299999999999997,14,26.877192982456144,77,PD
X-2353,binimetinib,"MAP2K1,MAP2K2,MAPK",single,1.4000000000000057,56,10.0,11,76.75,88,SD-->-->PD
X-2353,trastuzumab,ERBB2,single,201.2,22,42.69999999999999,13,14.34621848739496,49,PD
X-2353,untreated,"UNKNOWN,Untreated",single,131.1,21,32.359999999999985,14,16.33823529411765,56,PD
X-2353,LFW527 + everolimus,"IGF1R,MTOR",combo,-45.9,28,-15.92307692307692,41,136.62459546925567,157,SD-->PD
X-2374,5FU,chemotherapy,single,18.0,10,15.140000000000017,16,47.80263157894737,92,SD-->PD
X-2374,BKM120,"PIK3CA,PIK3CB,PIK3CG,PIK3CD,panPI3K",single,-79.1,43,5.6200000000000045,16,37.07692307692307,43,SD-->PD
X-2374,BKM120 + LJC049,"panPI3K,TNKS",combo,107.3,24,31.30000000000001,14,21.43859649122807,28,PD
X-2374,BYL719,PIK3CA,single,136.9,21,25.200000000000003,14,18.410526315789472,42,PD
X-2374,BYL719 + cetuximab,"PIK3CA,EGFR",combo,54.69999999999999,23,27.375,12,51.02777777777778,89,PD
X-2374,BYL719 + cetuximab + encorafenib,"PIK3CA,EGFR,BRAF",combo,91.1,23,28.80000000000001,12,23.79940119760479,33,PD
X-2374,BYL719 + encorafenib,"PIK3CA,BRAF",combo,85.80000000000001,31,20.340000000000003,14,27.251612903225805,63,PD
X-2374,BYL719 + LJM716,"PIK3CA,ERBB3,ERBB3,PIK3CA",combo,58.5,21,11.325000000000005,14,22.237574552683895,45,PD
X-2374,BYL719 + binimetinib,"PIK3CA,MAPK",combo,-5.799999999999997,48,9.038095238095252,76,89.0,89,SD-->-->PD
X-2374,cetuximab + encorafenib,"EGFR,BRAF",combo,48.30000000000001,24,22.22500000000001,14,26.02944062806673,44,PD
X-2374,CKX620,MAPK,single,-13.400000000000006,21,-3.049999999999997,21,44.0,44,SD
X-2374,CLR457,"PIK3CA,PIK3CB,PIK3CG,PIK3CD,panPI3K",single,34.599999999999994,21,5.733333333333334,13,23.76825396825397,25,SD-->PD
X-2374,HDM201,MDM2,single,51.80000000000001,23,6.900000000000006,16,28.0,28,PD
X-2374,LEE011,"CDK4,CDK6,CDK4/6",single,6.5,23,23.950000000000003,23,91.0,91,SD
X-2374,encorafenib,BRAF,single,375.9,21,78.625,16,10.396174863387978,21,PD
X-2374,LJC049,TNKS,single,94.9,21,27.799999999999997,16,21.36778846153846,28,PD
X-2374,LKA136,"NTRK1,NTRK2,NTRK3",single,168.10000000000002,21,61.55000000000001,16,12.796370967741936,28,PD
X-2374,binimetinib,"MAP2K1,MAP2K2,MAPK",single,-3.4000000000000057,63,7.133333333333326,23,91.0,91,SD-->PD
X-2374,untreated,"UNKNOWN,Untreated",single,132.2,23,26.039999999999992,14,15.95863309352518,35,PD
X-2374,LFW527 + binimetinib,"IGF1R,MAP2K1,MAP2K2",combo,-22.5,44,6.729411764705887,55,155.0,155,SD-->-->PD
X-2403,5FU,chemotherapy,single,15.0,17,19.049999999999997,17,42.0,42,SD-->PD
X-2403,BKM120,"PIK3CA,PIK3CB,PIK3CG,PIK3CD,panPI3K",single,61.099999999999994,21,15.375,11,27.0,27,PD
X-2403,BKM120 + LJC049,"panPI3K,TNKS",combo,239.4,21,48.06,14,11.493055555555555,28,PD
X-2403,BYL719,PIK3CA,single,76.4,34,25.700000000000003,14,22.12568306010929,37,PD
X-2403,BYL719 + cetuximab,"PIK3CA,EGFR",combo,-14.900000000000006,15,-13.100000000000009,15,38.11834319526627,67,SD-->PD
X-2403,BYL719 + cetuximab + encorafenib,"PIK3CA,EGFR,BRAF",combo,-93.9,15,-21.159999999999997,15,15.0,15,PR
X-2403,BYL719 + encorafenib,"PIK3CA,BRAF",combo,163.39999999999998,24,33.22,14,15.215716486902927,28,PD
X-2403,BYL719 + LJM716,"PIK3CA,ERBB3,ERBB3,PIK3CA",combo,139.5,20,41.0,11,11.964285714285714,27,PD
X-2403,BYL719 + binimetinib,"PIK3CA,MAPK",combo,134.6,21,13.140000000000017,14,16.463276836158194,28,PD
X-2403,cetuximab + encorafenib,"EGFR,BRAF",combo,32.900000000000006,12,24.63333333333333,12,12.0,12,SD
X-2403,CGM097,MDM2,single,49.19999999999999,20,10.420000000000002,13,28.0,28,PD
X-2403,CKX620,MAPK,single,-17.200000000000003,10,-12.079999999999998,14,41.0,41,SD-->PD
X-2403,CLR457,"PIK3CA,PIK3CB,PIK3CG,PIK3CD,panPI3K",single,26.90000000000001,21,4.900000000000006,11,41.0,41,SD
X-2403,HDM201,MDM2,single,-1.2000000000000028,16,2.75,16,35.0,35,SD-->PD
X-2403,LEE011,"CDK4,CDK6,CDK4/6",single,92.0,24,20.620000000000005,14,19.879478827361563,28,PD
X-2403,encorafenib,BRAF,single,473.0,21,114.7,14,4.329490874159462,24,PD
X-2403,LJC049,TNKS,single,361.8,21,137.86,14,6.8494117647058825,28,PD
X-2403,LKA136,"NTRK1,NTRK2,NTRK3",single,300.4,25,48.974999999999994,11,11.405405405405403,28,PD
X-2403,binimetinib,"MAP2K1,MAP2K2,MAPK",single,273.0,21,82.07999999999998,14,6.436766623207301,28,PD
X-2403,untreated,"UNKNOWN,Untreated",single,217.1,21,62.599999999999994,14,12.233502538071065,28,PD
X-2428,abraxane,Tubulin,single,102.9,21,52.625,11,12.59541188738269,42,PD
X-2428,abraxane + gemcitabine,"Tubulin,chemotherapy",combo,-47.9,79,-3.152173913043484,79,79.0,79,SD-->PD
X-2428,BKM120,"PIK3CA,PIK3CB,PIK3CG,PIK3CD,panPI3K",single,-37.9,58,-13.125,12,77.11304347826088,78,SD-->PD
X-2428,BKM120 + LDE225,"panPI3K,SMO",combo,-63.1,49,-39.68947368421052,63,81.0,81,PR
X-2428,BKM120 + binimetinib,"panPI3K,MAPK,MAP2K1,MAP2K2,PIK3CA,PIK3CB,PIK3CG,PIK3CD",combo,-57.9,73,-40.76521739130435,77,81.0,81,PR
X-2428,BYL719,PIK3CA,single,-1.7999999999999972,10,2.4000000000000057,13,31.992125984251967,55,SD-->PD
X-2428,BYL719 + LJM716,"PIK3CA,ERBB3,ERBB3,PIK3CA",combo,15.0,20,17.885714285714286,20,97.0,97,SD-->PD
X-2428,CLR457,"PIK3CA,PIK3CB,PIK3CG,PIK3CD,panPI3K",single,-5.099999999999994,14,-2.239999999999995,14,87.48684210526316,122,SD-->PD
X-2428,HDM201,MDM2,single,220.6,20,55.38,13,13.05111821086262,24,PD
X-2428,"figitumumab""",IGF1R,single,19.90000000000001,20,32.81999999999999,13,32.445086705202314,57,PD
X-2428,"figitumumab"" + binimetinib","IGF1R,MAPK",combo,-79.1,35,-57.55263157894737,68,90.0,90,PR-->-->PD
X-2428,gemcitabine-50mpk,chemotherapy,single,78.80000000000001,24,40.72,14,31.85844748858447,91,PD
X-2428,INC424,JAK,single,78.19999999999999,20,9.375,13,22.477272727272727,55,PD
X-2428,LEE011,"CDK4,CDK6,CDK4/6",single,14.200000000000005,85,12.299999999999995,12,89.0,89,SD-->PD
X-2428,WNT974,PORCN,single,55.19999999999999,13,35.099999999999994,13,13.0,13,PD
X-2428,LKA136,"NTRK1,NTRK2,NTRK3",single,87.0,23,49.22,13,24.19815668202765,37,PD
X-2428,binimetinib,"MAP2K1,MAP2K2,MAPK",single,-57.2,74,-15.539130434782606,77,77.0,77,SD
X-2428,binimetinib-3.5mpk,MAPK,single,-89.2,68,-54.10833333333333,82,82.0,82,PR
X-2428,untreated,"UNKNOWN,Untreated",single,-58.3,78,-34.37777777777778,99,99.0,99,PR
X-2470,abraxane,Tubulin,single,98.4,28,-0.5499999999999972,11,19.45816733067729,49,PD
X-2470,abraxane + gemcitabine,"Tubulin,chemotherapy",combo,25.299999999999997,69,31.920000000000016,14,79.0,79,PD
X-2470,BKM120,"PIK3CA,PIK3CB,PIK3CG,PIK3CD,panPI3K",single,-3.5,33,10.25,15,56.737541528239205,57,SD-->PD
X-2470,BYL719,PIK3CA,single,-2.299999999999997,10,2.759999999999991,14,40.9041095890411,70,SD-->PD
X-2470,CLR457,"PIK3CA,PIK3CB,PIK3CG,PIK3CD,panPI3K",single,-8.400000000000006,31,1.2600000000000051,14,67.14681440443213,83,SD-->PD
X-2470,"figitumumab""",IGF1R,single,164.7,21,52.366666666666674,11,9.33782129742962,35,PD
X-2470,"figitumumab"" + binimetinib","IGF1R,MAPK",combo,98.2,30,43.47999999999999,12,15.627177700348431,33,PD
X-2470,INC424,JAK,single,8.099999999999994,17,6.640000000000015,14,47.888888888888886,76,SD-->PD
X-2470,LEE011,"CDK4,CDK6,CDK4/6",single,37.099999999999994,40,1.0999999999999943,11,34.247933884297524,54,PD
X-2470,WNT974,PORCN,single,130.6,20,10.200000000000005,12,16.805845511482257,29,PD
X-2470,LKA136,"NTRK1,NTRK2,NTRK3",single,430.1,22,104.07999999999998,13,6.173134328358209,22,PD
X-2470,binimetinib-3.5mpk,MAPK,single,-42.8,57,10.274999999999991,97,104.0,104,SD-->-->PD
X-2470,untreated,"UNKNOWN,Untreated",single,133.9,20,37.620000000000005,12,16.315217391304348,33,PD
X-2483,5FU,chemotherapy,single,54.400000000000006,23,13.5,13,50.38251366120219,70,PD
X-2483,BKM120,"PIK3CA,PIK3CB,PIK3CG,PIK3CD,panPI3K",single,8.099999999999994,11,1.5499999999999972,11,39.97345132743363,70,SD-->PD
X-2483,BKM120 + LJC049,"panPI3K,TNKS",combo,61.900000000000006,21,9.625,11,29.5,36,PD
X-2483,BYL719,PIK3CA,single,43.30000000000001,23,13.78,13,40.689655172413794,70,PD
X-2483,BYL719 + cetuximab,"PIK3CA,EGFR",combo,70.5,21,16.125,11,24.722397476340696,47,PD
X-2483,BYL719 + cetuximab + encorafenib,"PIK3CA,EGFR,BRAF",combo,10.5,14,11.72,14,94.0,94,SD
X-2483,BYL719 + encorafenib,"PIK3CA,BRAF",combo,2.0,92,5.974999999999994,11,99.0,99,SD
X-2483,BYL719 + LJM716,"PIK3CA,ERBB3,ERBB3,PIK3CA",combo,32.599999999999994,21,16.125,11,56.94827586206897,69,SD-->PD
X-2483,BYL719 + binimetinib,"PIK3CA,MAPK",combo,2.9000000000000057,41,10.62857142857142,49,90.0,90,SD
X-2483,cetuximab + encorafenib,"EGFR,BRAF",combo,41.30000000000001,21,14.650000000000006,13,50.432432432432435,68,PD
X-2483,CGM097,MDM2,single,101.9,21,12.724999999999994,11,20.82831325301205,70,PD
X-2483,CKX620,MAPK,single,6.5,11,3.7249999999999943,11,70.0,70,SD-->PD
X-2483,CLR457,"PIK3CA,PIK3CB,PIK3CG,PIK3CD,panPI3K",single,14.599999999999994,28,8.099999999999994,11,69.0,69,SD-->PD
X-2483,HDM201,MDM2,single,122.9,21,27.5,11,18.83280757097792,39,PD
X-2483,LEE011,"CDK4,CDK6,CDK4/6",single,18.40000000000001,11,7.799999999999997,11,57.111111111111114,69,SD-->PD
X-2483,encorafenib,BRAF,single,19.90000000000001,56,9.5,11,89.0,89,SD-->-->PD
X-2483,LJC049,TNKS,single,124.9,21,26.825000000000003,11,18.770149253731343,52,PD
X-2483,LKA136,"NTRK1,NTRK2,NTRK3",single,42.400000000000006,28,12.575000000000005,11,35.89142857142857,69,PD
X-2483,binimetinib,"MAP2K1,MAP2K2,MAPK",single,9.299999999999995,11,3.0999999999999943,11,89.0,89,SD-->PD
X-2483,untreated,"UNKNOWN,Untreated",single,80.5,21,19.90000000000001,11,35.21768707482993,70,PD
X-2483,LFW527 + binimetinib,"IGF1R,MAP2K1,MAP2K2",combo,-33.7,112,-6.575000000000003,11,140.06474820143885,158,SD-->PD
X-2484,5FU,chemotherapy,single,-9.400000000000006,9,1.2399999999999949,13,33.874015748031496,55,SD-->PD
X-2484,BKM120,"PIK3CA,PIK3CB,PIK3CG,PIK3CD,panPI3K",single,-14.599999999999994,17,1.0833333333333286,17,26.928940568475458,42,SD-->PD
X-2484,BKM120 + LJC049,"panPI3K,TNKS",combo,131.5,21,25.059999999999988,13,18.957198443579767,30,PD
X-2484,BYL719,PIK3CA,single,-50.9,20,-30.3125,31,87.0,87,PR-->PD
X-2484,BYL719 + cetuximab,"PIK3CA,EGFR",combo,-15.299999999999995,14,-9.950000000000005,14,43.350515463917525,47,SD-->PD
X-2484,BYL719 + cetuximab + encorafenib,"PIK3CA,EGFR,BRAF",combo,-21.200000000000003,11,-6.166666666666671,11,31.888613861386137,32,SD-->PD
X-2484,BYL719 + encorafenib,"PIK3CA,BRAF",combo,66.1,23,18.59999999999999,12,26.90566037735849,36,PD
X-2484,BYL719 + LJM716,"PIK3CA,ERBB3,ERBB3,PIK3CA",combo,-56.2,66,-8.97999999999999,16,66.0,66,SD-->PD
X-2484,BYL719 + binimetinib,"PIK3CA,MAPK",combo,-0.7000000000000028,56,-2.375,12,89.0,89,SD-->PD
X-2484,cetuximab + encorafenib,"EGFR,BRAF",combo,190.9,21,35.73333333333335,11,14.464285714285714,32,PD
X-2484,CGM097,MDM2,single,56.0,24,1.539999999999992,14,40.2085308056872,45,PD
X-2484,CKX620,MAPK,single,53.69999999999999,24,9.340000000000003,14,33.00313479623824,39,PD
X-2484,CLR457,"PIK3CA,PIK3CB,PIK3CG,PIK3CD,panPI3K",single,-8.099999999999994,10,-1.039999999999992,15,80.0,80,SD-->PD
X-2484,HDM201,MDM2,single,81.1,22,23.47999999999999,13,22.0,22,PD
X-2484,LEE011,"CDK4,CDK6,CDK4/6",single,-48.8,13,-33.099999999999994,22,62.77173913043478,63,SD-->PD
X-2484,encorafenib,BRAF,single,180.9,24,29.5,14,15.907032181168058,27,PD
X-2484,LJC049,TNKS,single,116.9,24,7.52000000000001,14,17.926453143534992,27,PD
X-2484,LKA136,"NTRK1,NTRK2,NTRK3",single,125.8,24,25.0,14,20.282420749279535,27,PD
X-2484,binimetinib,"MAP2K1,MAP2K2,MAPK",single,50.19999999999999,22,5.219999999999999,13,28.596774193548388,30,PD
X-2484,untreated,"UNKNOWN,Untreated",single,86.80000000000001,21,30.97499999999999,11,22.670886075949365,63,PD
X-2487,BGJ398,FGFR,single,82.30000000000001,21,25.42,13,22.633846153846154,48,PD
X-2487,BKM120,"PIK3CA,PIK3CB,PIK3CG,PIK3CD,panPI3K",single,148.7,32,28.420000000000016,11,17.628205128205128,53,PD
X-2487,BYL719,PIK3CA,single,81.9,26,10.359999999999983,11,29.83529411764706,60,PD
X-2487,BYL719 + LEE011,"PIK3CA,CDK4/6",combo,-47.8,10,-25.35714285714286,20,55.0,55,SD-->PD
X-2487,BYL719 + LJM716,"PIK3CA,ERBB3,ERBB3,PIK3CA",combo,-9.799999999999995,15,-6.174999999999997,15,42.28671328671329,67,SD-->PD
X-2487,CGM097,MDM2,single,184.9,21,66.94,13,10.33103448275862,34,PD
X-2487,CLR457,"PIK3CA,PIK3CB,PIK3CG,PIK3CD,panPI3K",single,73.30000000000001,26,13.375,11,28.328488372093023,67,PD
X-2487,HDM201,MDM2,single,182.7,21,49.83333333333334,11,17.636363636363633,25,PD
X-2487,INC424,JAK,single,369.3,21,84.0,13,8.006134969325153,27,PD
X-2487,LEE011,"CDK4,CDK6,CDK4/6",single,161.10000000000002,20,55.81999999999999,13,11.506172839506172,20,PD
X-2487,LEE011 + everolimus,"CDK4,CDK6,MTOR,CDK4/6",combo,-12.5,13,-6.928571428571431,20,83.0,83,SD-->PD
X-2487,LFA102,PRLR ,single,175.10000000000002,20,35.45999999999998,13,14.613682092555331,34,PD
X-2487,LJM716,ERBB3,single,18.5,25,3.700000000000003,12,33.73015873015873,46,SD-->PD
X-2487,LJM716 + trastuzumab,"ERBB3,ERBB2",combo,96.2,20,26.140000000000015,13,20.273135669362084,41,PD
X-2487,LKA136,"NTRK1,NTRK2,NTRK3",single,383.9,18,71.225,11,7.52851711026616,18,PD
X-2487,LLM871,FGFR2/4,single,249.8,21,78.07999999999998,13,8.542372881355933,27,PD
X-2487,binimetinib,"MAP2K1,MAP2K2,MAPK",single,148.3,21,36.30000000000001,13,16.077707006369426,34,PD
X-2487,trastuzumab,ERBB2,single,282.7,21,56.860000000000014,13,9.72919605077574,27,PD
X-2487,untreated,"UNKNOWN,Untreated",single,407.1,18,96.85,11,6.046511627906977,18,PD
X-2487,LFW527 + everolimus,"IGF1R,MTOR",combo,4.200000000000003,14,2.8200000000000074,14,45.0,45,SD-->PD
X-2514,LFW527 + binimetinib,"IGF1R,MAP2K1,MAP2K2",combo,225.8,24,30.120000000000005,17,16.291553133514988,27,PD
X-2524,BGJ398,FGFR,single,515.5,14,170.8,14,7.10316742081448,14,PD
X-2524,BKM120,"PIK3CA,PIK3CB,PIK3CG,PIK3CD,panPI3K",single,232.2,21,64.66,14,10.722135007849294,27,PD
X-2524,BYL719,PIK3CA,single,120.9,21,30.420000000000016,14,18.703296703296704,36,PD
X-2524,BYL719 + LEE011,"PIK3CA,CDK4/6",combo,161.60000000000002,26,12.724999999999994,11,21.589498806682577,32,PD
X-2524,BYL719 + LJM716,"PIK3CA,ERBB3,ERBB3,PIK3CA",combo,42.5,21,10.52000000000001,14,39.18631178707224,70,PD
X-2524,CGM097,MDM2,single,244.4,21,68.5,14,9.262385321100917,27,PD
X-2524,CLR457,"PIK3CA,PIK3CB,PIK3CG,PIK3CD,panPI3K",single,157.0,21,30.52000000000001,14,16.56271186440678,42,PD
X-2524,HDM201,MDM2,single,243.2,21,50.38,14,12.386138613861386,27,PD
X-2524,INC424,JAK,single,335.7,17,112.86,14,6.383084577114428,17,PD
X-2524,LEE011,"CDK4,CDK6,CDK4/6",single,180.8,26,36.64999999999998,11,13.115254237288138,46,PD
X-2524,LEE011 + everolimus,"CDK4,CDK6,MTOR,CDK4/6",combo,175.60000000000002,26,5.924999999999997,11,19.825771324863883,39,PD
X-2524,LFA102,PRLR ,single,128.9,21,32.474999999999994,14,15.948660714285715,42,PD
X-2524,LJM716,ERBB3,single,664.5,23,94.125,11,8.032432432432433,23,PD
X-2524,LJM716 + trastuzumab,"ERBB3,ERBB2",combo,462.9,22,60.18000000000001,13,9.52764423076923,28,PD
X-2524,LKA136,"NTRK1,NTRK2,NTRK3",single,874.9,17,231.96,14,4.816476892163429,17,PD
X-2524,LLM871,FGFR2/4,single,87.19999999999999,21,11.120000000000005,14,22.0,70,PD
X-2524,binimetinib,"MAP2K1,MAP2K2,MAPK",single,367.1,17,103.96,14,7.345864661654135,17,PD
X-2524,trastuzumab,ERBB2,single,662.4,22,109.75,13,6.243781094527362,22,PD
X-2524,untreated,"UNKNOWN,Untreated",single,645.2,10,250.975,10,3.3250659630606862,10,PD
X-2524,LFW527 + everolimus,"IGF1R,MTOR",combo,0.0,16,0.0,16,26.0,26,SD
X-2538,5FU,chemotherapy,single,133.5,22,15.266666666666666,11,17.849624060150376,32,PD
X-2538,BKM120,"PIK3CA,PIK3CB,PIK3CG,PIK3CD,panPI3K",single,13.599999999999994,9,9.52000000000001,13,76.15463917525773,79,SD-->PD
X-2538,BKM120 + LJC049,"panPI3K,TNKS",combo,-13.799999999999995,10,-9.349999999999994,13,28.0,28,SD
X-2538,BYL719,PIK3CA,single,-33.2,15,-18.27500000000001,15,89.5,94,SD-->PD
X-2538,BYL719 + cetuximab,"PIK3CA,EGFR",combo,131.2,25,15.299999999999995,11,13.37245696400626,35,PD
X-2538,BYL719 + cetuximab + encorafenib,"PIK3CA,EGFR,BRAF",combo,111.2,22,8.224999999999994,11,14.57177615571776,39,PD
X-2538,BYL719 + encorafenib,"PIK3CA,BRAF",combo,54.599999999999994,20,22.84999999999999,14,27.168986083499007,37,PD
X-2538,BYL719 + LJM716,"PIK3CA,ERBB3,ERBB3,PIK3CA",combo,33.19999999999999,20,15.825000000000005,15,43.39285714285715,48,SD-->PD
X-2538,BYL719 + binimetinib,"PIK3CA,MAPK",combo,-10.099999999999994,12,-6.11999999999999,18,65.78823529411764,66,SD-->PD
X-2538,cetuximab + encorafenib,"EGFR,BRAF",combo,91.3,21,19.65000000000001,11,21.41167192429022,28,PD
X-2538,CGM097,MDM2,single,42.099999999999994,23,12.950000000000005,11,33.91570881226054,44,PD
X-2538,CKX620,MAPK,single,-17.0,9,-1.9799999999999895,13,90.0,90,SD-->PD
X-2538,CLR457,"PIK3CA,PIK3CB,PIK3CG,PIK3CD,panPI3K",single,-46.9,48,-27.260000000000005,80,94.0,94,SD
X-2538,HDM201,MDM2,single,69.9,22,25.52000000000001,13,32.94623655913979,33,PD
X-2538,LEE011,"CDK4,CDK6,CDK4/6",single,50.400000000000006,20,17.940000000000012,13,44.258620689655174,48,PD
X-2538,encorafenib,BRAF,single,172.7,23,28.17500000000001,11,16.115384615384617,28,PD
X-2538,LJC049,TNKS,single,108.6,21,12.320000000000007,15,20.299864314789687,34,PD
X-2538,LKA136,"NTRK1,NTRK2,NTRK3",single,154.8,21,50.22,15,14.684210526315796,34,PD
X-2538,binimetinib,"MAP2K1,MAP2K2,MAPK",single,56.900000000000006,22,13.400000000000006,11,42.0,42,PD
X-2538,untreated,"UNKNOWN,Untreated",single,171.0,21,34.80000000000001,11,12.292220113851991,33,PD
X-2564,abraxane,Tubulin,single,301.0,21,68.94999999999999,11,6.9449378330373,25,PD
X-2564,abraxane + gemcitabine,"Tubulin,chemotherapy",combo,65.5,24,30.22499999999999,11,20.51282051282051,90,PD
X-2564,BKM120,"PIK3CA,PIK3CB,PIK3CG,PIK3CD,panPI3K",single,19.5,19,16.099999999999994,12,43.09486166007905,47,SD-->PD
X-2564,BKM120 + LDE225,"panPI3K,SMO",combo,4.400000000000006,17,6.420000000000002,17,57.00828402366864,91,SD-->PD
X-2564,BKM120 + binimetinib,"panPI3K,MAPK,MAP2K1,MAP2K2,PIK3CA,PIK3CB,PIK3CG,PIK3CD",combo,-19.200000000000003,56,1.484210526315792,63,102.0,102,SD-->-->PD
X-2564,BYL719,PIK3CA,single,72.9,20,28.379999999999995,12,27.574074074074076,37,PD
X-2564,BYL719 + LJM716,"PIK3CA,ERBB3,ERBB3,PIK3CA",combo,18.299999999999997,66,8.0,11,57.82507288629738,88,SD-->PD
X-2564,CLR457,"PIK3CA,PIK3CB,PIK3CG,PIK3CD,panPI3K",single,-4.900000000000006,18,-0.1142857142857138,22,70.61379310344827,131,SD-->PD
X-2564,HDM201,MDM2,single,10.5,10,6.900000000000006,13,23.31188118811881,24,SD-->PD
X-2564,"figitumumab""",IGF1R,single,160.0,22,22.299999999999997,12,15.147435897435898,29,PD
X-2564,"figitumumab"" + binimetinib","IGF1R,MAPK",combo,-5.200000000000003,11,6.549999999999997,11,58.494137353433835,74,SD-->PD
X-2564,gemcitabine-50mpk,chemotherapy,single,27.59999999999999,17,13.150000000000006,11,30.52097902097902,49,SD-->PD
X-2564,INC424,JAK,single,55.099999999999994,20,11.820000000000007,13,42.03180212014134,97,PD
X-2564,INC424 + binimetinib,"JAK,MAPK",combo,52.0,25,46.54000000000002,17,56.90427698574338,126,PD
X-2564,LEE011,"CDK4,CDK6,CDK4/6",single,-0.7999999999999972,11,8.099999999999994,11,101.61565836298932,112,SD-->-->PD
X-2564,WNT974,PORCN,single,53.0,12,19.620000000000005,12,12.0,12,PD
X-2564,LKA136,"NTRK1,NTRK2,NTRK3",single,14.400000000000006,10,17.940000000000012,14,14.0,14,SD
X-2564,binimetinib,"MAP2K1,MAP2K2,MAPK",single,-45.5,60,-10.87222222222222,63,63.0,63,SD-->PD
X-2564,binimetinib-3.5mpk,MAPK,single,33.80000000000001,32,54.78,32,44.02777777777778,86,PD
X-2564,untreated,"UNKNOWN,Untreated",single,168.3,21,15.940000000000012,13,17.097251585623678,37,PD
X-2573,5FU,chemotherapy,single,42.30000000000001,33,5.525000000000006,11,33.0,33,PD
X-2573,BKM120,"PIK3CA,PIK3CB,PIK3CG,PIK3CD,panPI3K",single,487.5,23,33.349999999999994,14,14.597014925373134,23,PD
X-2573,BKM120 + LJC049,"panPI3K,TNKS",combo,-62.8,16,-43.3,21,30.0,30,PR
X-2573,BYL719,PIK3CA,single,-35.7,30,-19.799999999999997,39,91.0,91,SD-->-->PD
X-2573,BYL719 + cetuximab,"PIK3CA,EGFR",combo,-38.5,9,-24.44285714285715,25,77.0,77,SD-->PD
X-2573,BYL719 + cetuximab + encorafenib,"PIK3CA,EGFR,BRAF",combo,-23.59999999999999,25,-11.55714285714285,25,55.95488721804512,73,SD-->PD
X-2573,BYL719 + encorafenib,"PIK3CA,BRAF",combo,32.69999999999999,39,42.83333333333334,16,58.0,58,PD
X-2573,BYL719 + LJM716,"PIK3CA,ERBB3,ERBB3,PIK3CA",combo,-68.6,30,-56.971428571428575,30,58.0,58,PR
X-2573,BYL719 + binimetinib,"PIK3CA,MAPK",combo,-28.90000000000001,21,-11.242857142857147,25,91.0,91,SD-->PD
X-2573,cetuximab + encorafenib,"EGFR,BRAF",combo,33.69999999999999,23,7.150000000000006,14,36.285714285714285,53,SD-->PD
X-2573,CGM097,MDM2,single,235.5,23,37.099999999999994,14,16.620689655172413,28,PD
X-2573,CKX620,MAPK,single,41.099999999999994,23,25.52500000000001,14,28.0,28,PD
X-2573,CLR457,"PIK3CA,PIK3CB,PIK3CG,PIK3CD,panPI3K",single,-28.700000000000003,16,-18.94,16,30.0,30,SD-->PD
X-2573,HDM201,MDM2,single,165.39999999999998,21,26.30000000000001,11,16.294964028776977,24,PD
X-2573,LEE011,"CDK4,CDK6,CDK4/6",single,145.7,24,28.05000000000001,11,12.428571428571429,24,PD
X-2573,encorafenib,BRAF,single,89.5,23,40.875,14,23.0,23,PD
X-2573,LJC049,TNKS,single,207.0,23,85.275,14,5.757961783439491,23,PD
X-2573,LKA136,"NTRK1,NTRK2,NTRK3",single,365.3,23,81.67500000000001,14,6.974424552429669,23,PD
X-2573,binimetinib,"MAP2K1,MAP2K2,MAPK",single,-31.09999999999999,14,-11.450000000000005,28,74.63870967741936,92,SD-->PD
X-2573,untreated,"UNKNOWN,Untreated",single,348.9,23,106.75,14,7.619926199261993,23,PD
X-2573,LFW527 + binimetinib,"IGF1R,MAP2K1,MAP2K2",combo,-5.700000000000003,24,0.1200000000000045,15,60.77923497267759,147,SD-->PD
X-2602,BKM120,"PIK3CA,PIK3CB,PIK3CG,PIK3CD,panPI3K",single,46.400000000000006,27,19.0,12,37.0,37,PD
X-2602,BKM120 + encorafenib,"panPI3K,BRAF,BRAF,PIK3CA,PIK3CB,PIK3CG,PIK3CD",combo,-27.40000000000001,9,-17.924999999999997,28,180.0,180,SD-->PD
X-2602,CGM097,MDM2,single,113.1,23,48.859999999999985,13,16.313043478260866,35,PD
X-2602,LDE225,SMO,single,88.80000000000001,22,30.45999999999998,14,23.071770334928228,33,PD
X-2602,LDK378,ALK,single,152.3,22,39.620000000000005,14,15.749633967789164,33,PD
X-2602,LEE011,"CDK4,CDK6,CDK4/6",single,-10.200000000000005,9,0.0928571428571416,45,180.0,180,SD-->-->PD
X-2602,LEE011 + encorafenib,"CDK4/6,BRAF,BRAF,CDK4,CDK6",combo,-23.5,28,-9.945454545454538,39,165.0,165,SD-->PD
X-2602,WNT974,PORCN,single,82.6,20,24.625,12,27.0,27,PD
X-2602,LGW813,IAP,single,64.0,24,20.97999999999999,12,30.69325153374233,37,PD
X-2602,encorafenib,BRAF,single,-13.5,46,9.62666666666668,50,61.42483660130719,98,SD-->PD
X-2602,encorafenib + binimetinib,"BRAF,MAP2K1,MAP2K2,MAPK",combo,-45.7,24,-33.28333333333333,44,180.0,180,SD-->-->PD
X-2602,binimetinib,"MAP2K1,MAP2K2,MAPK",single,46.099999999999994,27,5.0,12,38.0,38,PD
X-2602,TAS266,DR5,single,17.599999999999994,22,26.72,12,51.0,51,SD-->PD
X-2602,untreated,"UNKNOWN,Untreated",single,239.3,21,32.775000000000006,11,12.966850828729282,37,PD
X-2613,BKM120,"PIK3CA,PIK3CB,PIK3CG,PIK3CD,panPI3K",single,262.8,20,54.75,13,10.195652173913045,20,PD
X-2613,BKM120 + encorafenib,"panPI3K,BRAF,BRAF,PIK3CA,PIK3CB,PIK3CG,PIK3CD",combo,-73.9,28,-60.18333333333333,48,304.3370786516854,333,PR-->-->PD
X-2613,CGM097,MDM2,single,-79.8,50,-39.065,84,109.90835579514824,111,PR-->-->PD
X-2613,CLR457,"PIK3CA,PIK3CB,PIK3CG,PIK3CD,panPI3K",single,112.9,22,117.53333333333332,22,5.0,22,PD
X-2613,LDE225,SMO,single,918.4,22,90.29999999999998,11,7.439257929383603,22,PD
X-2613,LDK378,ALK,single,271.8,22,69.96666666666667,11,8.253240279162512,22,PD
X-2613,LEE011,"CDK4,CDK6,CDK4/6",single,-12.599999999999994,13,-12.275000000000006,13,26.170523751522538,30,SD-->PD
X-2613,LEE011 + encorafenib,"CDK4/6,BRAF,BRAF,CDK4,CDK6",combo,-100.0,89,-90.51363636363637,404,404.0,404,CR
X-2613,LEE011 + binimetinib,"CDK4,CDK6,MAP2K1,MAP2K2,CDK4/6,MAPK",combo,-86.6,23,-71.24615384615385,53,252.9627808988764,271,PR-->-->PD
X-2613,WNT974,PORCN,single,987.6,22,165.40000000000003,11,6.0,22,PD
X-2613,LGW813,IAP,single,683.6,20,158.35000000000002,13,4.729716276754605,20,PD
X-2613,encorafenib,BRAF,single,-36.6,30,-39.349999999999994,13,92.6,93,SD-->PD
X-2613,encorafenib + binimetinib,"BRAF,MAP2K1,MAP2K2,MAPK",combo,-100.0,27,-95.0054054054054,190,391.03314571607257,394,CR-->-->PD
X-2613,binimetinib,"MAP2K1,MAP2K2,MAPK",single,-11.799999999999995,16,11.159999999999997,16,34.622166246851386,56,SD
X-2613,TAS266,DR5,single,-100.0,13,-82.54,39,64.82337317397078,69,CR-->PD
X-2613,untreated,"UNKNOWN,Untreated",single,549.6,16,179.05,13,3.443201376936317,16,PD
X-2633,abraxane,Tubulin,single,188.4,22,61.625,11,8.728096676737161,28,PD
X-2633,abraxane + gemcitabine,"Tubulin,chemotherapy",combo,-97.5,66,-78.98064516129033,104,104.0,104,CR
X-2633,BKM120,"PIK3CA,PIK3CB,PIK3CG,PIK3CD,panPI3K",single,-32.2,13,-12.97999999999999,13,63.0,63,SD-->PD
X-2633,BKM120 + LDE225,"panPI3K,SMO",combo,-57.6,98,-5.013333333333335,115,132.0,132,SD-->PD
X-2633,BKM120 + binimetinib,"panPI3K,MAPK,MAP2K1,MAP2K2,PIK3CA,PIK3CB,PIK3CG,PIK3CD",combo,-69.8,127,-47.94864864864864,127,127.0,127,PR
X-2633,BYL719,PIK3CA,single,-43.5,15,-35.126666666666665,51,120.0,120,SD-->PD
X-2633,BYL719 + LJM716,"PIK3CA,ERBB3,ERBB3,PIK3CA",combo,-13.099999999999994,17,-5.422222222222217,28,99.57894736842104,108,SD-->PD
X-2633,CLR457,"PIK3CA,PIK3CB,PIK3CG,PIK3CD,panPI3K",single,88.6,22,15.75,11,25.94954128440367,56,PD
X-2633,HDM201,MDM2,single,69.6,20,12.820000000000007,13,42.0,42,PD
X-2633,"figitumumab""",IGF1R,single,58.80000000000001,22,9.966666666666654,12,26.93939393939394,36,PD
X-2633,"figitumumab"" + binimetinib","IGF1R,MAPK",combo,-9.900000000000006,10,4.559999999999988,14,61.09870317002882,75,SD-->PD
X-2633,gemcitabine-50mpk,chemotherapy,single,-77.2,77,-37.76428571428572,95,101.0,101,PR-->-->PD
X-2633,INC424 + binimetinib,"JAK,MAPK",combo,31.80000000000001,21,13.674999999999995,11,42.25874125874126,127,SD-->PD
X-2633,LEE011,"CDK4,CDK6,CDK4/6",single,73.5,47,40.32499999999999,12,13.621276595744678,99,PD
X-2633,WNT974,PORCN,single,-11.799999999999995,64,14.357692307692318,86,96.0,96,SD-->PD
X-2633,LKA136,"NTRK1,NTRK2,NTRK3",single,158.39999999999998,22,34.45999999999998,13,11.34741288278775,33,PD
X-2633,binimetinib,"MAP2K1,MAP2K2,MAPK",single,-10.299999999999995,21,3.9749999999999943,11,21.0,21,SD
X-2633,binimetinib-3.5mpk,MAPK,single,-37.0,13,-19.38888888888889,28,65.57042253521126,73,SD-->PD
X-2633,untreated,"UNKNOWN,Untreated",single,133.6,20,37.25,11,11.826086956521738,59,PD
X-2640,BGJ398,FGFR,single,-27.59999999999999,73,-11.227586206896548,97,97.0,97,SD
X-2640,BKM120,"PIK3CA,PIK3CB,PIK3CG,PIK3CD,panPI3K",single,-49.4,56,-30.54074074074073,91,91.0,91,SD
X-2640,BYL719,PIK3CA,single,-4.0,10,-3.0200000000000102,17,63.63235294117647,87,SD-->PD
X-2640,BYL719 + LEE011,"PIK3CA,CDK4/6",combo,-43.6,35,-29.71666666666667,38,38.0,38,SD
X-2640,BYL719 + LJM716,"PIK3CA,ERBB3,ERBB3,PIK3CA",combo,-27.200000000000003,14,-17.825000000000003,24,31.0,31,SD
X-2640,CGM097,MDM2,single,-3.299999999999997,10,0.8799999999999955,14,34.52,70,SD-->PD
X-2640,CLR457,"PIK3CA,PIK3CB,PIK3CG,PIK3CD,panPI3K",single,-1.9000000000000057,10,-0.7600000000000051,13,76.80712788259957,87,SD-->PD
X-2640,HDM201,MDM2,single,181.1,20,65.86000000000001,17,11.424852071005915,25,PD
X-2640,INC424,JAK,single,36.69999999999999,23,8.780000000000001,13,52.48620689655172,90,PD
X-2640,LEE011,"CDK4,CDK6,CDK4/6",single,54.599999999999994,21,8.650000000000006,11,30.353535353535353,56,PD
X-2640,LEE011 + everolimus,"CDK4,CDK6,MTOR,CDK4/6",combo,54.400000000000006,21,18.825000000000003,11,49.10921501706485,56,PD
X-2640,LFA102,PRLR ,single,59.0,20,37.66,13,28.895424836601308,76,PD
X-2640,LJM716,ERBB3,single,-11.799999999999995,11,-14.075000000000005,11,105.0,105,SD-->PD
X-2640,LJM716 + trastuzumab,"ERBB3,ERBB2",combo,40.30000000000001,20,19.24000000000001,13,62.95483870967742,97,PD
X-2640,LKA136,"NTRK1,NTRK2,NTRK3",single,3.299999999999997,9,0.9399999999999976,13,48.39344262295082,90,SD-->PD
X-2640,LLM871,FGFR2/4,single,-100.0,80,-59.8974358974359,139,139.0,139,CR
X-2640,binimetinib,"MAP2K1,MAP2K2,MAPK",single,-0.5,14,-3.9200000000000017,14,80.0,80,SD-->PD
X-2640,trastuzumab,ERBB2,single,96.0,20,33.420000000000016,13,20.675105485232063,56,PD
X-2640,untreated,"UNKNOWN,Untreated",single,21.09999999999999,10,24.659999999999997,20,36.096256684491976,125,SD-->PD
X-2640,LFW527 + everolimus,"IGF1R,MTOR",combo,-53.6,9,-29.64444444444445,27,111.0,111,PR-->PD
X-2659,5FU,chemotherapy,single,314.7,20,60.025000000000006,12,8.955,20,PD
X-2659,BKM120,"PIK3CA,PIK3CB,PIK3CG,PIK3CD,panPI3K",single,45.099999999999994,21,14.849999999999994,11,31.0,31,PD
X-2659,BKM120 + LJC049,"panPI3K,TNKS",combo,47.80000000000001,22,17.940000000000012,13,33.0,33,PD
X-2659,BYL719,PIK3CA,single,117.2,20,32.120000000000005,14,18.486803519061585,23,PD
X-2659,BYL719 + cetuximab,"PIK3CA,EGFR",combo,43.900000000000006,22,16.299999999999997,13,33.0,33,PD
X-2659,BYL719 + cetuximab + encorafenib,"PIK3CA,EGFR,BRAF",combo,61.80000000000001,20,34.275000000000006,11,23.0,23,PD
X-2659,BYL719 + encorafenib,"PIK3CA,BRAF",combo,97.5,23,28.95999999999998,13,23.0,23,PD
X-2659,BYL719 + LJM716,"PIK3CA,ERBB3,ERBB3,PIK3CA",combo,61.599999999999994,20,15.559999999999988,14,20.0,20,PD
X-2659,BYL719 + binimetinib,"PIK3CA,MAPK",combo,-6.400000000000006,17,5.163636363636357,34,75.52,90,SD-->PD
X-2659,cetuximab + encorafenib,"EGFR,BRAF",combo,224.7,20,46.650000000000006,11,10.104851330203442,23,PD
X-2659,CGM097,MDM2,single,267.0,20,59.66,14,10.723618090452264,23,PD
X-2659,CKX620,MAPK,single,89.80000000000001,21,19.0,11,23.185714285714283,24,PD
X-2659,CLR457,"PIK3CA,PIK3CB,PIK3CG,PIK3CD,panPI3K",single,97.5,20,24.959999999999994,14,20.646551724137932,23,PD
X-2659,HDM201,MDM2,single,279.2,21,58.17500000000001,11,9.694444444444445,21,PD
X-2659,LEE011,"CDK4,CDK6,CDK4/6",single,133.6,22,36.625,12,16.6,22,PD
X-2659,encorafenib,BRAF,single,150.6,20,50.81999999999999,14,10.546448087431694,23,PD
X-2659,LJC049,TNKS,single,250.8,20,56.079999999999984,14,9.88774193548387,23,PD
X-2659,LKA136,"NTRK1,NTRK2,NTRK3",single,3.5999999999999943,90,20.460000000000008,50,90.0,90,SD
X-2659,binimetinib,"MAP2K1,MAP2K2,MAPK",single,135.2,22,43.025000000000006,12,15.82857142857143,22,PD
X-2659,untreated,"UNKNOWN,Untreated",single,259.8,23,48.30000000000001,13,11.448275862068966,23,PD
X-2659,LFW527 + binimetinib,"IGF1R,MAP2K1,MAP2K2",combo,-100.0,121,-59.15121951219513,149,149.0,149,CR
X-2684,abraxane,Tubulin,single,168.39999999999998,21,30.359999999999985,14,16.879032258064516,24,PD
X-2684,abraxane + gemcitabine,"Tubulin,chemotherapy",combo,-100.0,72,-59.30357142857143,93,93.0,93,CR
X-2684,BKM120,"PIK3CA,PIK3CB,PIK3CG,PIK3CD,panPI3K",single,-13.900000000000006,21,8.257142857142853,21,85.3157894736842,91,SD-->PD
X-2684,BKM120 + LDE225,"panPI3K,SMO",combo,39.0,43,14.78,14,49.0,49,PD
X-2684,BKM120 + binimetinib,"panPI3K,MAPK,MAP2K1,MAP2K2,PIK3CA,PIK3CB,PIK3CG,PIK3CD",combo,-44.0,11,-10.099999999999994,11,11.0,11,SD
X-2684,BYL719,PIK3CA,single,62.5,20,5.780000000000001,17,22.58620689655172,41,PD
X-2684,BYL719 + LJM716,"PIK3CA,ERBB3,ERBB3,PIK3CA",combo,39.099999999999994,25,15.525000000000006,11,51.98039215686275,95,PD
X-2684,CLR457,"PIK3CA,PIK3CB,PIK3CG,PIK3CD,panPI3K",single,152.3,20,30.84999999999999,13,15.67391304347826,31,PD
X-2684,HDM201,MDM2,single,390.8,21,107.21999999999996,14,6.151398264223722,28,PD
X-2684,"figitumumab""",IGF1R,single,-75.2,53,-28.732,87,104.0,104,PR-->PD
X-2684,"figitumumab"" + binimetinib","IGF1R,MAPK",combo,-75.0,45,-16.28,101,7.913793103448276,101,SD
X-2684,INC424,JAK,single,48.19999999999999,20,22.28,17,28.79259259259259,41,PD
X-2684,INC424 + binimetinib,"JAK,MAPK",combo,131.1,21,65.38,14,10.956521739130435,31,PD
X-2684,LEE011,"CDK4,CDK6,CDK4/6",single,47.099999999999994,22,-7.280000000000001,12,25.731922398589063,42,PD
X-2684,WNT974,PORCN,single,249.1,15,125.56,14,7.613964686998394,15,PD
X-2684,LKA136,"NTRK1,NTRK2,NTRK3",single,330.5,20,85.4,13,6.189349112426038,24,PD
X-2684,binimetinib,"MAP2K1,MAP2K2,MAPK",single,-17.0,29,-5.299999999999997,11,29.0,29,SD-->PD
X-2684,binimetinib-3.5mpk,MAPK,single,137.6,21,83.69999999999999,14,10.29647630619684,28,PD
X-2684,untreated,"UNKNOWN,Untreated",single,222.7,23,69.74000000000001,13,7.709534368070953,34,PD
X-2700,BKM120,"PIK3CA,PIK3CB,PIK3CG,PIK3CD,panPI3K",single,106.1,23,18.200000000000003,12,22.23510971786834,27,PD
X-2700,BKM120 + encorafenib,"panPI3K,BRAF,BRAF,PIK3CA,PIK3CB,PIK3CG,PIK3CD",combo,74.19999999999999,23,20.375,12,25.554455445544555,33,PD
X-2700,CGM097,MDM2,single,117.8,20,49.44,14,15.872670807453416,27,PD
X-2700,CLR457,"PIK3CA,PIK3CB,PIK3CG,PIK3CD,panPI3K",single,241.5,26,66.875,12,9.306843267108167,26,PD
X-2700,LDE225,SMO,single,110.9,23,27.02500000000001,11,20.55056179775281,28,PD
X-2700,LDK378,ALK,single,99.1,23,43.650000000000006,11,13.501510574018129,28,PD
X-2700,LEE011,"CDK4,CDK6,CDK4/6",single,60.30000000000001,21,28.65000000000001,11,27.0,27,PD
X-2700,LEE011 + encorafenib,"CDK4/6,BRAF,BRAF,CDK4,CDK6",combo,-36.4,118,-5.6200000000000045,14,245.373576309795,254,SD-->-->PD
X-2700,LEE011 + binimetinib,"CDK4,CDK6,MAP2K1,MAP2K2,CDK4/6,MAPK",combo,-69.7,187,-38.87428571428571,235,235.0,235,PR
X-2700,WNT974,PORCN,single,15.200000000000005,25,10.379999999999995,11,32.106017191977074,43,SD-->PD
X-2700,LGW813,IAP,single,203.7,23,47.275000000000006,11,12.822102425876013,27,PD
X-2700,encorafenib,BRAF,single,215.6,23,63.38,13,10.389728096676738,27,PD
X-2700,encorafenib + binimetinib,"BRAF,MAP2K1,MAP2K2,MAPK",combo,73.4,22,21.09999999999999,14,24.819787985865727,28,PD
X-2700,binimetinib,"MAP2K1,MAP2K2,MAPK",single,-30.0,42,-9.418750000000005,52,85.0,85,SD-->-->PD
X-2700,TAS266,DR5,single,310.1,20,78.74000000000001,13,7.895131086142323,27,PD
X-2700,untreated,"UNKNOWN,Untreated",single,342.6,21,71.16000000000003,14,9.406779661016948,27,PD
X-2723,BKM120,"PIK3CA,PIK3CB,PIK3CG,PIK3CD,panPI3K",single,180.7,23,36.80000000000001,11,12.33106960950764,23,PD
X-2723,BKM120 + encorafenib,"panPI3K,BRAF,BRAF,PIK3CA,PIK3CB,PIK3CG,PIK3CD",combo,-84.9,14,-60.65714285714286,23,137.21160409556313,140,PR-->PD
X-2723,CGM097,MDM2,single,119.4,23,29.625,11,20.04096834264432,23,PD
X-2723,CLR457,"PIK3CA,PIK3CB,PIK3CG,PIK3CD,panPI3K",single,40.30000000000001,23,2.6500000000000057,12,32.94942324755989,38,PD
X-2723,LDE225,SMO,single,235.4,22,77.525,11,6.612658227848102,25,PD
X-2723,LDK378,ALK,single,112.5,22,12.125,11,21.09090909090909,25,PD
X-2723,LEE011,"CDK4,CDK6,CDK4/6",single,257.6,22,71.475,11,7.807933194154487,23,PD
X-2723,LEE011 + encorafenib,"CDK4/6,BRAF,BRAF,CDK4,CDK6",combo,-100.0,84,-79.39285714285714,245,245.0,245,CR
X-2723,LEE011 + binimetinib,"CDK4,CDK6,MAP2K1,MAP2K2,CDK4/6,MAPK",combo,-100.0,87,-81.86153846153846,235,235.0,235,CR
X-2723,WNT974,PORCN,single,200.7,21,40.94,14,13.50188679245283,21,PD
X-2723,LGW813,IAP,single,-77.1,14,-54.871428571428574,22,46.0,46,PR-->PD
X-2723,encorafenib,BRAF,single,172.60000000000002,22,65.19999999999999,11,8.792452830188681,23,PD
X-2723,encorafenib + binimetinib,"BRAF,MAP2K1,MAP2K2,MAPK",combo,-69.0,11,-55.525000000000006,11,171.11917098445596,229,PR-->PD
X-2723,binimetinib,"MAP2K1,MAP2K2,MAPK",single,-8.5,29,7.400000000000006,29,35.292307692307695,44,SD-->PD
X-2723,TAS266,DR5,single,196.3,23,56.525000000000006,11,10.734615384615385,23,PD
X-2723,untreated,"UNKNOWN,Untreated",single,357.5,22,22.200000000000003,11,14.566433566433568,23,PD
X-2753,BKM120,"PIK3CA,PIK3CB,PIK3CG,PIK3CD,panPI3K",single,203.5,22,3.674999999999997,11,18.93076923076923,25,PD
X-2753,BKM120 + encorafenib,"panPI3K,BRAF,BRAF,PIK3CA,PIK3CB,PIK3CG,PIK3CD",combo,421.6,22,95.375,13,6.94636678200692,22,PD
X-2753,CGM097,MDM2,single,-33.0,14,2.7166666666666544,15,15.0,15,SD
X-2753,CLR457,"PIK3CA,PIK3CB,PIK3CG,PIK3CD,panPI3K",single,20.299999999999997,13,15.28,13,24.0,24,SD-->PD
X-2753,LDE225,SMO,single,217.0,22,63.0,11,8.669957686882933,22,PD
X-2753,LDK378,ALK,single,343.1,22,41.025000000000006,11,10.725352112676056,25,PD
X-2753,LEE011,"CDK4,CDK6,CDK4/6",single,255.0,22,73.30000000000001,11,7.6892655367231635,22,PD
X-2753,LEE011 + encorafenib,"CDK4/6,BRAF,BRAF,CDK4,CDK6",combo,-11.099999999999994,13,-4.700000000000003,16,26.0,26,SD
X-2753,LEE011 + binimetinib,"CDK4,CDK6,MAP2K1,MAP2K2,CDK4/6,MAPK",combo,97.3,20,7.8799999999999955,13,20.218623481781375,24,PD
X-2753,WNT974,PORCN,single,691.2,19,73.25,11,7.8783269961977185,19,PD
X-2753,LGW813,IAP,single,-56.0,56,-23.252631578947373,63,109.0,109,PR-->-->PD
X-2753,encorafenib,BRAF,single,347.9,22,50.724999999999994,11,9.515662650602408,25,PD
X-2753,encorafenib + binimetinib,"BRAF,MAP2K1,MAP2K2,MAPK",combo,253.8,22,71.5,13,9.592592592592592,22,PD
X-2753,binimetinib,"MAP2K1,MAP2K2,MAPK",single,454.7000000000001,22,57.724999999999994,11,8.93894993894994,25,PD
X-2753,TAS266,DR5,single,210.9,22,28.90000000000001,11,15.35632183908046,25,PD
X-2753,untreated,"UNKNOWN,Untreated",single,349.2,24,93.35,12,6.473870682019486,24,PD
X-2761,LFW527 + binimetinib,"IGF1R,MAP2K1,MAP2K2",combo,-3.700000000000003,10,-4.280000000000001,13,36.577777777777776,83,SD-->PD
X-2780,BGJ398,FGFR,single,171.7,20,19.174999999999997,14,15.27659574468085,34,PD
X-2780,BKM120,"PIK3CA,PIK3CB,PIK3CG,PIK3CD,panPI3K",single,-27.5,50,-8.57142857142857,22,54.0,54,SD-->PD
X-2780,BYL719,PIK3CA,single,-24.09999999999999,15,-7.600000000000008,18,38.3328335832084,43,SD-->PD
X-2780,BYL719 + LEE011,"PIK3CA,CDK4/6",combo,-35.900000000000006,5,-5.133333333333326,5,5.0,5,SD
X-2780,BYL719 + LJM716,"PIK3CA,ERBB3,ERBB3,PIK3CA",combo,94.5,29,12.974999999999994,11,22.6694214876033,32,PD
X-2780,CGM097,MDM2,single,57.30000000000001,20,24.640000000000015,13,23.990654205607477,27,PD
X-2780,CLR457,"PIK3CA,PIK3CB,PIK3CG,PIK3CD,panPI3K",single,20.0,15,21.033333333333346,15,28.893909626719054,46,SD-->PD
X-2780,HDM201,MDM2,single,31.80000000000001,22,10.820000000000007,15,28.024516129032257,32,SD-->PD
X-2780,INC424,JAK,single,422.6,20,108.37999999999997,13,5.492146596858639,28,PD
X-2780,LEE011,"CDK4,CDK6,CDK4/6",single,121.0,24,60.95999999999998,13,9.972519083969466,27,PD
X-2780,LEE011 + everolimus,"CDK4,CDK6,MTOR,CDK4/6",combo,-59.3,22,-29.69,68,88.0,88,PR
X-2780,LFA102,PRLR ,single,429.2999999999999,20,83.24,13,8.47843137254902,28,PD
X-2780,LJM716,ERBB3,single,304.3,20,36.16,13,11.912824207492797,20,PD
X-2780,LJM716 + trastuzumab,"ERBB3,ERBB2",combo,162.8,20,29.859999999999985,13,14.680851063829786,34,PD
X-2780,LKA136,"NTRK1,NTRK2,NTRK3",single,199.0,38,75.97999999999999,13,7.153374233128833,41,PD
X-2780,LLM871,FGFR2/4,single,-100.0,45,-52.07222222222222,63,63.0,63,CR
X-2780,binimetinib,"MAP2K1,MAP2K2,MAPK",single,10.0,21,14.740000000000007,13,31.028112449799195,42,SD-->PD
X-2780,trastuzumab,ERBB2,single,-16.5,10,3.4000000000000057,24,67.08376963350786,69,SD-->PD
X-2780,untreated,"UNKNOWN,Untreated",single,511.1,21,85.68,13,7.872928176795581,21,PD
X-2780,LFW527 + everolimus,"IGF1R,MTOR",combo,-22.90000000000001,42,-3.299999999999997,17,64.87064676616916,108,SD-->PD
X-2822,5FU,chemotherapy,single,3.0999999999999943,11,0.6500000000000057,11,40.57142857142857,91,SD-->PD
X-2822,BKM120,"PIK3CA,PIK3CB,PIK3CG,PIK3CD,panPI3K",single,9.400000000000006,9,5.179999999999993,13,21.0,21,SD-->PD
X-2822,BKM120 + LJC049,"panPI3K,TNKS",combo,53.900000000000006,21,3.640000000000015,13,28.562005277044857,52,PD
X-2822,BYL719,PIK3CA,single,50.19999999999999,21,8.424999999999997,12,30.17741935483871,36,PD
X-2822,BYL719 + cetuximab,"PIK3CA,EGFR",combo,3.200000000000003,10,2.559999999999988,13,87.0,87,SD-->PD
X-2822,BYL719 + cetuximab + encorafenib,"PIK3CA,EGFR,BRAF",combo,65.19999999999999,21,6.75,11,23.3046357615894,42,PD
X-2822,BYL719 + encorafenib,"PIK3CA,BRAF",combo,49.5,24,14.320000000000007,13,28.69939879759519,52,PD
X-2822,BYL719 + LJM716,"PIK3CA,ERBB3,ERBB3,PIK3CA",combo,-1.7000000000000028,12,-0.8799999999999955,15,64.21323529411765,84,SD-->PD
X-2822,BYL719 + binimetinib,"PIK3CA,MAPK",combo,-9.099999999999994,27,-1.0888888888888886,27,87.0,87,SD-->PD
X-2822,cetuximab + encorafenib,"EGFR,BRAF",combo,59.5,21,9.150000000000006,11,28.056939501779357,63,PD
X-2822,CGM097,MDM2,single,108.1,22,16.825000000000003,11,21.216129032258067,49,PD
X-2822,CKX620,MAPK,single,9.400000000000006,9,5.340000000000003,13,38.43416927899687,62,SD-->PD
X-2822,CLR457,"PIK3CA,PIK3CB,PIK3CG,PIK3CD,panPI3K",single,0.4000000000000057,15,0.4600000000000079,15,69.28138528138528,84,SD-->PD
X-2822,HDM201,MDM2,single,70.30000000000001,21,5.079999999999998,13,24.0,24,PD
X-2822,LEE011,"CDK4,CDK6,CDK4/6",single,5.799999999999997,12,2.375,12,71.675,84,SD-->PD
X-2822,encorafenib,BRAF,single,157.10000000000002,22,30.40000000000001,11,16.42014742014742,40,PD
X-2822,LJC049,TNKS,single,0.0,12,-0.5250000000000057,12,66.29729729729729,84,SD-->PD
X-2822,LKA136,"NTRK1,NTRK2,NTRK3",single,2.0,12,0.9000000000000057,12,57.84158415841584,84,SD-->PD
X-2822,binimetinib,"MAP2K1,MAP2K2,MAPK",single,8.700000000000003,11,4.25,11,69.63602941176471,91,SD-->PD
X-2822,untreated,"UNKNOWN,Untreated",single,155.8,23,36.5,11,14.643356643356643,47,PD
X-2838,BKM120,"PIK3CA,PIK3CB,PIK3CG,PIK3CD,panPI3K",single,-5.900000000000006,10,14.22,14,20.676767676767675,37,SD-->PD
X-2838,BKM120 + encorafenib,"panPI3K,BRAF,BRAF,PIK3CA,PIK3CB,PIK3CG,PIK3CD",combo,-37.6,14,-16.614285714285714,21,82.16328963051251,83,SD-->PD
X-2838,CGM097,MDM2,single,7.599999999999994,10,1.3799999999999957,14,28.0,28,SD-->PD
X-2838,CLR457,"PIK3CA,PIK3CB,PIK3CG,PIK3CD,panPI3K",single,-6.799999999999997,11,-7.325000000000003,11,130.97872340425533,165,SD-->PD
X-2838,LDE225,SMO,single,40.80000000000001,24,12.459999999999994,14,30.0,30,PD
X-2838,LDK378,ALK,single,-26.299999999999997,21,-13.699999999999989,29,59.229551451187334,60,SD-->PD
X-2838,LEE011,"CDK4,CDK6,CDK4/6",single,50.69999999999999,24,20.459999999999994,14,31.0,31,PD
X-2838,LEE011 + encorafenib,"CDK4/6,BRAF,BRAF,CDK4,CDK6",combo,-63.7,145,-37.77,159,236.0,236,PR-->-->PD
X-2838,LEE011 + binimetinib,"CDK4,CDK6,MAP2K1,MAP2K2,CDK4/6,MAPK",combo,-51.1,19,-29.78181818181818,54,139.0,139,PR-->-->PD
X-2838,WNT974,PORCN,single,59.69999999999999,21,1.0750000000000028,11,23.99405646359584,27,PD
X-2838,LGW813,IAP,single,5.400000000000006,14,8.400000000000006,14,24.0,24,SD-->PD
X-2838,encorafenib,BRAF,single,-14.5,24,6.5,24,47.71742957746479,57,SD-->PD
X-2838,encorafenib + binimetinib,"BRAF,MAP2K1,MAP2K2,MAPK",combo,56.69999999999999,22,33.849999999999994,11,27.0,27,PD
X-2838,binimetinib,"MAP2K1,MAP2K2,MAPK",single,179.2,24,31.180000000000007,14,17.052443384982123,24,PD
X-2838,TAS266,DR5,single,18.700000000000003,10,10.959999999999994,14,25.78798586572438,28,SD
X-2838,untreated,"UNKNOWN,Untreated",single,305.3,21,38.650000000000006,11,14.101522842639596,25,PD
X-2846,5FU,chemotherapy,single,53.099999999999994,23,37.69999999999999,13,24.724264705882355,62,PD
X-2846,BKM120,"PIK3CA,PIK3CB,PIK3CG,PIK3CD,panPI3K",single,-10.5,14,-6.0,14,68.0,68,SD-->PD
X-2846,BKM120 + LJC049,"panPI3K,TNKS",combo,64.19999999999999,21,17.349999999999994,13,25.0,25,PD
X-2846,BYL719,PIK3CA,single,50.0,23,14.09999999999998,12,33.0,33,PD
X-2846,BYL719 + cetuximab,"PIK3CA,EGFR",combo,-100.0,48,-79.605,73,73.0,73,CR
X-2846,BYL719 + cetuximab + encorafenib,"PIK3CA,EGFR,BRAF",combo,-87.8,84,-70.02083333333333,97,97.0,97,PR
X-2846,BYL719 + encorafenib,"PIK3CA,BRAF",combo,-26.799999999999997,18,-5.366666666666674,23,50.0,50,SD-->PD
X-2846,BYL719 + LJM716,"PIK3CA,ERBB3,ERBB3,PIK3CA",combo,-61.2,33,-40.51666666666667,40,53.26030085022891,55,PR-->PD
X-2846,BYL719 + binimetinib,"PIK3CA,MAPK",combo,-70.1,51,-42.4,92,92.0,92,PR
X-2846,cetuximab + encorafenib,"EGFR,BRAF",combo,-74.6,84,-47.73181818181818,88,88.0,88,PR
X-2846,CGM097,MDM2,single,268.5,32,99.85,11,5.716049382716049,46,PD
X-2846,CKX620,MAPK,single,-100.0,71,-70.952,105,105.0,105,CR
X-2846,CLR457,"PIK3CA,PIK3CB,PIK3CG,PIK3CD,panPI3K",single,-63.1,105,-40.4,14,105.0,105,PR-->PD
X-2846,HDM201,MDM2,single,359.6,25,106.275,11,4.0,25,PD
X-2846,LEE011,"CDK4,CDK6,CDK4/6",single,4.200000000000003,11,1.1749999999999972,11,46.0,46,SD-->PD
X-2846,encorafenib,BRAF,single,55.0,46,-12.349999999999994,11,34.473684210526315,46,PD
X-2846,LJC049,TNKS,single,175.60000000000002,29,29.09999999999999,11,11.47594278283485,46,PD
X-2846,LKA136,"NTRK1,NTRK2,NTRK3",single,55.0,25,18.0,11,39.37837837837838,46,PD
X-2846,binimetinib,"MAP2K1,MAP2K2,MAPK",single,9.200000000000005,11,-5.474999999999994,11,46.0,46,SD-->PD
X-2846,untreated,"UNKNOWN,Untreated",single,310.4,25,127.875,11,4.0,25,PD
X-2861,5FU,chemotherapy,single,67.0,21,33.67500000000001,11,33.0,33,PD
X-2861,BKM120,"PIK3CA,PIK3CB,PIK3CG,PIK3CD,panPI3K",single,121.1,20,30.09999999999999,11,18.5902004454343,27,PD
X-2861,BKM120 + LJC049,"panPI3K,TNKS",combo,121.2,14,44.025000000000006,11,12.233333333333334,14,PD
X-2861,BYL719,PIK3CA,single,143.4,20,21.33333333333333,11,15.81701030927835,20,PD
X-2861,BYL719 + cetuximab,"PIK3CA,EGFR",combo,409.5,27,50.633333333333326,11,10.250363901018922,27,PD
X-2861,BYL719 + cetuximab + encorafenib,"PIK3CA,EGFR,BRAF",combo,267.9,20,30.53333333333333,11,11.8,27,PD
X-2861,BYL719 + encorafenib,"PIK3CA,BRAF",combo,291.8,21,71.25,11,8.951219512195122,33,PD
X-2861,BYL719 + LJM716,"PIK3CA,ERBB3,ERBB3,PIK3CA",combo,174.10000000000002,20,4.0,11,16.93362831858407,27,PD
X-2861,BYL719 + binimetinib,"PIK3CA,MAPK",combo,-36.1,27,-29.742857142857147,27,32.0,32,SD
X-2861,cetuximab + encorafenib,"EGFR,BRAF",combo,541.3,14,186.5333333333333,11,6.0,14,PD
X-2861,CGM097,MDM2,single,231.0,21,64.92500000000001,11,7.944256756756757,33,PD
X-2861,CKX620,MAPK,single,-17.799999999999997,11,-18.96666666666667,11,53.0,53,SD-->PD
X-2861,CLR457,"PIK3CA,PIK3CB,PIK3CG,PIK3CD,panPI3K",single,118.6,27,15.375,11,18.28301886792453,33,PD
X-2861,HDM201,MDM2,single,162.39999999999998,14,60.099999999999994,11,8.877973906369915,14,PD
X-2861,LEE011,"CDK4,CDK6,CDK4/6",single,110.0,20,23.075000000000003,14,16.893939393939394,30,PD
X-2861,encorafenib,BRAF,single,240.6,22,76.15,13,6.684444444444441,39,PD
X-2861,LJC049,TNKS,single,586.9,20,147.4333333333333,11,6.0,20,PD
X-2861,LKA136,"NTRK1,NTRK2,NTRK3",single,111.2,21,15.974999999999994,11,18.479099678456592,33,PD
X-2861,binimetinib,"MAP2K1,MAP2K2,MAPK",single,280.5,20,75.69999999999999,14,8.812176165803109,23,PD
X-2861,untreated,"UNKNOWN,Untreated",single,127.3,21,40.633333333333326,11,16.174242424242426,47,PD
X-2861,LFW527 + binimetinib,"IGF1R,MAP2K1,MAP2K2",combo,20.09999999999999,21,23.25999999999999,13,38.627906976744185,106,SD-->PD
X-2921,BKM120,"PIK3CA,PIK3CB,PIK3CG,PIK3CD,panPI3K",single,386.7,23,50.125,11,8.800668151447661,23,PD
X-2921,BKM120 + encorafenib,"panPI3K,BRAF,BRAF,PIK3CA,PIK3CB,PIK3CG,PIK3CD",combo,-100.0,22,-92.95625,272,272.0,272,CR
X-2921,CGM097,MDM2,single,655.8,14,269.65,14,5.0,14,PD
X-2921,CLR457,"PIK3CA,PIK3CB,PIK3CG,PIK3CD,panPI3K",single,113.5,20,44.06666666666666,12,10.891625615763546,22,PD
X-2921,LDE225,SMO,single,193.3,23,49.55000000000001,11,8.686453576864537,23,PD
X-2921,LDK378,ALK,single,712.2,21,167.675,14,4.014955134596212,21,PD
X-2921,LEE011,"CDK4,CDK6,CDK4/6",single,379.6,22,110.925,14,8.167919799498748,22,PD
X-2921,LEE011 + encorafenib,"CDK4/6,BRAF,BRAF,CDK4,CDK6",combo,-11.799999999999995,37,3.11818181818181,40,62.20040899795501,66,SD-->PD
X-2921,LEE011 + binimetinib,"CDK4,CDK6,MAP2K1,MAP2K2,CDK4/6,MAPK",combo,129.1,22,57.5,12,17.21186440677966,22,PD
X-2921,WNT974,PORCN,single,154.7,23,30.05000000000001,12,19.633846153846154,23,PD
X-2921,LGW813,IAP,single,304.8,23,66.29999999999998,11,7.413793103448277,23,PD
X-2921,encorafenib,BRAF,single,738.1,22,252.825,14,5.0,22,PD
X-2921,encorafenib + binimetinib,"BRAF,MAP2K1,MAP2K2,MAPK",combo,410.1,19,110.625,15,7.144444444444444,19,PD
X-2921,binimetinib,"MAP2K1,MAP2K2,MAPK",single,565.9,19,129.375,11,3.259986902423051,19,PD
X-2921,TAS266,DR5,single,492.9,22,166.22500000000002,14,5.0,22,PD
X-2921,untreated,"UNKNOWN,Untreated",single,950.1,9,469.2999999999999,9,5.0,9,PD
X-2992,BKM120,"PIK3CA,PIK3CB,PIK3CG,PIK3CD,panPI3K",single,233.2,20,49.125,11,10.485881207400194,22,PD
X-2992,BKM120 + encorafenib,"panPI3K,BRAF,BRAF,PIK3CA,PIK3CB,PIK3CG,PIK3CD",combo,-83.2,71,-46.95,94,132.68409703504042,141,PR-->-->PD
X-2992,CGM097,MDM2,single,233.0,21,38.47999999999999,12,11.405228758169937,21,PD
X-2992,CLR457,"PIK3CA,PIK3CB,PIK3CG,PIK3CD,panPI3K",single,118.4,22,15.0,11,16.263157894736842,28,PD
X-2992,LDE225,SMO,single,277.4,17,121.84,14,5.511494252873563,17,PD
X-2992,LDK378,ALK,single,574.0,17,179.93999999999994,14,3.959745762711864,17,PD
X-2992,LEE011,"CDK4,CDK6,CDK4/6",single,205.3,21,81.54000000000002,12,6.067226890756302,21,PD
X-2992,LEE011 + encorafenib,"CDK4/6,BRAF,BRAF,CDK4,CDK6",combo,-71.1,71,-44.30277777777778,160,206.26456779895057,218,PR-->PD
X-2992,LEE011 + binimetinib,"CDK4,CDK6,MAP2K1,MAP2K2,CDK4/6,MAPK",combo,-41.6,18,-26.97999999999999,18,107.0,107,SD-->PD
X-2992,WNT974,PORCN,single,248.6,21,84.4,14,9.084507042253522,21,PD
X-2992,LGW813,IAP,single,411.7,20,63.349999999999994,11,8.591240875912408,22,PD
X-2992,encorafenib,BRAF,single,90.7,21,-13.939999999999998,12,21.0,21,PD
X-2992,encorafenib + binimetinib,"BRAF,MAP2K1,MAP2K2,MAPK",combo,-55.7,40,-36.871428571428574,55,85.58741258741259,91,PR-->-->PD
X-2992,binimetinib,"MAP2K1,MAP2K2,MAPK",single,-13.599999999999994,16,-0.6333333333333258,16,27.643382352941178,33,SD-->PD
X-2992,TAS266,DR5,single,560.0,21,166.58000000000004,14,5.425574425574425,21,PD
X-2992,untreated,"UNKNOWN,Untreated",single,660.7,14,314.52,14,3.0,14,PD
X-2997,abraxane,Tubulin,single,414.9,22,77.1,12,7.889705882352941,26,PD
X-2997,abraxane + gemcitabine,"Tubulin,chemotherapy",combo,-80.2,61,-42.94736842105263,64,87.0,87,PR-->-->PD
X-2997,BKM120,"PIK3CA,PIK3CB,PIK3CG,PIK3CD,panPI3K",single,36.599999999999994,23,14.799999999999995,13,40.9624183006536,58,PD
X-2997,BKM120 + LDE225,"panPI3K,SMO",combo,27.40000000000001,20,17.05000000000001,13,69.0,69,SD-->PD
X-2997,BKM120 + binimetinib,"panPI3K,MAPK,MAP2K1,MAP2K2,PIK3CA,PIK3CB,PIK3CG,PIK3CD",combo,-14.400000000000006,25,5.055555555555557,25,61.553333333333335,91,SD-->PD
X-2997,BYL719,PIK3CA,single,119.4,20,28.25,13,18.09803921568627,37,PD
X-2997,BYL719 + LJM716,"PIK3CA,ERBB3,ERBB3,PIK3CA",combo,47.099999999999994,20,35.625,13,30.0,30,PD
X-2997,CLR457,"PIK3CA,PIK3CB,PIK3CG,PIK3CD,panPI3K",single,166.7,20,51.474999999999994,13,13.548736462093864,31,PD
X-2997,HDM201,MDM2,single,509.2999999999999,21,99.325,11,5.13655462184874,21,PD
X-2997,"figitumumab""",IGF1R,single,275.0,20,87.625,13,6.961538461538462,27,PD
X-2997,"figitumumab"" + binimetinib","IGF1R,MAPK",combo,243.3,21,58.099999999999994,11,8.864077669902914,32,PD
X-2997,INC424,JAK,single,323.8,20,90.675,13,6.276529821843532,27,PD
X-2997,INC424 + binimetinib,"JAK,MAPK",combo,71.0,34,13.299999999999995,13,22.957968476357262,99,PD
X-2997,LEE011,"CDK4,CDK6,CDK4/6",single,184.3,25,67.025,11,7.920398009950247,27,PD
X-2997,LKA136,"NTRK1,NTRK2,NTRK3",single,384.4,24,95.45999999999998,13,6.797074954296161,24,PD
X-2997,binimetinib,"MAP2K1,MAP2K2,MAPK",single,119.2,25,27.859999999999985,12,19.05697445972495,63,PD
X-2997,binimetinib-3.5mpk,MAPK,single,420.2999999999999,21,102.475,11,5.629699248120301,25,PD
X-2997,untreated,"UNKNOWN,Untreated",single,313.6,22,39.920000000000016,12,12.153452685421994,28,PD
X-3028,abraxane,Tubulin,single,128.9,20,23.92,14,18.345419847328245,24,PD
X-3028,abraxane + gemcitabine,"Tubulin,chemotherapy",combo,-80.3,74,-44.266666666666666,100,100.0,100,PR
X-3028,BKM120,"PIK3CA,PIK3CB,PIK3CG,PIK3CD,panPI3K",single,-2.700000000000003,79,2.0799999999999983,13,93.17705735660849,97,SD-->PD
X-3028,BKM120 + LDE225,"panPI3K,SMO",combo,-38.2,25,-20.325000000000003,25,25.0,25,SD
X-3028,BKM120 + binimetinib,"panPI3K,MAPK,MAP2K1,MAP2K2,PIK3CA,PIK3CB,PIK3CG,PIK3CD",combo,-23.09999999999999,14,0.5499999999999972,14,135.0,135,SD-->-->PD
X-3028,BYL719,PIK3CA,single,10.200000000000005,84,33.22,14,91.0,91,PD
X-3028,BYL719 + LJM716,"PIK3CA,ERBB3,ERBB3,PIK3CA",combo,89.9,20,34.120000000000005,17,21.054830287206265,38,PD
X-3028,CLR457,"PIK3CA,PIK3CB,PIK3CG,PIK3CD,panPI3K",single,3.700000000000003,10,2.5,17,65.48837209302326,90,SD-->PD
X-3028,HDM201,MDM2,single,6.900000000000006,10,2.9599999999999937,12,31.0,31,SD-->PD
X-3028,"figitumumab""",IGF1R,single,134.6,26,23.424999999999997,12,19.284967320261437,42,PD
X-3028,"figitumumab"" + binimetinib","IGF1R,MAPK",combo,42.5,24,62.912499999999994,24,9.741818181818182,57,PD
X-3028,INC424,JAK,single,9.5,17,8.150000000000006,13,60.55438596491228,90,SD-->PD
X-3028,INC424 + binimetinib,"JAK,MAPK",combo,51.69999999999999,26,21.34999999999999,11,47.18571428571428,57,PD
X-3028,LEE011,"CDK4,CDK6,CDK4/6",single,-37.6,19,-27.862499999999997,22,99.0,99,SD-->PD
X-3028,WNT974,PORCN,single,18.09999999999999,18,14.25,11,18.0,18,SD
X-3028,LKA136,"NTRK1,NTRK2,NTRK3",single,6.700000000000003,49,11.359999999999983,12,96.0,96,SD-->PD
X-3028,binimetinib,"MAP2K1,MAP2K2,MAPK",single,35.099999999999994,21,29.34999999999999,11,40.51086956521739,127,PD
X-3028,binimetinib-3.5mpk,MAPK,single,138.2,20,89.80000000000001,13,7.483516483516484,27,PD
X-3028,untreated,"UNKNOWN,Untreated",single,252.3,24,61.06,13,9.156583629893236,29,PD
X-3029,BGJ398,FGFR,single,2.5,14,-0.6799999999999926,14,43.68807339449541,49,SD-->PD
X-3029,BKM120,"PIK3CA,PIK3CB,PIK3CG,PIK3CD,panPI3K",single,-76.7,91,-57.8074074074074,91,91.0,91,PR
X-3029,BKM120 + binimetinib,"panPI3K,MAPK,MAP2K1,MAP2K2,PIK3CA,PIK3CB,PIK3CG,PIK3CD",combo,-72.9,84,-46.21851851851852,88,88.0,88,PR
X-3029,BYL719,PIK3CA,single,-78.1,59,-50.272,84,84.0,84,PR-->PD
X-3029,BYL719 + LGH447,"PIK3CA,PIM",combo,-80.8,38,-51.56666666666666,38,38.0,38,PR
X-3029,BYL719 + LJM716,"PIK3CA,ERBB3,ERBB3,PIK3CA",combo,-80.7,25,-58.19166666666667,39,39.0,39,PR
X-3029,CGM097,MDM2,single,-81.4,42,-57.231818181818184,90,90.0,90,PR
X-3029,CKX620,MAPK,single,-72.7,16,-45.96923076923077,42,42.0,42,PR
X-3029,CLR457,"PIK3CA,PIK3CB,PIK3CG,PIK3CD,panPI3K",single,-63.3,15,-48.38333333333333,19,96.0,96,PR-->PD
X-3029,HDM201,MDM2,single,-32.599999999999994,10,-25.766666666666666,17,42.0,42,SD-->PD
X-3029,HSP990,HSP90,single,-56.3,11,-33.11666666666666,18,18.0,18,PR
X-3029,INC280,MET,single,-55.6,15,-38.260000000000005,15,85.29411764705883,96,PR-->PD
X-3029,LCL161 + paclitaxel,"BIRC2,TUBB,Tubulin",combo,-71.4,74,-46.45454545454545,74,74.0,74,PR
X-3029,LEE011,"CDK4,CDK6,CDK4/6",single,-70.4,30,-46.26153846153846,42,91.0,91,PR-->PD
X-3029,LGH447,PIM,single,-73.8,17,-55.28823529411765,56,91.0,91,PR-->-->PD
X-3029,LLM871,FGFR2/4,single,-69.3,45,-33.80434782608695,91,114.0,114,PR-->-->PD
X-3029,binimetinib,"MAP2K1,MAP2K2,MAPK",single,-100.0,40,-79.30526315789474,64,64.0,64,CR
X-3029,untreated,"UNKNOWN,Untreated",single,-2.9000000000000057,21,5.94285714285715,21,45.45146726862303,84,SD-->PD
X-3038,abraxane,Tubulin,single,71.4,23,47.74000000000001,13,18.486607142857142,51,PD
X-3038,abraxane + gemcitabine,"Tubulin,chemotherapy",combo,-33.8,71,-4.263333333333335,100,100.0,100,SD
X-3038,BKM120,"PIK3CA,PIK3CB,PIK3CG,PIK3CD,panPI3K",single,9.799999999999995,31,-0.1400000000000005,13,60.37114537444934,62,SD-->PD
X-3038,BKM120 + LDE225,"panPI3K,SMO",combo,10.099999999999994,39,22.69999999999999,11,65.35063291139241,95,SD
X-3038,BKM120 + binimetinib,"panPI3K,MAPK,MAP2K1,MAP2K2,PIK3CA,PIK3CB,PIK3CG,PIK3CD",combo,-35.599999999999994,54,-8.762500000000003,54,54.0,54,SD
X-3038,BYL719,PIK3CA,single,-3.5,20,0.2833333333333456,20,83.21428571428571,100,SD-->PD
X-3038,BYL719 + LJM716,"PIK3CA,ERBB3,ERBB3,PIK3CA",combo,-20.09999999999999,97,-10.053333333333327,101,101.0,101,SD
X-3038,CLR457,"PIK3CA,PIK3CB,PIK3CG,PIK3CD,panPI3K",single,50.0,20,14.049999999999995,13,36.81228668941979,55,PD
X-3038,HDM201,MDM2,single,26.200000000000003,45,13.900000000000006,14,45.0,45,SD-->PD
X-3038,"figitumumab""",IGF1R,single,-48.3,97,21.0,14,25.034229828850854,97,SD-->PD
X-3038,"figitumumab"" + binimetinib","IGF1R,MAPK",combo,37.099999999999994,20,20.200000000000003,13,24.176626826029217,38,PD
X-3038,INC424,JAK,single,51.5,20,21.320000000000007,13,69.0,69,PD
X-3038,INC424 + binimetinib,"JAK,MAPK",combo,-43.3,11,-21.88181818181819,39,88.0,88,SD-->PD
X-3038,LEE011,"CDK4,CDK6,CDK4/6",single,-8.5,105,-1.4749999999999943,11,109.0,109,SD-->PD
X-3038,WNT974,PORCN,single,137.4,22,16.099999999999994,12,20.502002670226968,30,PD
X-3038,LKA136,"NTRK1,NTRK2,NTRK3",single,158.5,20,63.02000000000001,13,11.41373801916933,24,PD
X-3038,binimetinib,"MAP2K1,MAP2K2,MAPK",single,1.5999999999999943,43,17.825000000000003,12,43.0,43,SD-->PD
X-3038,binimetinib-3.5mpk,MAPK,single,105.8,34,27.179999999999993,13,15.01530612244898,39,PD
X-3038,untreated,"UNKNOWN,Untreated",single,165.5,20,74.47999999999999,13,11.397727272727272,31,PD
X-3052,abraxane,Tubulin,single,135.6,21,26.82499999999999,11,16.972477064220183,36,PD
X-3052,abraxane + gemcitabine,"Tubulin,chemotherapy",combo,-77.4,77,-40.658620689655166,101,101.0,101,PR
X-3052,BKM120,"PIK3CA,PIK3CB,PIK3CG,PIK3CD,panPI3K",single,5.099999999999994,12,0.0799999999999983,12,30.90173410404624,36,SD-->PD
X-3052,BKM120 + LDE225,"panPI3K,SMO",combo,12.099999999999994,14,-5.125,14,29.23272727272727,107,SD-->PD
X-3052,BKM120 + binimetinib,"panPI3K,MAPK,MAP2K1,MAP2K2,PIK3CA,PIK3CB,PIK3CG,PIK3CD",combo,-26.40000000000001,27,-6.433333333333337,27,67.92739443872297,91,SD-->PD
X-3052,BYL719,PIK3CA,single,15.099999999999994,9,11.040000000000006,13,29.128205128205128,37,SD-->PD
X-3052,BYL719 + LJM716,"PIK3CA,ERBB3,ERBB3,PIK3CA",combo,-35.5,17,-21.772727272727263,34,58.622718052738335,75,SD-->PD
X-3052,CLR457,"PIK3CA,PIK3CB,PIK3CG,PIK3CD,panPI3K",single,72.5,21,12.799999999999995,11,25.933014354066984,49,PD
X-3052,HDM201,MDM2,single,56.19999999999999,20,18.90000000000001,13,20.0,20,PD
X-3052,"figitumumab""",IGF1R,single,295.6,21,60.26666666666668,11,9.020361990950226,21,PD
X-3052,"figitumumab"" + binimetinib","IGF1R,MAPK",combo,-6.400000000000006,49,-4.719999999999999,14,63.0,63,SD-->PD
X-3052,gemcitabine-50mpk,chemotherapy,single,238.5,21,66.18,14,7.604562737642585,35,PD
X-3052,INC424,JAK,single,89.1,20,40.66,13,20.83206106870229,45,PD
X-3052,INC424 + binimetinib,"JAK,MAPK",combo,12.700000000000005,27,6.52000000000001,14,30.961002785515323,91,SD-->PD
X-3052,LEE011,"CDK4,CDK6,CDK4/6",single,-95.7,98,-5.744827586206895,98,12.829999999999998,98,SD
X-3052,WNT974,PORCN,single,375.9,23,71.92000000000002,13,7.461325966850829,29,PD
X-3052,LKA136,"NTRK1,NTRK2,NTRK3",single,196.8,20,38.579999999999984,12,12.832369942196532,33,PD
X-3052,binimetinib,"MAP2K1,MAP2K2,MAPK",single,12.5,28,-0.8250000000000028,14,77.8673835125448,94,SD-->PD
X-3052,binimetinib-3.5mpk,MAPK,single,206.1,22,25.940000000000012,14,16.04437869822485,22,PD
X-3052,untreated,"UNKNOWN,Untreated",single,185.3,20,31.19999999999999,12,13.763213530655392,33,PD
X-3077,BGJ398,FGFR,single,-47.6,29,-17.922222222222217,29,29.0,29,SD
X-3077,BKM120,"PIK3CA,PIK3CB,PIK3CG,PIK3CD,panPI3K",single,-59.8,11,-42.84444444444445,29,32.0,32,PR
X-3077,BYL719,PIK3CA,single,-65.9,32,-43.7,43,43.0,43,PR
X-3077,BYL719 + LEE011,"PIK3CA,CDK4/6",combo,-83.1,32,-61.60454545454545,74,74.0,74,PR
X-3077,BYL719 + LJM716,"PIK3CA,ERBB3,ERBB3,PIK3CA",combo,-100.0,22,-75.39090909090909,36,36.0,36,CR
X-3077,CGM097,MDM2,single,63.0,22,1.2750000000000057,11,24.853470437017993,32,PD
X-3077,CLR457,"PIK3CA,PIK3CB,PIK3CG,PIK3CD,panPI3K",single,-82.5,43,-55.413333333333334,53,89.0,89,PR-->PD
X-3077,HDM201,MDM2,single,92.6,29,6.275000000000006,11,21.116666666666667,32,PD
X-3077,INC424,JAK,single,42.19999999999999,22,16.049999999999997,12,29.72865275142315,46,PD
X-3077,LEE011,"CDK4,CDK6,CDK4/6",single,9.0,13,17.120000000000005,13,29.39294403892944,34,SD-->PD
X-3077,LEE011 + everolimus,"CDK4,CDK6,MTOR,CDK4/6",combo,-59.0,32,-36.16428571428571,50,96.0,96,PR-->-->PD
X-3077,LFA102,PRLR ,single,159.5,21,26.459999999999994,13,14.14121037463977,35,PD
X-3077,LJM716,ERBB3,single,-17.0,11,-2.9166666666666714,18,43.19234913793103,48,SD-->PD
X-3077,LJM716 + trastuzumab,"ERBB3,ERBB2",combo,-71.1,24,-45.1,28,55.31351351351351,63,PR-->PD
X-3077,LKA136,"NTRK1,NTRK2,NTRK3",single,175.89999999999998,22,14.549999999999995,11,15.5337972166998,25,PD
X-3077,LLM871,FGFR2/4,single,25.59999999999999,24,12.78,13,36.27822832189644,41,SD
X-3077,binimetinib,"MAP2K1,MAP2K2,MAPK",single,-3.5999999999999943,20,30.829999999999984,20,20.0,20,PD
X-3077,trastuzumab,ERBB2,single,138.6,21,47.0,13,15.260223048327136,41,PD
X-3077,untreated,"UNKNOWN,Untreated",single,173.39999999999998,32,16.200000000000003,11,14.6289707750953,46,PD
X-3077,LFW527 + everolimus,"IGF1R,MTOR",combo,-11.700000000000005,13,-5.659999999999997,13,27.0,27,SD
X-3078,BGJ398,FGFR,single,147.4,22,44.150000000000006,11,16.628571428571433,32,PD
X-3078,BKM120,"PIK3CA,PIK3CB,PIK3CG,PIK3CD,panPI3K",single,40.30000000000001,25,7.900000000000006,11,25.0,25,PD
X-3078,BYL719,PIK3CA,single,-6.299999999999997,10,-5.239999999999995,14,32.0,32,SD
X-3078,BYL719 + LEE011,"PIK3CA,CDK4/6",combo,-47.5,25,-35.42857142857143,25,39.0,39,SD-->PD
X-3078,BYL719 + LJM716,"PIK3CA,ERBB3,ERBB3,PIK3CA",combo,-30.0,17,-16.066666666666663,17,56.82101167315175,72,SD-->PD
X-3078,CGM097,MDM2,single,64.6,39,36.76000000000002,13,15.911764705882351,39,PD
X-3078,CLR457,"PIK3CA,PIK3CB,PIK3CG,PIK3CD,panPI3K",single,17.0,22,8.174999999999997,11,31.0,31,SD-->PD
X-3078,HDM201,MDM2,single,-21.799999999999997,13,-27.59999999999999,13,34.0,34,SD
X-3078,INC424,JAK,single,141.8,20,45.24000000000001,13,15.216216216216218,41,PD
X-3078,LEE011,"CDK4,CDK6,CDK4/6",single,85.5,21,26.22499999999999,13,22.629213483146067,45,PD
X-3078,LEE011 + everolimus,"CDK4,CDK6,MTOR,CDK4/6",combo,-28.299999999999997,38,-9.908333333333346,41,41.0,41,SD
X-3078,LFA102,PRLR ,single,90.0,21,4.200000000000003,14,22.382488479262673,32,PD
X-3078,LJM716,ERBB3,single,184.1,20,36.84,13,13.504398826979472,28,PD
X-3078,LJM716 + trastuzumab,"ERBB3,ERBB2",combo,78.80000000000001,20,14.78,13,26.01418439716312,34,PD
X-3078,LKA136,"NTRK1,NTRK2,NTRK3",single,144.3,22,45.099999999999994,11,10.511331444759207,39,PD
X-3078,LLM871,FGFR2/4,single,81.5,21,29.47999999999999,13,22.524725274725274,27,PD
X-3078,binimetinib,"MAP2K1,MAP2K2,MAPK",single,260.8,22,66.92500000000001,11,8.322966507177034,33,PD
X-3078,trastuzumab,ERBB2,single,137.5,21,36.69999999999999,14,17.163682864450127,38,PD
X-3078,untreated,"UNKNOWN,Untreated",single,140.2,21,45.67500000000001,15,17.190871369294605,35,PD
X-3078,LFW527 + everolimus,"IGF1R,MTOR",combo,-23.200000000000003,13,-3.114285714285714,21,21.0,21,SD
X-3093,5FU,chemotherapy,single,181.5,20,101.76,13,5.112449799196787,27,PD
X-3093,BKM120,"PIK3CA,PIK3CB,PIK3CG,PIK3CD,panPI3K",single,33.900000000000006,21,8.125,11,27.330827067669173,35,SD-->PD
X-3093,BKM120 + LJC049,"panPI3K,TNKS",combo,75.9,20,9.72,13,22.142222222222223,30,PD
X-3093,BYL719,PIK3CA,single,65.30000000000001,20,9.679999999999993,13,27.674657534246577,30,PD
X-3093,BYL719 + cetuximab,"PIK3CA,EGFR",combo,4.599999999999994,12,2.759999999999991,12,46.191489361702125,64,SD-->PD
X-3093,BYL719 + cetuximab + encorafenib,"PIK3CA,EGFR,BRAF",combo,301.9,21,70.07499999999999,11,9.222360248447206,32,PD
X-3093,BYL719 + encorafenib,"PIK3CA,BRAF",combo,503.2000000000001,13,208.94,13,4.155511811023622,13,PD
X-3093,BYL719 + LJM716,"PIK3CA,ERBB3,ERBB3,PIK3CA",combo,5.599999999999994,9,7.920000000000002,13,13.0,13,SD
X-3093,BYL719 + binimetinib,"PIK3CA,MAPK",combo,16.400000000000006,6,8.933333333333337,6,6.0,6,SD
X-3093,cetuximab + encorafenib,"EGFR,BRAF",combo,791.7,21,135.77499999999998,11,5.014031805425631,21,PD
X-3093,CGM097,MDM2,single,180.3,20,39.359999999999985,13,14.330827067669173,27,PD
X-3093,CKX620,MAPK,single,13.099999999999994,11,11.0,11,14.0,14,SD
X-3093,CLR457,"PIK3CA,PIK3CB,PIK3CG,PIK3CD,panPI3K",single,86.5,20,33.400000000000006,13,21.48760330578512,30,PD
X-3093,HDM201,MDM2,single,82.1,20,17.159999999999997,13,21.634703196347033,30,PD
X-3093,LEE011,"CDK4,CDK6,CDK4/6",single,67.1,25,21.174999999999997,11,33.276119402985074,35,PD
X-3093,encorafenib,BRAF,single,528.9,20,70.01999999999998,13,9.385964912280702,20,PD
X-3093,LJC049,TNKS,single,137.1,13,57.599999999999994,13,10.493243243243244,13,PD
X-3093,LKA136,"NTRK1,NTRK2,NTRK3",single,199.6,20,60.62,13,10.765363128491622,30,PD
X-3093,binimetinib,"MAP2K1,MAP2K2,MAPK",single,-9.900000000000006,7,-6.1000000000000085,7,7.0,7,SD
X-3093,untreated,"UNKNOWN,Untreated",single,116.7,21,32.900000000000006,11,13.607508532423209,29,PD
X-3127,BKM120,"PIK3CA,PIK3CB,PIK3CG,PIK3CD,panPI3K",single,46.900000000000006,20,10.799999999999995,13,31.02834008097166,43,PD
X-3127,BKM120 + encorafenib,"panPI3K,BRAF,BRAF,PIK3CA,PIK3CB,PIK3CG,PIK3CD",combo,2.200000000000003,26,15.97999999999999,33,61.0,61,SD-->PD
X-3127,CGM097,MDM2,single,-10.400000000000006,91,20.59999999999999,14,126.4168618266979,131,SD-->PD
X-3127,CLR457,"PIK3CA,PIK3CB,PIK3CG,PIK3CD,panPI3K",single,47.599999999999994,23,8.320000000000007,14,37.94409937888199,43,PD
X-3127,LDE225,SMO,single,82.1,22,23.0,11,23.864583333333336,37,PD
X-3127,LDK378,ALK,single,91.1,22,20.950000000000003,11,23.47840531561462,43,PD
X-3127,LEE011,"CDK4,CDK6,CDK4/6",single,17.900000000000006,10,15.540000000000006,14,43.0,43,SD-->PD
X-3127,LEE011 + encorafenib,"CDK4/6,BRAF,BRAF,CDK4,CDK6",combo,-50.1,165,-28.747619047619057,179,204.0,204,PR-->-->PD
X-3127,LEE011 + binimetinib,"CDK4,CDK6,MAP2K1,MAP2K2,CDK4/6,MAPK",combo,-91.4,144,-62.66363636363637,215,227.0,227,PR-->-->PD
X-3127,WNT974,PORCN,single,0.7999999999999972,15,6.359999999999985,15,43.0,43,SD-->PD
X-3127,LGW813,IAP,single,-56.3,14,-32.05833333333334,40,94.15407854984896,106,PR-->PD
X-3127,encorafenib,BRAF,single,11.099999999999994,10,11.400000000000006,14,43.0,43,SD-->PD
X-3127,encorafenib + binimetinib,"BRAF,MAP2K1,MAP2K2,MAPK",combo,60.19999999999999,30,10.700000000000005,11,65.925,121,PD
X-3127,binimetinib,"MAP2K1,MAP2K2,MAPK",single,26.09999999999999,20,9.159999999999997,13,43.0,43,SD-->PD
X-3127,TAS266,DR5,single,-80.6,58,-59.32,87,256.0,256,PR-->-->PD
X-3127,untreated,"UNKNOWN,Untreated",single,105.3,24,31.56,14,18.135593220338983,43,PD
X-3201,BGJ398,FGFR,single,146.6,20,46.0,13,13.021857923497269,27,PD
X-3201,BKM120,"PIK3CA,PIK3CB,PIK3CG,PIK3CD,panPI3K",single,201.8,20,64.56,13,9.658291457286436,27,PD
X-3201,BYL719,PIK3CA,single,75.5,23,19.84999999999999,11,26.249336870026525,53,PD
X-3201,BYL719 + LEE011,"PIK3CA,CDK4/6",combo,-2.9000000000000057,10,-1.2800000000000011,14,63.0,63,SD-->PD
X-3201,BYL719 + LJM716,"PIK3CA,ERBB3,ERBB3,PIK3CA",combo,54.80000000000001,21,-3.933333333333337,12,29.60372340425532,45,PD
X-3201,CGM097,MDM2,single,191.4,24,47.05000000000001,13,11.555735056542812,38,PD
X-3201,CLR457,"PIK3CA,PIK3CB,PIK3CG,PIK3CD,panPI3K",single,71.4,22,28.82499999999999,11,25.201492537313435,39,PD
X-3201,HDM201,MDM2,single,123.6,21,51.650000000000006,16,14.280373831775702,49,PD
X-3201,INC424,JAK,single,151.0,13,67.69999999999999,13,9.047887323943662,13,PD
X-3201,LEE011,"CDK4,CDK6,CDK4/6",single,132.9,21,47.77499999999998,11,12.419847328244275,35,PD
X-3201,LEE011 + everolimus,"CDK4,CDK6,MTOR,CDK4/6",combo,9.599999999999994,25,14.22,14,59.0,59,SD-->PD
X-3201,LFA102,PRLR ,single,-2.5,10,7.259999999999991,16,32.26148409893993,69,SD-->PD
X-3201,LJM716,ERBB3,single,223.1,21,28.06,14,14.851396648044693,24,PD
X-3201,LJM716 + trastuzumab,"ERBB3,ERBB2",combo,140.6,20,49.025000000000006,13,12.007233273056055,34,PD
X-3201,LKA136,"NTRK1,NTRK2,NTRK3",single,284.6,13,134.88000000000002,13,5.372093023255814,13,PD
X-3201,LLM871,FGFR2/4,single,96.6,22,30.640000000000015,16,22.544871794871796,55,PD
X-3201,binimetinib,"MAP2K1,MAP2K2,MAPK",single,55.19999999999999,28,33.224999999999994,11,42.17037037037037,95,PD
X-3201,trastuzumab,ERBB2,single,179.3,22,35.72,16,14.85209003215434,41,PD
X-3201,untreated,"UNKNOWN,Untreated",single,286.8,18,80.85,11,7.524926686217009,18,PD
X-3201,LFW527 + everolimus,"IGF1R,MTOR",combo,6.200000000000003,68,31.74000000000001,14,68.0,68,PD
X-3205,5FU,chemotherapy,single,102.9,22,41.28,14,20.94927536231884,22,PD
X-3205,BKM120,"PIK3CA,PIK3CB,PIK3CG,PIK3CD,panPI3K",single,-1.7999999999999972,13,-0.7750000000000057,13,36.0,36,SD-->PD
X-3205,BKM120 + LJC049,"panPI3K,TNKS",combo,15.099999999999994,10,3.879999999999995,13,34.71555197421434,42,SD-->PD
X-3205,BYL719,PIK3CA,single,35.69999999999999,22,17.599999999999994,13,22.0,22,PD
X-3205,BYL719 + cetuximab,"PIK3CA,EGFR",combo,390.9,22,122.78000000000004,13,6.156654888103651,22,PD
X-3205,BYL719 + cetuximab + encorafenib,"PIK3CA,EGFR,BRAF",combo,186.3,25,78.32,13,7.192751235584843,28,PD
X-3205,BYL719 + encorafenib,"PIK3CA,BRAF",combo,76.6,25,29.680000000000007,13,28.0,28,PD
X-3205,BYL719 + LJM716,"PIK3CA,ERBB3,ERBB3,PIK3CA",combo,188.1,19,113.975,13,5.0,19,PD
X-3205,BYL719 + binimetinib,"PIK3CA,MAPK",combo,-9.900000000000006,77,9.521428571428572,48,77.0,77,SD-->PD
X-3205,cetuximab + encorafenib,"EGFR,BRAF",combo,121.7,22,87.65,13,5.0,27,PD
X-3205,CGM097,MDM2,single,74.69999999999999,22,29.319999999999993,13,26.665399239543728,28,PD
X-3205,CKX620,MAPK,single,-46.0,92,-2.7461538461538453,106,106.0,106,SD
X-3205,CLR457,"PIK3CA,PIK3CB,PIK3CG,PIK3CD,panPI3K",single,2.799999999999997,13,1.3499999999999943,13,35.025,47,SD-->PD
X-3205,HDM201,MDM2,single,109.1,22,24.65000000000001,13,17.5821325648415,27,PD
X-3205,LEE011,"CDK4,CDK6,CDK4/6",single,27.5,17,0.539999999999992,14,22.0,22,SD-->PD
X-3205,encorafenib,BRAF,single,602.4,22,173.14,13,3.3193681318681323,22,PD
X-3205,LJC049,TNKS,single,217.5,22,58.19999999999999,13,10.885572139303482,27,PD
X-3205,LKA136,"NTRK1,NTRK2,NTRK3",single,172.2,22,74.05000000000001,13,9.482059282371296,27,PD
X-3205,binimetinib,"MAP2K1,MAP2K2,MAPK",single,129.2,22,16.72,14,16.623205741626794,22,PD
X-3205,untreated,"UNKNOWN,Untreated",single,497.2999999999999,22,136.56,14,4.115273775216139,22,PD
X-3205,LFW527 + binimetinib,"IGF1R,MAP2K1,MAP2K2",combo,160.2,22,38.75,12,17.68686868686869,41,PD
X-3209,abraxane,Tubulin,single,96.3,20,21.24000000000001,13,20.613259668508285,44,PD
X-3209,abraxane + gemcitabine,"Tubulin,chemotherapy",combo,54.5,20,17.620000000000005,14,26.75714285714286,37,PD
X-3209,BKM120,"PIK3CA,PIK3CB,PIK3CG,PIK3CD,panPI3K",single,-25.40000000000001,13,-6.450000000000003,13,13.0,13,SD
X-3209,BKM120 + LDE225,"panPI3K,SMO",combo,-45.7,32,-17.273333333333326,49,81.0,81,SD-->PD
X-3209,BKM120 + binimetinib,"panPI3K,MAPK,MAP2K1,MAP2K2,PIK3CA,PIK3CB,PIK3CG,PIK3CD",combo,-76.0,77,-31.53333333333333,81,81.0,81,PR
X-3209,BYL719 + LJM716,"PIK3CA,ERBB3,ERBB3,PIK3CA",combo,-29.59999999999999,18,-18.85714285714286,45,45.0,45,SD
X-3209,"figitumumab"" + binimetinib","IGF1R,MAPK",combo,-16.599999999999994,25,7.75,25,25.0,25,SD
X-3209,gemcitabine-50mpk,chemotherapy,single,-9.599999999999994,20,-1.0600000000000025,14,68.98333333333333,70,SD-->PD
X-3209,INC424,JAK,single,13.900000000000006,14,7.75,11,45.0,45,SD-->PD
X-3209,INC424 + binimetinib,"JAK,MAPK",combo,-28.5,49,0.7333333333333343,49,81.0,81,SD
X-3209,LEE011,"CDK4,CDK6,CDK4/6",single,87.4,44,83.78,13,6.897280966767372,44,PD
X-3209,binimetinib,"MAP2K1,MAP2K2,MAPK",single,9.299999999999995,42,19.075000000000003,11,42.0,42,SD
X-3211,BKM120,"PIK3CA,PIK3CB,PIK3CG,PIK3CD,panPI3K",single,-20.0,15,-12.340000000000003,15,58.689277899343544,64,SD-->PD
X-3211,BKM120 + encorafenib,"panPI3K,BRAF,BRAF,PIK3CA,PIK3CB,PIK3CG,PIK3CD",combo,-96.9,53,-80.96136363636364,228,228.0,228,CR
X-3211,CGM097,MDM2,single,11.400000000000006,17,2.049999999999997,11,18.0,18,SD
X-3211,CLR457,"PIK3CA,PIK3CB,PIK3CG,PIK3CD,panPI3K",single,-45.1,47,-23.36428571428571,50,77.0,77,SD-->PD
X-3211,LDE225,SMO,single,-8.099999999999994,12,-4.359999999999999,12,12.0,12,SD
X-3211,LDK378,ALK,single,42.0,32,13.050000000000011,11,37.76190476190476,42,PD
X-3211,LEE011,"CDK4,CDK6,CDK4/6",single,24.0,17,10.974999999999994,11,18.0,18,SD
X-3211,LEE011 + encorafenib,"CDK4/6,BRAF,BRAF,CDK4,CDK6",combo,-79.1,32,-58.06060606060606,168,213.21678321678323,214,PR-->-->PD
X-3211,LEE011 + binimetinib,"CDK4,CDK6,MAP2K1,MAP2K2,CDK4/6,MAPK",combo,-89.0,119,-66.16969696969697,176,176.0,176,PR
X-3211,WNT974,PORCN,single,-20.40000000000001,16,-12.700000000000005,16,40.0,40,SD-->PD
X-3211,LGW813,IAP,single,-50.3,61,-26.0608695652174,77,77.0,77,PR
X-3211,encorafenib,BRAF,single,-52.1,23,-33.587500000000006,26,142.0,142,PR-->-->PD
X-3211,encorafenib + binimetinib,"BRAF,MAP2K1,MAP2K2,MAPK",combo,-97.2,33,-80.99459459459459,200,211.0,211,CR-->-->PD
X-3211,binimetinib,"MAP2K1,MAP2K2,MAPK",single,-71.5,80,-56.46774193548387,110,208.0,208,PR-->-->PD
X-3211,TAS266,DR5,single,144.0,24,4.974999999999994,13,18.04748201438849,38,PD
X-3211,untreated,"UNKNOWN,Untreated",single,37.400000000000006,22,7.8799999999999955,16,32.67259786476868,67,PD
X-3224,5FU,chemotherapy,single,30.69999999999999,20,9.674999999999995,12,24.0,24,SD-->PD
X-3224,BKM120,"PIK3CA,PIK3CB,PIK3CG,PIK3CD,panPI3K",single,-28.09999999999999,10,-13.950000000000005,18,49.0,49,SD-->PD
X-3224,BKM120 + LJC049,"panPI3K,TNKS",combo,333.6,21,232.925,14,7.0,21,PD
X-3224,BYL719,PIK3CA,single,-15.099999999999994,12,-11.375,12,110.0,110,SD-->PD
X-3224,BYL719 + cetuximab,"PIK3CA,EGFR",combo,-16.099999999999994,34,5.6555555555555515,34,34.0,34,SD
X-3224,BYL719 + cetuximab + encorafenib,"PIK3CA,EGFR,BRAF",combo,97.8,21,47.5,14,21.640410958904106,38,PD
X-3224,BYL719 + encorafenib,"PIK3CA,BRAF",combo,93.7,25,26.266666666666666,12,27.2992700729927,34,PD
X-3224,BYL719 + LJM716,"PIK3CA,ERBB3,ERBB3,PIK3CA",combo,-59.5,85,-32.486363636363635,90,90.0,90,PR
X-3224,BYL719 + binimetinib,"PIK3CA,MAPK",combo,7.599999999999994,26,31.345454545454544,38,38.0,38,PD
X-3224,cetuximab + encorafenib,"EGFR,BRAF",combo,28.80000000000001,18,14.575000000000005,14,26.0,26,SD
X-3224,CGM097,MDM2,single,89.19999999999999,24,48.5,12,9.804208600182983,24,PD
X-3224,CKX620,MAPK,single,170.89999999999998,10,127.92499999999998,10,3.0,10,PD
X-3224,CLR457,"PIK3CA,PIK3CB,PIK3CG,PIK3CD,panPI3K",single,15.799999999999995,14,11.099999999999994,14,28.785714285714285,67,SD-->PD
X-3224,HDM201,MDM2,single,207.0,21,159.18,14,3.0,38,PD
X-3224,LEE011,"CDK4,CDK6,CDK4/6",single,169.7,21,105.48000000000002,14,3.0,21,PD
X-3224,encorafenib,BRAF,single,59.900000000000006,20,19.97499999999999,12,23.253549695740364,24,PD
X-3224,LJC049,TNKS,single,-13.099999999999994,12,-7.424999999999997,12,23.767656090071647,30,SD-->PD
X-3224,LKA136,"NTRK1,NTRK2,NTRK3",single,321.9,21,110.71999999999996,14,7.038759689922481,21,PD
X-3224,binimetinib,"MAP2K1,MAP2K2,MAPK",single,381.3,21,145.44,14,4.893758300132802,21,PD
X-3224,untreated,"UNKNOWN,Untreated",single,-27.200000000000003,18,-14.939999999999998,18,96.79166666666669,110,SD-->PD
X-3237,BGJ398,FGFR,single,165.60000000000002,20,30.94,13,13.458452722063036,27,PD
X-3237,BKM120,"PIK3CA,PIK3CB,PIK3CG,PIK3CD,panPI3K",single,101.8,21,4.759999999999991,14,20.810026385224273,24,PD
X-3237,BKM120 + binimetinib,"panPI3K,MAPK,MAP2K1,MAP2K2,PIK3CA,PIK3CB,PIK3CG,PIK3CD",combo,-19.40000000000001,24,-22.379999999999995,14,53.723886048210375,78,SD-->PD
X-3237,BYL719,PIK3CA,single,-23.200000000000003,17,-17.89999999999999,17,45.921108742004265,52,SD-->PD
X-3237,BYL719 + LGH447,"PIK3CA,PIM",combo,-20.90000000000001,15,-14.916666666666671,15,43.794721407624635,47,SD-->PD
X-3237,BYL719 + LJM716,"PIK3CA,ERBB3,ERBB3,PIK3CA",combo,176.3,21,36.28,14,14.613636363636369,24,PD
X-3237,CGM097,MDM2,single,356.7,14,93.3,12,6.865655471289275,14,PD
X-3237,CKX620,MAPK,single,-18.0,12,-20.84999999999999,12,42.91680261011419,61,SD-->PD
X-3237,CLR457,"PIK3CA,PIK3CB,PIK3CG,PIK3CD,panPI3K",single,36.400000000000006,24,14.079999999999998,14,25.838150289017342,31,PD
X-3237,HDM201,MDM2,single,78.69999999999999,24,21.059999999999988,14,16.607773851590107,31,PD
X-3237,HSP990,HSP90,single,69.80000000000001,22,-19.09999999999999,12,26.0,26,PD
X-3237,INC280,MET,single,282.4,16,88.4,14,10.070910556003223,16,PD
X-3237,LCL161 + paclitaxel,"BIRC2,TUBB,Tubulin",combo,-18.799999999999997,25,-3.9399999999999977,14,43.80039656311963,53,SD-->PD
X-3237,LEE011,"CDK4,CDK6,CDK4/6",single,98.2,21,7.140000000000015,14,21.421875000000004,37,PD
X-3237,LGH447,PIM,single,283.0,21,25.799999999999997,14,15.02127659574468,24,PD
X-3237,LLM871,FGFR2/4,single,101.1,20,5.359999999999985,13,19.92887931034483,33,PD
X-3237,binimetinib,"MAP2K1,MAP2K2,MAPK",single,-59.3,14,-36.63333333333333,17,49.0,49,PR-->PD
X-3237,untreated,"UNKNOWN,Untreated",single,241.2,9,105.575,9,5.281459419210723,9,PD
X-3237,LFW527 + binimetinib,"IGF1R,MAP2K1,MAP2K2",combo,-45.4,10,-34.620000000000005,13,48.66571018651363,61,SD-->PD
X-3267,5FU,chemotherapy,single,-37.1,82,-13.23461538461538,89,89.0,89,SD
X-3267,BKM120,"PIK3CA,PIK3CB,PIK3CG,PIK3CD,panPI3K",single,6.700000000000003,26,-0.6599999999999966,12,83.49896480331263,89,SD-->PD
X-3267,BKM120 + LJC049,"panPI3K,TNKS",combo,-7.200000000000003,17,-3.6166666666666742,17,38.0,38,SD-->PD
X-3267,BYL719,PIK3CA,single,3.4000000000000057,38,3.200000000000003,14,80.17448405253283,87,SD-->PD
X-3267,BYL719 + cetuximab,"PIK3CA,EGFR",combo,-7.900000000000006,31,-1.8400000000000032,13,83.0,83,SD-->PD
X-3267,BYL719 + cetuximab + encorafenib,"PIK3CA,EGFR,BRAF",combo,-6.299999999999997,14,-5.36,14,50.12280701754386,77,SD-->PD
X-3267,BYL719 + encorafenib,"PIK3CA,BRAF",combo,44.099999999999994,20,5.959999999999994,13,43.542750929368026,83,PD
X-3267,BYL719 + LJM716,"PIK3CA,ERBB3,ERBB3,PIK3CA",combo,-7.0,45,0.2000000000000028,14,87.0,87,SD-->PD
X-3267,BYL719 + binimetinib,"PIK3CA,MAPK",combo,-52.5,54,-28.171999999999997,90,90.0,90,PR
X-3267,cetuximab + encorafenib,"EGFR,BRAF",combo,14.200000000000005,17,7.540000000000006,13,44.05521472392638,80,SD-->PD
X-3267,CGM097,MDM2,single,65.5,24,14.040000000000006,13,26.91549295774648,27,PD
X-3267,CKX620,MAPK,single,-11.200000000000005,59,-1.8333333333333288,17,59.0,59,SD
X-3267,CLR457,"PIK3CA,PIK3CB,PIK3CG,PIK3CD,panPI3K",single,1.5999999999999943,28,2.9799999999999898,14,78.62711864406779,87,SD-->PD
X-3267,HDM201,MDM2,single,27.5,20,8.775000000000006,13,41.0,41,SD-->PD
X-3267,LEE011,"CDK4,CDK6,CDK4/6",single,14.200000000000005,12,4.179999999999993,12,44.77367205542725,71,SD-->PD
X-3267,encorafenib,BRAF,single,-2.5999999999999943,10,4.700000000000003,13,34.17831813576495,38,SD-->PD
X-3267,LJC049,TNKS,single,66.30000000000001,21,5.179999999999993,14,23.453883495145632,24,PD
X-3267,LKA136,"NTRK1,NTRK2,NTRK3",single,21.0,14,16.700000000000003,14,31.989473684210527,35,SD-->PD
X-3267,binimetinib,"MAP2K1,MAP2K2,MAPK",single,-30.09999999999999,71,-10.088461538461544,89,89.0,89,SD
X-3267,untreated,"UNKNOWN,Untreated",single,10.400000000000006,11,4.0,11,76.04276315789474,88,SD-->PD
X-3268,abraxane,Tubulin,single,137.4,21,39.099999999999994,11,13.45308310991957,28,PD
X-3268,abraxane + gemcitabine,"Tubulin,chemotherapy",combo,-50.2,105,18.34999999999999,12,108.0,108,SD-->PD
X-3268,BKM120,"PIK3CA,PIK3CB,PIK3CG,PIK3CD,panPI3K",single,-27.09999999999999,10,-7.183333333333337,39,115.0,115,SD-->PD
X-3268,BKM120 + LDE225,"panPI3K,SMO",combo,44.80000000000001,42,40.349999999999994,11,22.908319185059423,84,PD
X-3268,BKM120 + binimetinib,"panPI3K,MAPK,MAP2K1,MAP2K2,PIK3CA,PIK3CB,PIK3CG,PIK3CD",combo,-1.0999999999999943,34,5.871428571428581,23,96.0,96,SD-->PD
X-3268,BYL719,PIK3CA,single,-9.0,19,-3.112499999999997,25,120.0,120,SD-->PD
X-3268,BYL719 + LJM716,"PIK3CA,ERBB3,ERBB3,PIK3CA",combo,-14.200000000000005,9,-8.825000000000003,12,148.0,148,SD-->-->PD
X-3268,CLR457,"PIK3CA,PIK3CB,PIK3CG,PIK3CD,panPI3K",single,74.69999999999999,25,14.5,11,40.87570621468927,112,PD
X-3268,HDM201,MDM2,single,138.4,20,40.44,12,13.038022813688212,50,PD
X-3268,"figitumumab""",IGF1R,single,236.2,18,51.900000000000006,12,9.759682224428998,18,PD
X-3268,"figitumumab"" + binimetinib","IGF1R,MAPK",combo,-5.799999999999997,10,2.8500000000000085,14,24.267605633802816,36,SD-->PD
X-3268,gemcitabine-50mpk,chemotherapy,single,32.599999999999994,26,33.420000000000016,14,26.0,26,PD
X-3268,INC424,JAK,single,143.0,22,17.224999999999994,11,17.989547038327526,39,PD
X-3268,INC424 + binimetinib,"JAK,MAPK",combo,-3.0999999999999943,36,13.384615384615389,43,66.7235494880546,131,SD-->PD
X-3268,LEE011,"CDK4,CDK6,CDK4/6",single,-5.400000000000006,13,11.816666666666665,16,34.84146341463415,104,SD-->PD
X-3268,WNT974,PORCN,single,75.5,37,-2.259999999999991,13,20.204218600191755,65,PD
X-3268,LKA136,"NTRK1,NTRK2,NTRK3",single,14.700000000000005,11,7.25,11,39.15632754342432,52,SD-->PD
X-3268,binimetinib,"MAP2K1,MAP2K2,MAPK",single,-54.8,40,-23.068,89,89.0,89,PR
X-3268,binimetinib-3.5mpk,MAPK,single,-24.799999999999997,87,-4.439999999999998,14,90.0,90,SD-->PD
X-3268,untreated,"UNKNOWN,Untreated",single,126.1,21,41.724999999999994,12,12.512968299711815,48,PD
X-3298,BGJ398,FGFR,single,137.2,22,32.525000000000006,11,16.57828810020877,32,PD
X-3298,BKM120,"PIK3CA,PIK3CB,PIK3CG,PIK3CD,panPI3K",single,57.19999999999999,22,19.549999999999997,11,26.771289537712896,74,PD
X-3298,BYL719,PIK3CA,single,123.5,25,15.240000000000007,11,22.014519056261346,33,PD
X-3298,BYL719 + LEE011,"PIK3CA,CDK4/6",combo,40.19999999999999,28,-6.974999999999994,11,44.89066666666667,77,PD
X-3298,BYL719 + LJM716,"PIK3CA,ERBB3,ERBB3,PIK3CA",combo,39.599999999999994,25,9.659999999999997,15,39.720670391061454,60,PD
X-3298,CGM097,MDM2,single,177.89999999999998,18,42.07499999999999,11,12.301775147928996,18,PD
X-3298,CLR457,"PIK3CA,PIK3CB,PIK3CG,PIK3CD,panPI3K",single,106.3,28,25.674999999999997,11,21.609375,46,PD
X-3298,HDM201,MDM2,single,160.0,22,38.974999999999994,11,15.876712328767123,25,PD
X-3298,INC424,JAK,single,155.4,25,52.55000000000001,11,11.56,46,PD
X-3298,LEE011,"CDK4,CDK6,CDK4/6",single,70.4,22,31.92500000000001,11,29.23333333333333,81,PD
X-3298,LEE011 + everolimus,"CDK4,CDK6,MTOR,CDK4/6",combo,-2.5,15,-0.7999999999999972,15,61.3170731707317,95,SD-->PD
X-3298,LFA102,PRLR ,single,39.900000000000006,24,29.57499999999999,14,53.058375634517766,90,PD
X-3298,LJM716,ERBB3,single,66.30000000000001,25,9.099999999999994,11,27.674603174603178,46,PD
X-3298,LJM716 + trastuzumab,"ERBB3,ERBB2",combo,55.0,24,25.620000000000005,13,34.795180722891565,83,PD
X-3298,LKA136,"NTRK1,NTRK2,NTRK3",single,99.8,25,16.450000000000003,11,20.17777777777778,81,PD
X-3298,LLM871,FGFR2/4,single,-9.900000000000006,9,-6.675000000000011,14,71.8957055214724,111,SD-->PD
X-3298,binimetinib,"MAP2K1,MAP2K2,MAPK",single,112.3,21,28.05000000000001,11,17.95744680851064,42,PD
X-3298,trastuzumab,ERBB2,single,53.099999999999994,20,5.459999999999994,13,31.357142857142858,69,PD
X-3298,untreated,"UNKNOWN,Untreated",single,136.6,24,58.849999999999994,13,14.820128479657388,52,PD
X-3450,BGJ398,FGFR,single,41.599999999999994,22,7.340000000000003,13,34.867298578199055,56,PD
X-3450,BKM120,"PIK3CA,PIK3CB,PIK3CG,PIK3CD,panPI3K",single,-57.1,35,-34.98461538461538,42,59.0,59,PR
X-3450,BYL719,PIK3CA,single,-31.40000000000001,42,-16.32941176470588,56,90.97315436241612,91,SD-->PD
X-3450,BYL719 + LEE011,"PIK3CA,CDK4/6",combo,-26.59999999999999,60,-17.83888888888889,60,60.0,60,SD
X-3450,BYL719 + LJM716,"PIK3CA,ERBB3,ERBB3,PIK3CA",combo,-96.8,66,-76.3,66,66.0,66,CR
X-3450,CGM097,MDM2,single,82.4,22,21.179999999999993,13,25.92207792207792,91,PD
X-3450,CLR457,"PIK3CA,PIK3CB,PIK3CG,PIK3CD,panPI3K",single,-67.0,59,-31.927777777777777,59,59.0,59,PR
X-3450,HDM201,MDM2,single,85.1,22,32.78,13,29.0,56,PD
X-3450,INC424,JAK,single,66.6,22,11.700000000000005,12,42.68571428571429,68,PD
X-3450,LEE011,"CDK4,CDK6,CDK4/6",single,4.299999999999997,76,2.299999999999997,14,76.0,76,SD
X-3450,LEE011 + everolimus,"CDK4,CDK6,MTOR,CDK4/6",combo,-57.3,63,-36.585,67,67.0,67,PR
X-3450,LFA102,PRLR ,single,39.099999999999994,21,18.92,14,21.0,21,PD
X-3450,LJM716,ERBB3,single,-88.3,61,-58.66842105263158,61,61.0,61,PR
X-3450,LJM716 + trastuzumab,"ERBB3,ERBB2",combo,-57.5,38,-25.875,38,38.0,38,PR
X-3450,LKA136,"NTRK1,NTRK2,NTRK3",single,15.099999999999994,10,8.759999999999991,14,31.0,31,SD-->PD
X-3450,LLM871,FGFR2/4,single,50.599999999999994,21,16.159999999999997,14,33.55670103092783,55,PD
X-3450,binimetinib,"MAP2K1,MAP2K2,MAPK",single,-3.0,42,6.326315789473682,62,89.68739205526771,91,SD-->-->PD
X-3450,trastuzumab,ERBB2,single,87.6,22,30.140000000000015,14,24.0,24,PD
X-3450,untreated,"UNKNOWN,Untreated",single,8.099999999999994,11,4.525000000000006,11,49.30913978494624,74,SD-->PD
X-3450,LFW527 + everolimus,"IGF1R,MTOR",combo,-29.90000000000001,13,-18.299999999999997,13,13.0,13,SD
X-3453,LFW527 + everolimus,"IGF1R,MTOR",combo,-61.0,52,-42.013888888888886,123,123.0,123,PR
X-3468,BGJ398,FGFR,single,191.4,21,34.099999999999994,11,11.85925925925926,53,PD
X-3468,BKM120,"PIK3CA,PIK3CB,PIK3CG,PIK3CD,panPI3K",single,-16.299999999999997,25,-2.762962962962959,94,94.0,94,SD
X-3468,BYL719,PIK3CA,single,-8.099999999999994,32,-2.3916666666666657,42,71.719165085389,130,SD-->PD
X-3468,BYL719 + LEE011,"PIK3CA,CDK4/6",combo,-65.0,38,-32.41666666666667,38,38.0,38,PR
X-3468,BYL719 + LJM716,"PIK3CA,ERBB3,ERBB3,PIK3CA",combo,-50.5,24,-39.86,52,147.0,147,PR-->PD
X-3468,CGM097,MDM2,single,128.2,21,15.174999999999995,11,18.926470588235293,46,PD
X-3468,CLR457,"PIK3CA,PIK3CB,PIK3CG,PIK3CD,panPI3K",single,-47.6,32,-31.14285714285714,49,116.0,116,SD-->PD
X-3468,HDM201,MDM2,single,-0.2999999999999971,14,0.9200000000000016,14,49.32876712328767,74,SD-->PD
X-3468,INC424,JAK,single,42.5,21,6.5,11,54.09090909090909,116,PD
X-3468,LEE011,"CDK4,CDK6,CDK4/6",single,11.200000000000005,11,5.424999999999997,11,37.9953488372093,73,SD-->PD
X-3468,LEE011 + everolimus,"CDK4,CDK6,MTOR,CDK4/6",combo,-31.299999999999997,133,-1.8871794871794805,137,137.0,137,SD
X-3468,LFA102,PRLR ,single,88.69999999999999,21,13.400000000000006,14,23.81494661921708,56,PD
X-3468,LJM716,ERBB3,single,-1.0999999999999943,10,-0.2599999999999909,14,35.95940959409594,70,SD-->PD
X-3468,LJM716 + trastuzumab,"ERBB3,ERBB2",combo,-5.0,21,1.8500000000000083,24,59.47887323943662,91,SD-->PD
X-3468,LKA136,"NTRK1,NTRK2,NTRK3",single,6.599999999999994,11,3.0999999999999943,11,32.079470198675494,66,SD-->PD
X-3468,LLM871,FGFR2/4,single,12.799999999999995,10,7.659999999999997,14,47.55421686746988,112,SD-->PD
X-3468,binimetinib,"MAP2K1,MAP2K2,MAPK",single,59.5,21,15.549999999999995,11,42.765957446808514,95,PD
X-3468,trastuzumab,ERBB2,single,102.3,21,22.879999999999995,14,20.624489795918365,56,PD
X-3468,untreated,"UNKNOWN,Untreated",single,215.9,21,37.55000000000001,11,12.032608695652174,39,PD
X-3468,LFW527 + everolimus,"IGF1R,MTOR",combo,-74.7,84,-48.33783783783784,126,126.0,126,PR
X-3483,BKM120,"PIK3CA,PIK3CB,PIK3CG,PIK3CD,panPI3K",single,-26.0,10,-16.039999999999992,13,34.31712062256809,46,SD-->PD
X-3483,BKM120 + encorafenib,"panPI3K,BRAF,BRAF,PIK3CA,PIK3CB,PIK3CG,PIK3CD",combo,-100.0,24,-96.7,272,272.0,272,CR
X-3483,CGM097,MDM2,single,-100.0,52,-79.1390243902439,181,181.0,181,CR
X-3483,LDE225,SMO,single,190.6,10,81.42500000000001,10,7.072697899838449,10,PD
X-3483,LDK378,ALK,single,367.1,13,154.98000000000002,13,5.724727838258165,13,PD
X-3483,LEE011,"CDK4,CDK6,CDK4/6",single,-100.0,74,-73.3475,182,182.0,182,CR
X-3483,LEE011 + encorafenib,"CDK4/6,BRAF,BRAF,CDK4,CDK6",combo,-100.0,21,-96.744,272,272.0,272,CR
X-3483,WNT974,PORCN,single,387.2,13,140.61999999999998,13,6.707116104868914,13,PD
X-3483,LGW813,IAP,single,226.7,13,121.15,13,6.371308016877637,13,PD
X-3483,encorafenib,BRAF,single,-100.0,27,-92.48275862068964,119,148.87385321100916,150,CR-->-->PD
X-3483,encorafenib + binimetinib,"BRAF,MAP2K1,MAP2K2,MAPK",combo,-100.0,29,-96.384,272,272.0,272,CR
X-3483,binimetinib,"MAP2K1,MAP2K2,MAPK",single,-40.9,74,-13.099999999999994,94,182.0,182,SD-->-->PD
X-3483,TAS266,DR5,single,-100.0,9,-97.3170731707317,181,181.0,181,CR
X-3483,untreated,"UNKNOWN,Untreated",single,603.1,16,124.84,13,5.528336380255942,16,PD
X-3486,BKM120,"PIK3CA,PIK3CB,PIK3CG,PIK3CD,panPI3K",single,48.400000000000006,12,25.040000000000006,12,12.0,12,PD
X-3486,BKM120 + encorafenib,"panPI3K,BRAF,BRAF,PIK3CA,PIK3CB,PIK3CG,PIK3CD",combo,158.0,23,65.19999999999999,12,9.503875968992247,23,PD
X-3486,CGM097,MDM2,single,180.4,12,96.86,12,7.790868924889543,12,PD
X-3486,LDE225,SMO,single,175.39999999999998,12,69.4,11,8.232394366197184,12,PD
X-3486,LDK378,ALK,single,334.8,21,74.68,11,6.93661971830986,21,PD
X-3486,LEE011,"CDK4,CDK6,CDK4/6",single,6.599999999999994,38,19.238461538461536,43,68.0,68,SD-->PD
X-3486,LEE011 + encorafenib,"CDK4/6,BRAF,BRAF,CDK4,CDK6",combo,21.40000000000001,34,42.28333333333333,39,73.61344537815125,86,PD
X-3486,WNT974,PORCN,single,208.6,12,95.07999999999998,11,6.050704225352113,12,PD
X-3486,LGW813,IAP,single,191.1,21,52.16,12,12.12035661218425,21,PD
X-3486,encorafenib,BRAF,single,737.2,16,272.15999999999997,13,4.0,16,PD
X-3486,encorafenib + binimetinib,"BRAF,MAP2K1,MAP2K2,MAPK",combo,90.5,23,19.08,12,23.0,23,PD
X-3486,binimetinib,"MAP2K1,MAP2K2,MAPK",single,-4.099999999999994,33,4.4090909090909065,33,55.0,55,SD-->PD
X-3486,TAS266,DR5,single,313.1,20,73.65,11,7.15187969924812,20,PD
X-3486,untreated,"UNKNOWN,Untreated",single,606.2,22,133.01999999999998,13,5.846549948506694,22,PD
X-3503,BKM120,"PIK3CA,PIK3CB,PIK3CG,PIK3CD,panPI3K",single,41.5,23,19.159999999999997,12,15.767253044654938,28,PD
X-3503,BKM120 + encorafenib,"panPI3K,BRAF,BRAF,PIK3CA,PIK3CB,PIK3CG,PIK3CD",combo,-29.90000000000001,20,-1.86363636363636,32,77.34615384615384,96,SD-->PD
X-3503,CGM097,MDM2,single,71.0,20,8.679999999999993,13,22.0,22,PD
X-3503,LDE225,SMO,single,46.099999999999994,24,25.0,14,26.0,26,PD
X-3503,LDK378,ALK,single,129.2,20,33.45999999999998,13,16.054054054054056,25,PD
X-3503,LEE011,"CDK4,CDK6,CDK4/6",single,43.599999999999994,27,25.299999999999997,13,32.0,32,PD
X-3503,LEE011 + encorafenib,"CDK4/6,BRAF,BRAF,CDK4,CDK6",combo,2.5,14,6.420000000000002,14,45.310526315789474,53,SD-->PD
X-3503,WNT974,PORCN,single,90.0,20,25.700000000000003,13,22.803738317757013,25,PD
X-3503,LGW813,IAP,single,162.5,21,53.95999999999998,14,12.3142144638404,21,PD
X-3503,encorafenib,BRAF,single,116.0,20,22.140000000000015,13,15.90438247011952,22,PD
X-3503,encorafenib + binimetinib,"BRAF,MAP2K1,MAP2K2,MAPK",combo,52.69999999999999,23,6.5,14,40.32374100719424,53,PD
X-3503,binimetinib,"MAP2K1,MAP2K2,MAPK",single,77.5,20,27.125,11,24.89130434782609,25,PD
X-3503,TAS266,DR5,single,148.3,20,27.159999999999997,13,15.496428571428572,22,PD
X-3503,untreated,"UNKNOWN,Untreated",single,467.7000000000001,21,85.22,14,7.789838337182449,25,PD
X-3671,5FU,chemotherapy,single,230.0,21,66.25999999999999,14,9.534136546184738,36,PD
X-3671,binimetinib,"MAP2K1,MAP2K2,MAPK",single,1.4000000000000057,13,0.7199999999999989,13,32.090634441087616,69,SD-->PD
X-3671,untreated,"UNKNOWN,Untreated",single,493.0,21,118.77999999999996,14,7.833648393194707,24,PD
X-3676,BKM120,"PIK3CA,PIK3CB,PIK3CG,PIK3CD,panPI3K",single,350.1,16,70.52000000000001,12,8.221962616822431,16,PD
X-3676,BKM120 + encorafenib,"panPI3K,BRAF,BRAF,PIK3CA,PIK3CB,PIK3CG,PIK3CD",combo,-34.3,11,-25.78,16,58.58901830282862,60,SD-->PD
X-3676,CGM097,MDM2,single,593.7,9,224.1,9,2.957889396245561,9,PD
X-3676,LDE225,SMO,single,393.1,12,166.65999999999997,12,4.296622613803231,12,PD
X-3676,LDK378,ALK,single,351.8,9,152.5,9,3.3860759493670884,9,PD
X-3676,LEE011,"CDK4,CDK6,CDK4/6",single,375.4,9,159.75,9,2.866310160427808,9,PD
X-3676,LEE011 + encorafenib,"CDK4/6,BRAF,BRAF,CDK4,CDK6",combo,28.69999999999999,19,19.075000000000003,11,28.215139442231074,37,SD-->PD
X-3676,WNT974,PORCN,single,406.3,10,184.45,10,4.0,10,PD
X-3676,LGW813,IAP,single,445.2999999999999,12,148.78000000000003,12,5.284722222222222,12,PD
X-3676,encorafenib,BRAF,single,330.6,21,47.380000000000024,12,12.125279642058166,21,PD
X-3676,encorafenib + binimetinib,"BRAF,MAP2K1,MAP2K2,MAPK",combo,-44.9,16,-27.72,16,56.77852348993289,60,SD-->PD
X-3676,binimetinib,"MAP2K1,MAP2K2,MAPK",single,140.0,21,13.52000000000001,12,17.52173913043478,29,PD
X-3676,TAS266,DR5,single,389.0,9,157.14999999999998,9,3.574193548387097,9,PD
X-3676,untreated,"UNKNOWN,Untreated",single,342.6,9,140.25,9,3.7516869095816463,9,PD
X-3684,LFW527 + binimetinib,"IGF1R,MAP2K1,MAP2K2",combo,563.5,11,175.375,11,6.774671052631579,11,PD
X-3697,BGJ398,FGFR,single,2.299999999999997,13,-1.4249999999999972,13,37.492239467849224,48,SD-->PD
X-3697,BKM120,"PIK3CA,PIK3CB,PIK3CG,PIK3CD,panPI3K",single,-28.0,39,-2.6700000000000017,68,71.0,71,SD
X-3697,BYL719,PIK3CA,single,-42.7,25,-31.91111111111111,32,39.0,39,SD-->PD
X-3697,BYL719 + LEE011,"PIK3CA,CDK4/6",combo,-66.7,31,-26.436363636363637,34,34.0,34,PR
X-3697,BYL719 + LJM716,"PIK3CA,ERBB3,ERBB3,PIK3CA",combo,-44.2,17,-23.566666666666663,20,41.422818791946305,42,SD-->PD
X-3697,CGM097,MDM2,single,64.0,22,7.780000000000001,11,24.352941176470587,41,PD
X-3697,CLR457,"PIK3CA,PIK3CB,PIK3CG,PIK3CD,panPI3K",single,-59.2,24,-42.5625,27,34.0,34,PR
X-3697,HDM201,MDM2,single,125.2,21,49.78,14,16.42068965517241,32,PD
X-3697,INC424,JAK,single,12.299999999999995,11,4.1000000000000085,11,35.35344827586207,53,SD-->PD
X-3697,LEE011,"CDK4,CDK6,CDK4/6",single,0.7999999999999972,52,37.04210526315791,63,83.06206896551724,130,PD
X-3697,LEE011 + everolimus,"CDK4,CDK6,MTOR,CDK4/6",combo,-20.299999999999997,42,-6.938888888888897,61,61.0,61,SD
X-3697,LFA102,PRLR ,single,90.5,20,9.875,13,22.043010752688172,34,PD
X-3697,LJM716,ERBB3,single,101.2,20,4.450000000000003,13,19.92087912087912,36,PD
X-3697,LJM716 + trastuzumab,"ERBB3,ERBB2",combo,56.099999999999994,24,-7.420000000000002,13,29.236628849270662,41,PD
X-3697,LKA136,"NTRK1,NTRK2,NTRK3",single,76.9,22,14.833333333333329,11,26.232323232323232,34,PD
X-3697,LLM871,FGFR2/4,single,-25.0,10,-14.75,13,20.0,20,SD-->PD
X-3697,binimetinib,"MAP2K1,MAP2K2,MAPK",single,9.700000000000005,11,2.200000000000003,11,57.87878787878788,71,SD-->PD
X-3697,trastuzumab,ERBB2,single,16.5,13,2.25,13,24.18819188191882,34,SD-->PD
X-3697,untreated,"UNKNOWN,Untreated",single,59.19999999999999,20,29.379999999999995,13,27.002518891687657,66,PD
X-3746,BKM120,"PIK3CA,PIK3CB,PIK3CG,PIK3CD,panPI3K",single,99.2,20,-3.4666666666666544,11,20.193236714975846,25,PD
X-3746,BKM120 + encorafenib,"panPI3K,BRAF,BRAF,PIK3CA,PIK3CB,PIK3CG,PIK3CD",combo,-100.0,13,-94.984375,160,253.0,253,CR-->-->PD
X-3746,CGM097,MDM2,single,225.0,22,41.849999999999994,13,11.205479452054796,22,PD
X-3746,LDE225,SMO,single,513.8,22,138.5666666666667,13,7.0,22,PD
X-3746,LDK378,ALK,single,425.5,22,80.66666666666666,13,9.196428571428571,22,PD
X-3746,LEE011,"CDK4,CDK6,CDK4/6",single,148.4,20,39.73333333333335,11,12.317813765182184,25,PD
X-3746,LEE011 + encorafenib,"CDK4/6,BRAF,BRAF,CDK4,CDK6",combo,-100.0,13,-96.45128205128204,201,253.0,253,CR-->-->PD
X-3746,WNT974,PORCN,single,356.9,22,56.866666666666674,13,10.66315789473684,22,PD
X-3746,LGW813,IAP,single,634.9,22,189.73333333333335,13,7.0,22,PD
X-3746,encorafenib,BRAF,single,-100.0,40,-67.87058823529412,70,91.769394261424,98,CR-->-->PD
X-3746,encorafenib + binimetinib,"BRAF,MAP2K1,MAP2K2,MAPK",combo,-100.0,28,-94.77234042553192,253,253.0,253,CR
X-3746,binimetinib,"MAP2K1,MAP2K2,MAPK",single,-55.8,45,-34.906666666666666,63,90.26692456479692,98,PR-->-->PD
X-3746,TAS266,DR5,single,203.4,22,23.200000000000003,13,13.94186046511628,22,PD
X-3746,untreated,"UNKNOWN,Untreated",single,686.5,22,121.65,13,6.4951664876476904,22,PD
X-3773,BKM120,"PIK3CA,PIK3CB,PIK3CG,PIK3CD,panPI3K",single,125.2,20,21.040000000000006,14,16.647058823529413,43,PD
X-3773,BKM120 + encorafenib,"panPI3K,BRAF,BRAF,PIK3CA,PIK3CB,PIK3CG,PIK3CD",combo,47.19999999999999,21,9.959999999999994,12,35.33160621761658,44,PD
X-3773,CGM097,MDM2,single,-33.8,9,-26.325000000000003,13,40.21643286573146,43,SD-->PD
X-3773,CLR457,"PIK3CA,PIK3CB,PIK3CG,PIK3CD,panPI3K",single,-10.200000000000005,128,6.97999999999999,12,180.0,180,SD-->PD
X-3773,LDE225,SMO,single,90.8,20,29.120000000000005,13,21.184549356223176,36,PD
X-3773,LDK378,ALK,single,14.700000000000005,13,16.39999999999999,13,13.0,13,SD
X-3773,LEE011,"CDK4,CDK6,CDK4/6",single,67.9,21,8.719999999999999,14,23.088937093275486,43,PD
X-3773,LEE011 + encorafenib,"CDK4/6,BRAF,BRAF,CDK4,CDK6",combo,62.0,21,14.959999999999994,12,37.14983713355049,44,PD
X-3773,LEE011 + binimetinib,"CDK4,CDK6,MAP2K1,MAP2K2,CDK4/6,MAPK",combo,5.299999999999997,153,13.0,11,167.0,167,SD-->PD
X-3773,WNT974,PORCN,single,114.5,22,38.31999999999999,13,17.64788732394366,42,PD
X-3773,LGW813,IAP,single,66.9,20,0.539999999999992,14,27.05753424657534,43,PD
X-3773,encorafenib,BRAF,single,-22.0,13,1.7249999999999943,13,28.992366412213737,43,SD-->PD
X-3773,encorafenib + binimetinib,"BRAF,MAP2K1,MAP2K2,MAPK",combo,6.900000000000006,13,6.780000000000001,13,36.981675392670155,39,SD-->PD
X-3773,binimetinib,"MAP2K1,MAP2K2,MAPK",single,-23.09999999999999,14,-8.116666666666674,17,23.04982206405694,43,SD-->PD
X-3773,TAS266,DR5,single,-28.200000000000003,13,-16.974999999999994,13,24.86400725294651,43,SD-->PD
X-3773,untreated,"UNKNOWN,Untreated",single,92.9,20,18.25,12,21.24561403508772,43,PD
X-3782,abraxane,Tubulin,single,-7.700000000000003,20,14.424999999999995,13,24.290715372907155,50,SD-->PD
X-3782,abraxane + gemcitabine,"Tubulin,chemotherapy",combo,64.69999999999999,24,35.16,14,45.26267281105991,56,PD
X-3782,BKM120 + binimetinib,"panPI3K,MAPK,MAP2K1,MAP2K2,PIK3CA,PIK3CB,PIK3CG,PIK3CD",combo,-71.4,113,-24.450000000000003,22,116.0,116,PR-->PD
X-3782,CLR457,"PIK3CA,PIK3CB,PIK3CG,PIK3CD,panPI3K",single,-0.5999999999999943,10,-1.7600000000000051,13,31.0,31,SD-->PD
X-3782,"figitumumab""",IGF1R,single,102.9,20,43.099999999999994,13,14.029411764705882,34,PD
X-3782,"figitumumab"" + binimetinib","IGF1R,MAPK",combo,53.69999999999999,25,13.650000000000006,11,31.370786516853933,46,PD
X-3782,gemcitabine-50mpk,chemotherapy,single,131.8,24,35.54000000000002,14,17.354609929078013,35,PD
X-3782,INC424,JAK,single,181.8,21,55.81999999999999,18,13.616221562809098,31,PD
X-3782,LEE011,"CDK4,CDK6,CDK4/6",single,-5.0,20,11.224999999999994,13,22.815013404825734,78,SD-->PD
X-3782,WNT974,PORCN,single,167.89999999999998,16,79.12,13,7.064766839378239,16,PD
X-3782,binimetinib,"MAP2K1,MAP2K2,MAPK",single,-85.6,35,-10.981818181818184,35,35.0,35,SD
X-3782,binimetinib-3.5mpk,MAPK,single,-100.0,77,-53.22592592592592,98,98.0,98,CR
X-3782,untreated,"UNKNOWN,Untreated",single,150.6,20,27.320000000000007,14,16.908474576271185,37,PD
X-3792,5FU,chemotherapy,single,74.30000000000001,21,41.140000000000015,14,27.0,27,PD
X-3792,BKM120,"PIK3CA,PIK3CB,PIK3CG,PIK3CD,panPI3K",single,67.80000000000001,25,16.075000000000003,11,13.994708994708995,27,PD
X-3792,BKM120 + LJC049,"panPI3K,TNKS",combo,121.0,16,42.69999999999999,13,15.004739336492891,16,PD
X-3792,BYL719,PIK3CA,single,-14.799999999999995,11,2.174999999999997,11,32.0,32,SD-->PD
X-3792,BYL719 + cetuximab,"PIK3CA,EGFR",combo,110.3,24,38.69999999999999,14,17.99166666666666,31,PD
X-3792,BYL719 + cetuximab + encorafenib,"PIK3CA,EGFR,BRAF",combo,138.9,24,25.25999999999999,14,18.813333333333333,31,PD
X-3792,BYL719 + encorafenib,"PIK3CA,BRAF",combo,77.6,16,7.340000000000003,13,16.0,16,PD
X-3792,BYL719 + LJM716,"PIK3CA,ERBB3,ERBB3,PIK3CA",combo,-28.5,11,-19.27500000000001,11,41.0,41,SD-->PD
X-3792,BYL719 + binimetinib,"PIK3CA,MAPK",combo,95.8,28,8.400000000000006,13,17.974248927038627,28,PD
X-3792,cetuximab + encorafenib,"EGFR,BRAF",combo,66.5,22,23.80000000000001,11,32.62711864406779,39,PD
X-3792,CGM097,MDM2,single,26.40000000000001,21,-5.424999999999997,11,40.033557046979865,41,SD-->PD
X-3792,CKX620,MAPK,single,61.400000000000006,20,6.759999999999991,14,27.0,27,PD
X-3792,CLR457,"PIK3CA,PIK3CB,PIK3CG,PIK3CD,panPI3K",single,22.59999999999999,16,22.75,16,35.0,35,SD-->PD
X-3792,HDM201,MDM2,single,72.6,20,54.31999999999999,14,21.424610051993067,27,PD
X-3792,LEE011,"CDK4,CDK6,CDK4/6",single,74.4,25,19.80000000000001,11,28.0,28,PD
X-3792,encorafenib,BRAF,single,727.1,21,188.85,11,4.0,21,PD
X-3792,LJC049,TNKS,single,197.8,21,33.94,14,16.61310782241015,27,PD
X-3792,LKA136,"NTRK1,NTRK2,NTRK3",single,72.19999999999999,21,17.02000000000001,14,22.120967741935484,27,PD
X-3792,binimetinib,"MAP2K1,MAP2K2,MAPK",single,195.6,25,53.125,11,9.687179487179488,28,PD
X-3792,untreated,"UNKNOWN,Untreated",single,527.7,21,121.8,14,7.283116883116883,28,PD
X-3792,LFW527 + binimetinib,"IGF1R,MAP2K1,MAP2K2",combo,52.599999999999994,20,6.780000000000001,13,26.67170626349892,37,PD
X-3800,abraxane,Tubulin,single,250.6,21,57.19999999999999,11,12.593264248704664,21,PD
X-3800,abraxane + gemcitabine,"Tubulin,chemotherapy",combo,-82.9,97,-38.003571428571426,97,97.0,97,PR
X-3800,BKM120,"PIK3CA,PIK3CB,PIK3CG,PIK3CD,panPI3K",single,-2.4000000000000057,29,17.724999999999994,12,49.00569476082005,54,SD
X-3800,BKM120 + LDE225,"panPI3K,SMO",combo,-79.1,25,-46.627272727272725,33,33.0,33,PR
X-3800,BKM120 + binimetinib,"panPI3K,MAPK,MAP2K1,MAP2K2,PIK3CA,PIK3CB,PIK3CG,PIK3CD",combo,-100.0,106,-68.78333333333333,106,106.0,106,CR
X-3800,BYL719,PIK3CA,single,-12.299999999999995,25,-0.2299999999999897,31,62.333333333333336,95,SD-->PD
X-3800,BYL719 + LJM716,"PIK3CA,ERBB3,ERBB3,PIK3CA",combo,5.0,11,5.740000000000009,14,43.14204545454545,55,SD-->PD
X-3800,CLR457,"PIK3CA,PIK3CB,PIK3CG,PIK3CD,panPI3K",single,-45.6,17,-28.03157894736843,63,136.0,136,SD-->-->PD
X-3800,HDM201,MDM2,single,-47.0,42,-28.653333333333336,48,111.873786407767,140,SD-->PD
X-3800,"figitumumab""",IGF1R,single,149.4,21,16.10000000000001,11,15.599999999999994,35,PD
X-3800,"figitumumab"" + binimetinib","IGF1R,MAPK",combo,57.099999999999994,24,60.5,14,8.048401037165082,49,PD
X-3800,gemcitabine-50mpk,chemotherapy,single,-44.9,91,-0.7642857142857196,94,94.0,94,SD
X-3800,INC424,JAK,single,67.5,22,17.359999999999985,14,32.29838709677419,66,PD
X-3800,INC424 + binimetinib,"JAK,MAPK",combo,-71.9,98,-32.99310344827586,102,102.0,102,PR
X-3800,LEE011,"CDK4,CDK6,CDK4/6",single,-67.6,70,-29.53333333333333,95,95.0,95,PR
X-3800,WNT974,PORCN,single,-18.799999999999997,9,-3.4200000000000017,12,65.0,65,SD-->PD
X-3800,LKA136,"NTRK1,NTRK2,NTRK3",single,157.7,22,32.0,11,12.751552795031056,32,PD
X-3800,binimetinib,"MAP2K1,MAP2K2,MAPK",single,-66.0,42,-31.875,42,42.0,42,PR
X-3800,untreated,"UNKNOWN,Untreated",single,114.0,21,30.90000000000001,14,13.577777777777778,52,PD
X-3816,abraxane,Tubulin,single,66.0,20,7.325000000000003,11,25.121681415929203,60,PD
X-3816,abraxane + gemcitabine,"Tubulin,chemotherapy",combo,-8.400000000000006,66,24.205,69,69.0,69,SD
X-3816,BKM120,"PIK3CA,PIK3CB,PIK3CG,PIK3CD,panPI3K",single,115.7,21,15.0,13,20.41779975278121,31,PD
X-3816,BKM120 + binimetinib,"panPI3K,MAPK,MAP2K1,MAP2K2,PIK3CA,PIK3CB,PIK3CG,PIK3CD",combo,33.30000000000001,46,39.474999999999994,11,84.0,84,PD
X-3816,BYL719,PIK3CA,single,5.900000000000006,9,3.4200000000000017,13,27.822580645161292,51,SD-->PD
X-3816,BYL719 + LJM716,"PIK3CA,ERBB3,ERBB3,PIK3CA",combo,-16.0,9,-8.14,13,27.52367688022284,48,SD-->PD
X-3816,CLR457,"PIK3CA,PIK3CB,PIK3CG,PIK3CD,panPI3K",single,-3.5,9,0.4799999999999897,13,25.766045548654244,48,SD-->PD
X-3816,HDM201,MDM2,single,183.3,20,38.359999999999985,13,14.309248554913294,30,PD
X-3816,"figitumumab""",IGF1R,single,436.7000000000001,22,76.65,12,7.035812672176308,29,PD
X-3816,"figitumumab"" + binimetinib","IGF1R,MAPK",combo,61.400000000000006,21,2.940000000000012,13,31.0,31,PD
X-3816,gemcitabine-50mpk,chemotherapy,single,47.400000000000006,25,18.52000000000001,14,54.38248847926267,81,PD
X-3816,INC424,JAK,single,106.1,21,17.349999999999994,11,20.57834101382489,64,PD
X-3816,INC424 + binimetinib,"JAK,MAPK",combo,3.5,16,2.4599999999999937,12,82.41496598639456,100,SD-->PD
X-3816,LEE011,"CDK4,CDK6,CDK4/6",single,240.8,22,57.44,12,8.776978417266188,43,PD
X-3816,WNT974,PORCN,single,469.0,27,101.07999999999998,12,4.501427212178877,30,PD
X-3816,LKA136,"NTRK1,NTRK2,NTRK3",single,94.8,20,45.31999999999999,13,12.510593220338984,44,PD
X-3816,binimetinib,"MAP2K1,MAP2K2,MAPK",single,20.299999999999997,25,16.599999999999994,11,28.0,28,SD
X-3816,binimetinib-3.5mpk,MAPK,single,23.0,21,-6.924999999999997,11,39.67674418604651,63,SD-->PD
X-3816,untreated,"UNKNOWN,Untreated",single,122.2,20,17.433333333333337,11,18.709302325581397,35,PD
X-3843,BGJ398,FGFR,single,45.69999999999999,21,29.03333333333333,16,24.258,27,PD
X-3843,BKM120,"PIK3CA,PIK3CB,PIK3CG,PIK3CD,panPI3K",single,119.2,20,47.0,13,12.590733590733592,56,PD
X-3843,BKM120 + binimetinib,"panPI3K,MAPK,MAP2K1,MAP2K2,PIK3CA,PIK3CB,PIK3CG,PIK3CD",combo,73.30000000000001,20,29.72499999999999,13,23.0,50,PD
X-3843,BYL719,PIK3CA,single,12.5,16,-0.4249999999999971,16,45.025380710659896,70,SD-->PD
X-3843,BYL719 + LGH447,"PIK3CA,PIM",combo,-18.90000000000001,15,12.066666666666665,15,91.0,91,SD
X-3843,BYL719 + LJM716,"PIK3CA,ERBB3,ERBB3,PIK3CA",combo,-2.5,51,14.800000000000011,54,54.0,54,SD
X-3843,CGM097,MDM2,single,244.0,23,40.25,11,13.158227848101266,29,PD
X-3843,CKX620,MAPK,single,194.0,13,108.375,13,6.0,13,PD
X-3843,CLR457,"PIK3CA,PIK3CB,PIK3CG,PIK3CD,panPI3K",single,8.5,29,18.59999999999999,13,82.46594427244582,104,SD-->PD
X-3843,HDM201,MDM2,single,149.8,20,59.349999999999994,13,14.59493670886076,20,PD
X-3843,HSP990,HSP90,single,18.299999999999997,11,-5.060000000000002,11,21.686221009549797,74,SD-->PD
X-3843,INC280,MET,single,205.7,20,65.80000000000001,13,10.76510067114094,20,PD
X-3843,LCL161 + paclitaxel,"BIRC2,TUBB,Tubulin",combo,-42.9,14,-27.90000000000001,14,30.68491577335375,41,SD-->PD
X-3843,LEE011,"CDK4,CDK6,CDK4/6",single,-9.700000000000005,30,-3.0,36,57.18157894736842,91,SD-->PD
X-3843,LGH447,PIM,single,243.9,20,71.125,13,9.156549520766774,20,PD
X-3843,LLM871,FGFR2/4,single,26.700000000000003,11,-2.460000000000008,11,22.956268221574344,36,SD-->PD
X-3843,binimetinib,"MAP2K1,MAP2K2,MAPK",single,94.4,20,23.52500000000001,13,26.46153846153847,50,PD
X-3843,untreated,"UNKNOWN,Untreated",single,395.5,18,77.1,11,6.926857142857143,18,PD
X-3843,LFW527 + binimetinib,"IGF1R,MAP2K1,MAP2K2",combo,116.2,21,16.42,15,19.50920245398773,36,PD
X-3846,abraxane,Tubulin,single,201.2,21,21.5,13,13.27659574468085,24,PD
X-3846,abraxane + gemcitabine,"Tubulin,chemotherapy",combo,-36.6,34,-19.85454545454546,34,68.0,68,SD-->PD
X-3846,BKM120,"PIK3CA,PIK3CB,PIK3CG,PIK3CD,panPI3K",single,-37.5,14,-18.89999999999999,18,39.433693796243595,50,SD-->PD
X-3846,BKM120 + LDE225,"panPI3K,SMO",combo,-48.1,126,-1.9294117647058755,63,132.0,132,SD-->-->PD
X-3846,BKM120 + binimetinib,"panPI3K,MAPK,MAP2K1,MAP2K2,PIK3CA,PIK3CB,PIK3CG,PIK3CD",combo,-44.8,53,-14.21875,53,53.0,53,SD
X-3846,BYL719,PIK3CA,single,6.599999999999994,21,4.820000000000007,14,37.21848739495798,77,SD-->PD
X-3846,CLR457,"PIK3CA,PIK3CB,PIK3CG,PIK3CD,panPI3K",single,7.799999999999997,20,5.450000000000003,12,66.3012048192771,97,SD-->PD
X-3846,HDM201,MDM2,single,214.3,21,37.72,14,13.428571428571429,31,PD
X-3846,"figitumumab""",IGF1R,single,259.7,20,58.125,14,15.167927382753405,27,PD
X-3846,"figitumumab"" + binimetinib","IGF1R,MAPK",combo,52.0,21,39.57499999999999,11,12.956363636363635,39,PD
X-3846,gemcitabine-50mpk,chemotherapy,single,39.599999999999994,21,28.07499999999999,14,33.39183055975794,53,PD
X-3846,INC424,JAK,single,124.8,21,26.59999999999999,11,18.059288537549406,31,PD
X-3846,INC424 + binimetinib,"JAK,MAPK",combo,257.1,62,28.05000000000001,11,15.81958365458751,80,PD
X-3846,WNT974,PORCN,single,39.30000000000001,30,11.159999999999997,12,32.48770491803279,57,PD
X-3846,LKA136,"NTRK1,NTRK2,NTRK3",single,61.599999999999994,21,16.22,14,24.413333333333338,32,PD
X-3846,binimetinib,"MAP2K1,MAP2K2,MAPK",single,-57.0,14,-32.150000000000006,26,93.49298597194388,96,PR-->PD
X-3846,binimetinib-3.5mpk,MAPK,single,48.900000000000006,22,-2.0250000000000057,11,15.773333333333335,50,PD
X-3846,untreated,"UNKNOWN,Untreated",single,224.9,21,44.72,13,11.992592592592594,37,PD
X-3851,BKM120,"PIK3CA,PIK3CB,PIK3CG,PIK3CD,panPI3K",single,73.9,20,15.52000000000001,13,22.50479846449136,25,PD
X-3851,BKM120 + encorafenib,"panPI3K,BRAF,BRAF,PIK3CA,PIK3CB,PIK3CG,PIK3CD",combo,215.4,24,-2.299999999999997,11,19.51222222222222,31,PD
X-3851,CGM097,MDM2,single,269.7,23,39.04000000000002,12,16.761682242990656,26,PD
X-3851,CLR457,"PIK3CA,PIK3CB,PIK3CG,PIK3CD,panPI3K",single,-12.700000000000005,16,-0.7999999999999972,16,30.915760869565215,38,SD-->PD
X-3851,LDE225,SMO,single,156.3,21,33.72,15,16.282122905027933,28,PD
X-3851,LDK378,ALK,single,63.900000000000006,21,33.900000000000006,15,27.59791122715405,28,PD
X-3851,LEE011,"CDK4,CDK6,CDK4/6",single,29.90000000000001,19,23.200000000000003,12,26.0,26,SD
X-3851,LEE011 + encorafenib,"CDK4/6,BRAF,BRAF,CDK4,CDK6",combo,-65.8,105,-37.28888888888889,108,139.53023255813957,142,PR-->-->PD
X-3851,LEE011 + binimetinib,"CDK4,CDK6,MAP2K1,MAP2K2,CDK4/6,MAPK",combo,-24.200000000000003,93,10.631578947368425,121,142.0,142,SD-->PD
X-3851,WNT974,PORCN,single,120.0,21,25.879999999999995,15,18.505197505197504,28,PD
X-3851,LGW813,IAP,single,477.4,21,103.04000000000002,13,6.309655937846837,27,PD
X-3851,encorafenib,BRAF,single,216.1,26,49.74000000000001,12,10.815939278937382,26,PD
X-3851,encorafenib + binimetinib,"BRAF,MAP2K1,MAP2K2,MAPK",combo,254.5,25,40.66666666666666,11,9.996587030716723,25,PD
X-3851,binimetinib,"MAP2K1,MAP2K2,MAPK",single,-19.09999999999999,9,0.5200000000000102,13,20.869230769230768,28,SD-->PD
X-3851,TAS266,DR5,single,159.2,26,47.76000000000002,12,10.232558139534884,26,PD
X-3851,untreated,"UNKNOWN,Untreated",single,212.2,23,22.820000000000007,12,15.688888888888886,26,PD
X-3873,BGJ398,FGFR,single,154.6,21,44.900000000000006,14,16.43577981651376,42,PD
X-3873,BKM120,"PIK3CA,PIK3CB,PIK3CG,PIK3CD,panPI3K",single,-45.7,11,-30.09999999999999,14,14.0,14,SD
X-3873,BYL719,PIK3CA,single,66.6,21,-1.4799999999999898,14,29.7318718381113,49,PD
X-3873,BYL719 + LEE011,"PIK3CA,CDK4/6",combo,-51.1,10,-29.60000000000001,10,10.0,10,PR
X-3873,BYL719 + LJM716,"PIK3CA,ERBB3,ERBB3,PIK3CA",combo,-64.7,50,-35.099999999999994,50,50.0,50,PR
X-3873,CGM097,MDM2,single,9.400000000000006,11,2.1500000000000057,11,14.0,14,SD
X-3873,CLR457,"PIK3CA,PIK3CB,PIK3CG,PIK3CD,panPI3K",single,-93.7,56,-69.98,88,88.0,88,PR
X-3873,HDM201,MDM2,single,138.3,26,33.125,11,19.931338028169012,39,PD
X-3873,INC424,JAK,single,0.2000000000000028,15,-1.0250000000000057,15,35.0,35,SD
X-3873,LEE011,"CDK4,CDK6,CDK4/6",single,16.299999999999997,15,6.325000000000003,15,28.0,28,SD
X-3873,LEE011 + everolimus,"CDK4,CDK6,MTOR,CDK4/6",combo,-85.5,80,-61.09615384615385,91,91.0,91,PR
X-3873,LFA102,PRLR ,single,320.9,14,143.5666666666667,14,7.0,14,PD
X-3873,LJM716,ERBB3,single,-9.299999999999995,10,-3.739999999999995,14,33.9800796812749,70,SD-->PD
X-3873,LJM716 + trastuzumab,"ERBB3,ERBB2",combo,-6.700000000000003,22,-3.899999999999991,24,31.0,31,SD
X-3873,LKA136,"NTRK1,NTRK2,NTRK3",single,136.9,20,18.620000000000005,13,17.199240986717268,34,PD
X-3873,LLM871,FGFR2/4,single,26.700000000000003,17,3.9000000000000057,17,36.626666666666665,70,SD-->PD
X-3873,binimetinib,"MAP2K1,MAP2K2,MAPK",single,-15.700000000000005,24,-0.9833333333333344,42,60.59920239282154,70,SD-->PD
X-3873,trastuzumab,ERBB2,single,553.3,22,91.2,13,8.387704918032787,22,PD
X-3873,untreated,"UNKNOWN,Untreated",single,9.799999999999995,10,6.47999999999999,14,136.0,136,SD-->PD
X-3873,LFW527 + everolimus,"IGF1R,MTOR",combo,-25.299999999999997,80,14.427999999999995,87,98.0,98,SD-->-->PD
X-3880,BKM120,"PIK3CA,PIK3CB,PIK3CG,PIK3CD,panPI3K",single,4.099999999999994,41,17.47999999999999,17,46.0,46,SD-->PD
X-3880,BKM120 + encorafenib,"panPI3K,BRAF,BRAF,PIK3CA,PIK3CB,PIK3CG,PIK3CD",combo,-5.799999999999997,17,6.8999999999999915,17,43.0,43,SD-->PD
X-3880,CGM097,MDM2,single,128.3,20,71.32499999999999,13,10.486486486486488,24,PD
X-3880,LDE225,SMO,single,28.59999999999999,7,7.399999999999992,7,7.0,7,SD
X-3880,LDK378,ALK,single,212.6,21,89.88,14,7.73419773095624,21,PD
X-3880,LEE011,"CDK4,CDK6,CDK4/6",single,44.80000000000001,20,23.5,13,24.0,24,PD
X-3880,LEE011 + encorafenib,"CDK4/6,BRAF,BRAF,CDK4,CDK6",combo,24.700000000000003,17,25.183333333333337,17,21.0,21,SD
X-3880,WNT974,PORCN,single,91.8,21,25.24000000000001,14,21.0,21,PD
X-3880,LGW813,IAP,single,73.19999999999999,20,13.150000000000006,13,22.953168044077135,24,PD
X-3880,encorafenib,BRAF,single,63.5,20,36.60000000000002,13,24.0,24,PD
X-3880,encorafenib + binimetinib,"BRAF,MAP2K1,MAP2K2,MAPK",combo,-17.799999999999997,28,-8.47999999999999,14,87.0,87,SD-->PD
X-3880,binimetinib,"MAP2K1,MAP2K2,MAPK",single,-84.9,80,-61.19117647058823,164,255.6712328767123,262,PR-->-->PD
X-3880,TAS266,DR5,single,229.0,20,124.0,13,4.5212121212121215,27,PD
X-3880,untreated,"UNKNOWN,Untreated",single,556.8,21,128.74,13,5.356821589205397,21,PD
X-3898,abraxane,Tubulin,single,146.2,20,20.59999999999999,12,14.194533762057878,40,PD
X-3898,abraxane + gemcitabine,"Tubulin,chemotherapy",combo,61.80000000000001,23,26.09999999999999,14,27.0,27,PD
X-3898,BKM120,"PIK3CA,PIK3CB,PIK3CG,PIK3CD,panPI3K",single,-1.0,18,10.700000000000005,11,46.59334298118669,48,SD-->PD
X-3898,BKM120 + LDE225,"panPI3K,SMO",combo,-64.9,113,-24.24516129032257,113,113.0,113,PR
X-3898,BKM120 + binimetinib,"panPI3K,MAPK,MAP2K1,MAP2K2,PIK3CA,PIK3CB,PIK3CG,PIK3CD",combo,64.4,34,52.140000000000015,13,18.916030534351144,93,PD
X-3898,BYL719,PIK3CA,single,6.599999999999994,12,4.825000000000003,12,18.0,18,SD
X-3898,BYL719 + LJM716,"PIK3CA,ERBB3,ERBB3,PIK3CA",combo,51.19999999999999,21,4.700000000000003,14,41.0,41,PD
X-3898,HDM201,MDM2,single,291.1,26,53.81999999999999,13,9.760098928277,26,PD
X-3898,"figitumumab""",IGF1R,single,19.5,15,8.349999999999994,12,30.71197411003236,55,SD-->PD
X-3898,"figitumumab"" + binimetinib","IGF1R,MAPK",combo,147.4,29,47.78,13,11.56221198156682,29,PD
X-3898,gemcitabine-50mpk,chemotherapy,single,23.59999999999999,17,14.52000000000001,14,58.92896781354051,109,SD-->PD
X-3898,INC424,JAK,single,184.0,24,43.75999999999999,13,14.666666666666666,45,PD
X-3898,INC424 + binimetinib,"JAK,MAPK",combo,-15.400000000000006,14,-6.916666666666671,18,84.0,84,SD-->PD
X-3898,LEE011,"CDK4,CDK6,CDK4/6",single,-17.400000000000006,53,55.00416666666666,80,7.982668977469671,97,PD
X-3898,WNT974,PORCN,single,224.5,22,32.28,13,19.404447533009034,27,PD
X-3898,LKA136,"NTRK1,NTRK2,NTRK3",single,85.30000000000001,21,16.700000000000003,14,22.14993481095176,38,PD
X-3898,binimetinib,"MAP2K1,MAP2K2,MAPK",single,146.3,58,90.48,13,7.51063829787234,58,PD
X-3898,binimetinib-3.5mpk,MAPK,single,294.6,29,114.9,12,4.038135593220339,33,PD
X-3898,untreated,"UNKNOWN,Untreated",single,255.4,22,61.640000000000015,13,8.841584158415841,27,PD
X-3947,abraxane,Tubulin,single,-58.8,10,-27.539999999999992,13,33.85304659498208,45,PR-->PD
X-3947,abraxane + gemcitabine,"Tubulin,chemotherapy",combo,-48.9,79,-1.4357142857142833,94,94.0,94,SD
X-3947,BKM120,"PIK3CA,PIK3CB,PIK3CG,PIK3CD,panPI3K",single,389.9,22,121.11999999999998,12,5.242098184263618,26,PD
X-3947,BKM120 + LDE225,"panPI3K,SMO",combo,162.7,21,30.94999999999999,11,16.941860465116278,42,PD
X-3947,BKM120 + binimetinib,"panPI3K,MAPK,MAP2K1,MAP2K2,PIK3CA,PIK3CB,PIK3CG,PIK3CD",combo,-43.3,42,-28.15384615384616,42,42.0,42,SD
X-3947,BYL719,PIK3CA,single,564.5,20,92.02,13,6.760493827160492,20,PD
X-3947,BYL719 + LJM716,"PIK3CA,ERBB3,ERBB3,PIK3CA",combo,430.9,20,110.2,13,6.4639269406392685,22,PD
X-3947,CLR457,"PIK3CA,PIK3CB,PIK3CG,PIK3CD,panPI3K",single,299.1,20,55.56,13,10.819121447028424,37,PD
X-3947,HDM201,MDM2,single,399.0,20,51.94,13,10.532467532467532,20,PD
X-3947,"figitumumab""",IGF1R,single,527.2,19,134.025,14,6.162436548223351,19,PD
X-3947,"figitumumab"" + binimetinib","IGF1R,MAPK",combo,286.6,21,135.48000000000002,14,5.67515923566879,28,PD
X-3947,gemcitabine-50mpk,chemotherapy,single,-59.5,69,-9.608333333333334,82,82.0,82,SD
X-3947,INC424,JAK,single,97.4,21,8.650000000000006,11,21.375,39,PD
X-3947,INC424 + binimetinib,"JAK,MAPK",combo,4.099999999999994,18,2.799999999999997,11,84.0,84,SD-->PD
X-3947,LEE011,"CDK4,CDK6,CDK4/6",single,219.4,12,88.62,12,8.468842729970326,12,PD
X-3947,WNT974,PORCN,single,206.9,7,92.29999999999998,7,3.8765522279035793,7,PD
X-3947,LKA136,"NTRK1,NTRK2,NTRK3",single,308.7,20,51.18000000000001,13,11.021978021978022,25,PD
X-3947,binimetinib,"MAP2K1,MAP2K2,MAPK",single,28.40000000000001,26,31.94999999999999,13,28.962758620689655,163,PD
X-3947,binimetinib-3.5mpk,MAPK,single,546.7,16,120.3,13,4.093617021276595,16,PD
X-3947,untreated,"UNKNOWN,Untreated",single,356.2,20,73.91999999999999,13,5.8578745198463515,21,PD
X-3990,abraxane,Tubulin,single,346.0,21,57.400000000000006,11,10.856287425149702,21,PD
X-3990,abraxane + gemcitabine,"Tubulin,chemotherapy",combo,46.400000000000006,6,17.89999999999999,6,6.0,6,PD
X-3990,BKM120,"PIK3CA,PIK3CB,PIK3CG,PIK3CD,panPI3K",single,254.1,21,76.55000000000001,11,6.618131868131868,28,PD
X-3990,BKM120 + LDE225,"panPI3K,SMO",combo,-29.799999999999997,49,-7.579999999999998,49,49.0,49,SD
X-3990,BKM120 + binimetinib,"panPI3K,MAPK,MAP2K1,MAP2K2,PIK3CA,PIK3CB,PIK3CG,PIK3CD",combo,-55.8,94,-27.67857142857143,94,94.0,94,PR
X-3990,BYL719,PIK3CA,single,-13.400000000000006,17,-6.733333333333334,17,42.99111111111111,62,SD-->PD
X-3990,BYL719 + LJM716,"PIK3CA,ERBB3,ERBB3,PIK3CA",combo,130.5,22,31.47499999999999,11,14.554999999999998,35,PD
X-3990,CLR457,"PIK3CA,PIK3CB,PIK3CG,PIK3CD,panPI3K",single,19.700000000000003,11,11.174999999999995,11,68.30733944954129,97,SD-->PD
X-3990,HDM201,MDM2,single,205.9,21,28.77500000000001,11,12.435555555555556,35,PD
X-3990,"figitumumab""",IGF1R,single,307.6,15,122.675,12,4.174909529553679,15,PD
X-3990,"figitumumab"" + binimetinib","IGF1R,MAPK",combo,247.0,21,121.85,11,4.513124470787468,25,PD
X-3990,gemcitabine-50mpk,chemotherapy,single,-100.0,50,-54.96923076923077,88,6.67157894736842,88,CR
X-3990,INC424,JAK,single,66.69999999999999,20,24.049999999999997,11,27.87700534759358,45,PD
X-3990,INC424 + binimetinib,"JAK,MAPK",combo,39.30000000000001,24,51.29999999999998,17,28.621076233183857,91,PD
X-3990,LEE011,"CDK4,CDK6,CDK4/6",single,209.1,22,101.45,12,5.0,36,PD
X-3990,WNT974,PORCN,single,322.7,23,30.819999999999993,13,12.033842794759826,29,PD
X-3990,LKA136,"NTRK1,NTRK2,NTRK3",single,293.1,21,63.88,14,8.379186602870814,26,PD
X-3990,binimetinib,"MAP2K1,MAP2K2,MAPK",single,4.0,3,2.0,3,3.0,3,SD
X-3990,binimetinib-3.5mpk,MAPK,single,161.89999999999998,21,99.11999999999998,14,4.0,28,PD
X-3990,untreated,"UNKNOWN,Untreated",single,226.3,21,35.099999999999994,11,10.674650698602797,42,PD
X-4015,abraxane,Tubulin,single,298.4,15,96.3,12,8.273342354533153,15,PD
X-4015,abraxane + gemcitabine,"Tubulin,chemotherapy",combo,-79.7,83,-42.741379310344826,97,97.0,97,PR
X-4015,BKM120 + LDE225,"panPI3K,SMO",combo,73.30000000000001,20,32.78,13,29.805194805194805,71,PD
X-4015,BKM120 + binimetinib,"panPI3K,MAPK,MAP2K1,MAP2K2,PIK3CA,PIK3CB,PIK3CG,PIK3CD",combo,79.1,27,34.24000000000001,13,28.434782608695652,71,PD
X-4015,BYL719,PIK3CA,single,12.099999999999994,10,5.1200000000000045,14,31.475247524752476,62,SD-->PD
X-4015,BYL719 + LJM716,"PIK3CA,ERBB3,ERBB3,PIK3CA",combo,-11.0,72,13.75,13,97.0,97,SD-->PD
X-4015,CLR457,"PIK3CA,PIK3CB,PIK3CG,PIK3CD,panPI3K",single,111.9,21,49.38,14,15.133333333333336,52,PD
X-4015,HDM201,MDM2,single,-11.0,10,-4.659999999999997,14,42.0,42,SD-->PD
X-4015,"figitumumab""",IGF1R,single,514.6,22,87.0,12,5.870689655172413,22,PD
X-4015,"figitumumab"" + binimetinib","IGF1R,MAPK",combo,95.3,20,46.579999999999984,12,20.576687116564415,33,PD
X-4015,gemcitabine-50mpk,chemotherapy,single,-57.7,58,-26.17307692307692,90,90.0,90,PR
X-4015,INC424,JAK,single,260.9,21,71.6,14,9.387628865979382,35,PD
X-4015,INC424 + binimetinib,"JAK,MAPK",combo,-14.799999999999995,14,-4.159999999999997,14,43.18235294117647,70,SD-->PD
X-4015,WNT974,PORCN,single,272.7,20,95.3,12,7.499999999999999,28,PD
X-4015,LKA136,"NTRK1,NTRK2,NTRK3",single,314.9,22,53.76666666666668,11,10.77116704805492,25,PD
X-4015,binimetinib,"MAP2K1,MAP2K2,MAPK",single,-33.2,89,-5.635714285714286,43,89.0,89,SD-->-->PD
X-4015,untreated,"UNKNOWN,Untreated",single,250.2,22,34.07499999999999,11,11.26470588235294,24,PD
X-4018,abraxane,Tubulin,single,162.0,20,10.050000000000011,11,14.7459584295612,34,PD
X-4018,abraxane + gemcitabine,"Tubulin,chemotherapy",combo,-26.09999999999999,49,-1.6266666666666794,49,69.0,69,SD-->PD
X-4018,BKM120,"PIK3CA,PIK3CB,PIK3CG,PIK3CD,panPI3K",single,56.19999999999999,25,50.75,11,28.904918032786885,55,PD
X-4018,BKM120 + LDE225,"panPI3K,SMO",combo,85.0,21,13.424999999999995,11,21.65645514223195,67,PD
X-4018,BKM120 + binimetinib,"panPI3K,MAPK,MAP2K1,MAP2K2,PIK3CA,PIK3CB,PIK3CG,PIK3CD",combo,-45.5,51,-16.335000000000008,65,93.0,93,SD-->-->PD
X-4018,BYL719,PIK3CA,single,72.9,18,45.55000000000001,12,18.0,18,PD
X-4018,CLR457,"PIK3CA,PIK3CB,PIK3CG,PIK3CD,panPI3K",single,16.099999999999994,12,9.25,12,18.0,18,SD
X-4018,HDM201,MDM2,single,79.0,21,24.77500000000001,11,23.07920792079208,31,PD
X-4018,"figitumumab""",IGF1R,single,-21.700000000000003,34,13.992857142857147,44,44.0,44,SD
X-4018,"figitumumab"" + binimetinib","IGF1R,MAPK",combo,21.799999999999997,25,-34.25,12,25.0,25,SD
X-4018,gemcitabine-50mpk,chemotherapy,single,19.90000000000001,34,18.5,12,42.62130177514793,68,SD-->PD
X-4018,INC424 + binimetinib,"JAK,MAPK",combo,-19.200000000000003,14,-13.88000000000001,14,62.48552338530067,98,SD-->PD
X-4018,LEE011,"CDK4,CDK6,CDK4/6",single,176.5,20,27.58,13,17.864619678995115,20,PD
X-4018,WNT974,PORCN,single,288.3,23,47.139999999999986,13,11.562962962962963,30,PD
X-4018,LKA136,"NTRK1,NTRK2,NTRK3",single,234.3,23,37.120000000000005,13,13.47953216374269,30,PD
X-4018,binimetinib,"MAP2K1,MAP2K2,MAPK",single,-3.0,16,11.883333333333326,16,44.0,44,SD
X-4018,binimetinib-3.5mpk,MAPK,single,-100.0,85,-52.979166666666664,98,98.0,98,CR
X-4018,untreated,"UNKNOWN,Untreated",single,133.9,24,34.275000000000006,11,18.144,48,PD
X-4087,5FU,chemotherapy,single,84.4,20,3.7750000000000057,11,20.0,20,PD
X-4087,BKM120,"PIK3CA,PIK3CB,PIK3CG,PIK3CD,panPI3K",single,100.1,20,21.82499999999999,11,19.980392156862745,20,PD
X-4087,BKM120 + LJC049,"panPI3K,TNKS",combo,307.2,24,112.92000000000002,11,6.283547257876313,30,PD
X-4087,BYL719,PIK3CA,single,22.90000000000001,3,11.450000000000005,3,3.0,3,SD
X-4087,BYL719 + cetuximab,"PIK3CA,EGFR",combo,0.0,12,0.0,12,31.0,31,SD-->PD
X-4087,BYL719 + cetuximab + encorafenib,"PIK3CA,EGFR,BRAF",combo,147.8,20,31.0,12,16.718875502008032,27,PD
X-4087,BYL719 + encorafenib,"PIK3CA,BRAF",combo,80.0,21,41.579999999999984,15,24.0,24,PD
X-4087,BYL719 + LJM716,"PIK3CA,ERBB3,ERBB3,PIK3CA",combo,58.0,20,24.125,11,20.0,20,PD
X-4087,BYL719 + binimetinib,"PIK3CA,MAPK",combo,138.4,20,28.375,11,14.777537796976242,20,PD
X-4087,cetuximab + encorafenib,"EGFR,BRAF",combo,730.3,21,153.0666666666667,15,9.0,21,PD
X-4087,CGM097,MDM2,single,62.19999999999999,6,29.53333333333333,6,6.0,6,PD
X-4087,CKX620,MAPK,single,6.099999999999994,11,2.674999999999997,11,20.0,20,SD-->PD
X-4087,CLR457,"PIK3CA,PIK3CB,PIK3CG,PIK3CD,panPI3K",single,109.4,20,15.425000000000011,11,19.47388059701493,20,PD
X-4087,HDM201,MDM2,single,82.5,20,12.375,11,20.0,20,PD
X-4087,LEE011,"CDK4,CDK6,CDK4/6",single,16.599999999999994,20,1.9000000000000057,11,20.0,20,SD-->PD
X-4087,encorafenib,BRAF,single,33.599999999999994,6,17.83333333333333,6,6.0,6,SD
X-4087,LJC049,TNKS,single,17.200000000000003,11,18.075000000000003,11,14.0,14,SD-->PD
X-4087,LKA136,"NTRK1,NTRK2,NTRK3",single,77.80000000000001,6,38.900000000000006,6,6.0,6,PD
X-4087,binimetinib,"MAP2K1,MAP2K2,MAPK",single,-32.400000000000006,17,-10.02857142857144,21,27.0,27,SD
X-4087,untreated,"UNKNOWN,Untreated",single,58.69999999999999,21,18.033333333333346,15,27.37254901960784,42,PD
X-4087,LFW527 + binimetinib,"IGF1R,MAP2K1,MAP2K2",combo,-23.299999999999997,15,5.299999999999997,15,29.2442996742671,38,SD-->PD
X-4145,abraxane,Tubulin,single,302.7,20,73.72,13,9.776824034334766,20,PD
X-4145,abraxane + gemcitabine,"Tubulin,chemotherapy",combo,-82.2,41,-40.978571428571435,48,48.0,48,PR
X-4145,BKM120,"PIK3CA,PIK3CB,PIK3CG,PIK3CD,panPI3K",single,292.4,23,64.80000000000001,13,10.450424929178473,27,PD
X-4145,BKM120 + LDE225,"panPI3K,SMO",combo,50.900000000000006,23,22.679999999999993,13,31.553398058252423,71,PD
X-4145,BKM120 + binimetinib,"panPI3K,MAPK,MAP2K1,MAP2K2,PIK3CA,PIK3CB,PIK3CG,PIK3CD",combo,13.400000000000006,22,20.98571428571428,22,27.3953488372093,71,SD-->PD
X-4145,BYL719,PIK3CA,single,101.5,20,15.179999999999993,13,19.739884393063583,33,PD
X-4145,BYL719 + LJM716,"PIK3CA,ERBB3,ERBB3,PIK3CA",combo,59.599999999999994,20,35.30000000000001,13,58.0,58,PD
X-4145,CLR457,"PIK3CA,PIK3CB,PIK3CG,PIK3CD,panPI3K",single,97.2,22,36.16,12,23.230769230769234,35,PD
X-4145,HDM201,MDM2,single,284.2,20,56.45999999999998,13,10.944954128440369,37,PD
X-4145,"figitumumab""",IGF1R,single,186.1,20,35.42500000000001,13,12.58100558659218,34,PD
X-4145,"figitumumab"" + binimetinib","IGF1R,MAPK",combo,46.80000000000001,32,7.174999999999997,11,53.34173669467787,78,PD
X-4145,gemcitabine-50mpk,chemotherapy,single,-71.3,77,-27.64615384615385,91,91.0,91,PR-->PD
X-4145,INC424,JAK,single,127.6,20,44.75999999999999,14,16.897142857142857,41,PD
X-4145,INC424 + binimetinib,"JAK,MAPK",combo,111.4,20,56.18333333333334,13,9.8,86,PD
X-4145,LEE011,"CDK4,CDK6,CDK4/6",single,228.0,20,62.54000000000002,13,8.579839429081177,34,PD
X-4145,WNT974,PORCN,single,18.09999999999999,18,3.2750000000000057,11,18.0,18,SD
X-4145,LKA136,"NTRK1,NTRK2,NTRK3",single,224.0,20,67.62,13,9.105726872246697,28,PD
X-4145,binimetinib,"MAP2K1,MAP2K2,MAPK",single,-44.0,21,-24.554545454545465,34,51.0,51,SD
X-4145,binimetinib-3.5mpk,MAPK,single,149.2,25,83.32499999999999,11,4.0,27,PD
X-4145,untreated,"UNKNOWN,Untreated",single,344.0,21,106.4,14,5.962758620689654,25,PD
X-4157,BKM120,"PIK3CA,PIK3CB,PIK3CG,PIK3CD,panPI3K",single,60.5,20,9.5,11,28.0,28,PD
X-4157,BKM120 + encorafenib,"panPI3K,BRAF,BRAF,PIK3CA,PIK3CB,PIK3CG,PIK3CD",combo,12.799999999999995,9,9.759999999999993,14,28.0,28,SD-->PD
X-4157,CGM097,MDM2,single,90.2,20,35.900000000000006,14,20.463722397476342,28,PD
X-4157,CLR457,"PIK3CA,PIK3CB,PIK3CG,PIK3CD,panPI3K",single,112.1,20,35.30000000000001,11,13.0,28,PD
X-4157,LDE225,SMO,single,10.0,9,8.575000000000003,12,13.0,13,SD
X-4157,LDK378,ALK,single,65.4,25,22.049999999999997,12,28.0,28,PD
X-4157,LEE011,"CDK4,CDK6,CDK4/6",single,71.69999999999999,22,13.959999999999994,13,26.38080495356037,28,PD
X-4157,LEE011 + encorafenib,"CDK4/6,BRAF,BRAF,CDK4,CDK6",combo,66.80000000000001,22,18.299999999999997,11,25.764542936288088,28,PD
X-4157,WNT974,PORCN,single,131.5,21,20.08,14,19.010526315789473,28,PD
X-4157,LGW813,IAP,single,-23.5,11,-16.97999999999999,11,67.464,105,SD-->PD
X-4157,encorafenib,BRAF,single,106.2,20,18.42,13,19.515625,28,PD
X-4157,encorafenib + binimetinib,"BRAF,MAP2K1,MAP2K2,MAPK",combo,-33.5,16,-8.049999999999997,25,66.58701298701298,87,SD-->PD
X-4157,binimetinib,"MAP2K1,MAP2K2,MAPK",single,-14.700000000000005,60,13.579999999999998,13,88.82300884955752,108,SD-->PD
X-4157,TAS266,DR5,single,143.4,20,24.72,14,16.49122807017544,28,PD
X-4157,untreated,"UNKNOWN,Untreated",single,239.7,20,52.88,14,11.195121951219512,28,PD
X-4215,abraxane,Tubulin,single,87.80000000000001,25,19.27500000000001,11,33.857142857142854,54,PD
X-4215,abraxane + gemcitabine,"Tubulin,chemotherapy",combo,-81.9,48,-32.51304347826087,79,79.0,79,PR-->-->PD
X-4215,BKM120,"PIK3CA,PIK3CB,PIK3CG,PIK3CD,panPI3K",single,77.80000000000001,22,40.599999999999994,12,22.0,22,PD
X-4215,BKM120 + LDE225,"panPI3K,SMO",combo,147.2,16,117.32,13,3.532147742818058,16,PD
X-4215,BYL719,PIK3CA,single,71.1,21,2.825000000000003,11,26.621118012422357,35,PD
X-4215,BYL719 + LJM716,"PIK3CA,ERBB3,ERBB3,PIK3CA",combo,-97.8,97,-66.02413793103449,97,97.0,97,CR
X-4215,CLR457,"PIK3CA,PIK3CB,PIK3CG,PIK3CD,panPI3K",single,50.400000000000006,21,21.27500000000001,11,33.23017408123791,56,PD
X-4215,HDM201,MDM2,single,100.8,20,40.579999999999984,13,19.777777777777775,31,PD
X-4215,"figitumumab""",IGF1R,single,223.1,21,57.26666666666665,11,8.901988636363637,21,PD
X-4215,"figitumumab"" + binimetinib","IGF1R,MAPK",combo,27.700000000000003,22,12.78,15,42.69565217391305,51,SD-->PD
X-4215,gemcitabine-50mpk,chemotherapy,single,-77.2,39,-33.69411764705882,56,100.7654986522911,109,PR-->PD
X-4215,INC424,JAK,single,93.1,20,21.540000000000006,13,20.0,20,PD
X-4215,INC424 + binimetinib,"JAK,MAPK",combo,4.599999999999994,90,28.125,12,131.0,131,SD
X-4215,LEE011,"CDK4,CDK6,CDK4/6",single,1.2999999999999972,53,57.44999999999999,11,10.289256198347106,91,PD
X-4215,WNT974,PORCN,single,116.8,20,73.35,12,9.322175732217572,28,PD
X-4215,LKA136,"NTRK1,NTRK2,NTRK3",single,327.1,22,48.57499999999999,11,9.482758620689657,25,PD
X-4215,binimetinib,"MAP2K1,MAP2K2,MAPK",single,0.5999999999999943,19,22.5625,22,22.0,22,SD
X-4215,binimetinib-3.5mpk,MAPK,single,158.89999999999998,22,111.72500000000002,12,5.243362831858407,27,PD
X-4215,untreated,"UNKNOWN,Untreated",single,167.2,21,61.06,12,7.592052980132451,36,PD
X-4226,abraxane,Tubulin,single,278.2,20,75.24000000000001,14,6.571428571428572,27,PD
X-4226,abraxane + gemcitabine,"Tubulin,chemotherapy",combo,48.400000000000006,21,17.72,14,27.72388955582233,87,PD
X-4226,BKM120,"PIK3CA,PIK3CB,PIK3CG,PIK3CD,panPI3K",single,-21.59999999999999,16,10.316666666666665,16,36.27483443708609,44,SD-->PD
X-4226,BKM120 + LDE225,"panPI3K,SMO",combo,-30.700000000000003,13,-17.64,18,81.0,81,SD-->PD
X-4226,BKM120 + binimetinib,"panPI3K,MAPK,MAP2K1,MAP2K2,PIK3CA,PIK3CB,PIK3CG,PIK3CD",combo,-17.5,34,-1.9545454545454533,40,71.33400402414487,122,SD-->PD
X-4226,BYL719,PIK3CA,single,-1.0,14,-1.0799999999999983,14,51.28771929824561,91,SD-->PD
X-4226,BYL719 + LJM716,"PIK3CA,ERBB3,ERBB3,PIK3CA",combo,43.69999999999999,29,14.97999999999999,14,43.5426944971537,63,PD
X-4226,CLR457,"PIK3CA,PIK3CB,PIK3CG,PIK3CD,panPI3K",single,65.0,22,13.059999999999988,14,31.698412698412696,73,PD
X-4226,HDM201,MDM2,single,260.5,20,60.25999999999999,12,7.7,33,PD
X-4226,"figitumumab""",IGF1R,single,58.69999999999999,26,-2.0,12,18.8728323699422,36,PD
X-4226,"figitumumab"" + binimetinib","IGF1R,MAPK",combo,141.1,21,87.85,11,5.773195876288659,28,PD
X-4226,gemcitabine-50mpk,chemotherapy,single,44.5,17,30.78,14,17.0,17,PD
X-4226,INC424,JAK,single,83.30000000000001,20,19.59999999999999,12,25.96103896103896,71,PD
X-4226,INC424 + binimetinib,"JAK,MAPK",combo,-17.599999999999994,20,2.549999999999997,20,63.73418972332016,99,SD-->PD
X-4226,LEE011,"CDK4,CDK6,CDK4/6",single,176.60000000000002,22,61.69999999999999,12,12.419117647058824,29,PD
X-4226,WNT974,PORCN,single,273.3,21,55.079999999999984,13,10.75152749490835,22,PD
X-4226,LKA136,"NTRK1,NTRK2,NTRK3",single,59.400000000000006,20,30.80000000000001,13,25.232558139534884,36,PD
X-4226,binimetinib,"MAP2K1,MAP2K2,MAPK",single,-30.299999999999997,28,-5.891666666666666,35,35.0,35,SD
X-4226,binimetinib-3.5mpk,MAPK,single,52.0,21,37.25999999999999,13,27.703703703703702,34,PD
X-4226,untreated,"UNKNOWN,Untreated",single,83.69999999999999,24,28.47999999999999,13,18.97590361445783,40,PD
X-4316,abraxane,Tubulin,single,122.2,22,35.05000000000001,12,16.559322033898304,54,PD
X-4316,abraxane + gemcitabine,"Tubulin,chemotherapy",combo,-100.0,84,-63.207692307692305,87,87.0,87,CR
X-4316,BKM120,"PIK3CA,PIK3CB,PIK3CG,PIK3CD,panPI3K",single,93.4,21,19.980000000000015,13,16.500810372771475,28,PD
X-4316,BKM120 + LDE225,"panPI3K,SMO",combo,-20.200000000000003,14,-9.933333333333335,14,53.0,53,SD-->PD
X-4316,BYL719,PIK3CA,single,72.5,22,6.359999999999985,14,29.666666666666668,115,PD
X-4316,BYL719 + LJM716,"PIK3CA,ERBB3,ERBB3,PIK3CA",combo,1.2000000000000028,13,0.2800000000000011,13,41.22044728434505,51,SD-->PD
X-4316,CLR457,"PIK3CA,PIK3CB,PIK3CG,PIK3CD,panPI3K",single,11.599999999999994,9,4.799999999999997,13,21.38705882352941,37,SD-->PD
X-4316,HDM201,MDM2,single,132.6,20,29.359999999999985,13,16.130563798219583,30,PD
X-4316,"figitumumab""",IGF1R,single,-2.0999999999999943,19,34.56666666666669,19,29.626180836707153,68,PD
X-4316,"figitumumab"" + binimetinib","IGF1R,MAPK",combo,276.0,20,133.5,12,3.1650485436893203,33,PD
X-4316,gemcitabine-50mpk,chemotherapy,single,-80.0,77,-41.07727272727273,77,77.0,77,PR
X-4316,INC424,JAK,single,44.400000000000006,22,8.320000000000007,14,57.4014598540146,115,PD
X-4316,LEE011,"CDK4,CDK6,CDK4/6",single,3.0,21,1.9249999999999972,11,62.666666666666664,77,SD-->PD
X-4316,WNT974,PORCN,single,26.799999999999997,16,19.820000000000007,13,27.63131313131313,51,SD-->PD
X-4316,LKA136,"NTRK1,NTRK2,NTRK3",single,59.19999999999999,22,9.559999999999988,15,31.091383812010445,45,PD
X-4316,binimetinib,"MAP2K1,MAP2K2,MAPK",single,-45.2,109,-26.8962962962963,109,122.0,122,SD-->-->PD
X-4316,binimetinib-3.5mpk,MAPK,single,29.19999999999999,18,10.140000000000017,13,20.723076923076924,39,SD-->PD
X-4316,untreated,"UNKNOWN,Untreated",single,132.8,20,12.75,11,15.182105263157894,44,PD
X-4339,BKM120,"PIK3CA,PIK3CB,PIK3CG,PIK3CD,panPI3K",single,-26.40000000000001,16,-10.242857142857147,19,44.0,44,SD-->PD
X-4339,BKM120 + encorafenib,"panPI3K,BRAF,BRAF,PIK3CA,PIK3CB,PIK3CG,PIK3CD",combo,-0.2999999999999971,14,3.359999999999985,14,40.0,40,SD
X-4339,CGM097,MDM2,single,50.0,22,11.5,11,64.84322033898304,66,PD
X-4339,CLR457,"PIK3CA,PIK3CB,PIK3CG,PIK3CD,panPI3K",single,9.599999999999994,22,7.559999999999988,12,85.0,85,SD-->PD
X-4339,LDE225,SMO,single,13.400000000000006,19,14.14285714285714,20,22.0,22,SD
X-4339,LDK378,ALK,single,16.299999999999997,19,8.150000000000006,11,44.0,44,SD-->PD
X-4339,LEE011,"CDK4,CDK6,CDK4/6",single,-72.7,149,-37.24782608695652,226,240.0,240,PR-->-->PD
X-4339,LEE011 + encorafenib,"CDK4/6,BRAF,BRAF,CDK4,CDK6",combo,-48.3,120,-14.802857142857135,170,170.0,170,SD
X-4339,LEE011 + binimetinib,"CDK4,CDK6,MAP2K1,MAP2K2,CDK4/6,MAPK",combo,-86.8,103,-66.2483870967742,177,177.0,177,PR
X-4339,WNT974,PORCN,single,15.900000000000006,11,9.150000000000006,11,26.0,26,SD-->PD
X-4339,LGW813,IAP,single,13.299999999999995,11,9.849999999999994,11,49.87378640776699,51,SD-->PD
X-4339,encorafenib,BRAF,single,89.69999999999999,24,30.5,14,16.515873015873016,46,PD
X-4339,encorafenib + binimetinib,"BRAF,MAP2K1,MAP2K2,MAPK",combo,81.30000000000001,26,17.049999999999997,11,31.714285714285715,47,PD
X-4339,binimetinib,"MAP2K1,MAP2K2,MAPK",single,-5.299999999999997,14,0.1200000000000045,14,77.97802197802199,85,SD-->PD
X-4339,TAS266,DR5,single,14.200000000000005,13,10.900000000000006,13,38.020833333333336,47,SD-->PD
X-4339,untreated,"UNKNOWN,Untreated",single,89.30000000000001,20,39.5,16,20.77959927140255,45,PD
X-4347,BGJ398,FGFR,single,55.900000000000006,21,7.02000000000001,14,31.07862407862408,60,PD
X-4347,BKM120,"PIK3CA,PIK3CB,PIK3CG,PIK3CD,panPI3K",single,-22.0,11,-11.699999999999989,34,67.0,67,SD-->-->PD
X-4347,BYL719,PIK3CA,single,63.099999999999994,34,8.920000000000002,13,45.98392282958199,98,PD
X-4347,BYL719 + LEE011,"PIK3CA,CDK4/6",combo,-73.3,45,-42.62,48,48.0,48,PR
X-4347,BYL719 + LJM716,"PIK3CA,ERBB3,ERBB3,PIK3CA",combo,-14.599999999999994,11,-11.875,11,63.05820105820106,88,SD-->PD
X-4347,CGM097,MDM2,single,79.30000000000001,22,2.2249999999999943,11,25.63157894736842,67,PD
X-4347,CLR457,"PIK3CA,PIK3CB,PIK3CG,PIK3CD,panPI3K",single,12.400000000000006,11,-1.9000000000000057,11,77.44444444444444,91,SD-->PD
X-4347,HDM201,MDM2,single,33.69999999999999,39,0.7000000000000028,11,56.0,56,SD-->PD
X-4347,INC424,JAK,single,101.6,21,23.09999999999999,11,20.813953488372093,28,PD
X-4347,LEE011,"CDK4,CDK6,CDK4/6",single,-7.900000000000006,52,11.167999999999992,91,134.06611570247935,143,SD-->-->PD
X-4347,LEE011 + everolimus,"CDK4,CDK6,MTOR,CDK4/6",combo,-83.6,87,-50.099999999999994,87,87.0,87,PR
X-4347,LFA102,PRLR ,single,162.60000000000002,20,30.125,13,17.163141993957705,48,PD
X-4347,LJM716,ERBB3,single,119.9,21,43.5,16,18.51870324189526,49,PD
X-4347,LJM716 + trastuzumab,"ERBB3,ERBB2",combo,124.6,20,18.25,13,18.99317871759891,48,PD
X-4347,LKA136,"NTRK1,NTRK2,NTRK3",single,127.1,21,27.90000000000001,11,16.113948919449903,28,PD
X-4347,LLM871,FGFR2/4,single,72.1,24,25.379999999999995,13,25.792291220556745,41,PD
X-4347,binimetinib,"MAP2K1,MAP2K2,MAPK",single,-58.8,56,-31.706249999999997,56,56.0,56,PR
X-4347,trastuzumab,ERBB2,single,128.6,20,45.69999999999999,13,18.75109170305677,62,PD
X-4347,untreated,"UNKNOWN,Untreated",single,165.8,17,54.400000000000006,13,11.145833333333332,17,PD
X-4347,LFW527 + everolimus,"IGF1R,MTOR",combo,-7.099999999999994,21,0.2142857142857082,21,78.56962025316456,98,SD-->PD
X-4377,abraxane,Tubulin,single,257.8,9,114.5,9,3.994100294985251,9,PD
X-4377,abraxane + gemcitabine,"Tubulin,chemotherapy",combo,43.5,23,12.759999999999993,14,37.0,37,PD
X-4377,BKM120,"PIK3CA,PIK3CB,PIK3CG,PIK3CD,panPI3K",single,193.4,26,20.58,12,16.38152610441767,29,PD
X-4377,BKM120 + LDE225,"panPI3K,SMO",combo,-46.3,29,-21.47999999999999,29,29.0,29,SD
X-4377,BKM120 + binimetinib,"panPI3K,MAPK,MAP2K1,MAP2K2,PIK3CA,PIK3CB,PIK3CG,PIK3CD",combo,-13.599999999999994,17,3.316666666666663,17,34.95539033457249,74,SD-->PD
X-4377,BYL719,PIK3CA,single,159.0,22,40.57499999999999,11,12.117154811715482,28,PD
X-4377,CLR457,"PIK3CA,PIK3CB,PIK3CG,PIK3CD,panPI3K",single,65.6,20,22.22,14,24.81818181818182,41,PD
X-4377,HDM201,MDM2,single,260.9,20,89.14000000000001,14,5.960159362549801,27,PD
X-4377,"figitumumab""",IGF1R,single,321.7,16,91.875,13,7.015384615384615,16,PD
X-4377,"figitumumab"" + binimetinib","IGF1R,MAPK",combo,487.7999999999999,21,174.44,14,3.788702928870293,21,PD
X-4377,gemcitabine-50mpk,chemotherapy,single,-21.200000000000003,41,11.01111111111112,63,72.78191489361703,73,SD-->PD
X-4377,INC424,JAK,single,291.0,20,94.78,14,6.1564625850340144,20,PD
X-4377,INC424 + binimetinib,"JAK,MAPK",combo,163.5,22,29.44,11,16.796954314720814,36,PD
X-4377,LEE011,"CDK4,CDK6,CDK4/6",single,129.2,21,20.424999999999997,11,17.089529590288315,42,PD
X-4377,WNT974,PORCN,single,6.900000000000006,16,23.183333333333337,16,23.90318302387268,63,SD
X-4377,LKA136,"NTRK1,NTRK2,NTRK3",single,-100.0,19,-85.28461538461538,89,89.0,89,CR
X-4377,binimetinib,"MAP2K1,MAP2K2,MAPK",single,-29.700000000000003,35,-3.174999999999997,11,35.0,35,SD-->PD
X-4377,binimetinib-3.5mpk,MAPK,single,300.3,20,73.82,13,9.986722571628231,28,PD
X-4378,abraxane,Tubulin,single,180.10000000000002,21,44.16,13,13.037735849056602,24,PD
X-4378,abraxane + gemcitabine,"Tubulin,chemotherapy",combo,29.09999999999999,20,13.28,17,69.0,69,SD
X-4378,BKM120,"PIK3CA,PIK3CB,PIK3CG,PIK3CD,panPI3K",single,102.3,28,21.27500000000001,11,16.0,41,PD
X-4378,BKM120 + LDE225,"panPI3K,SMO",combo,-66.3,39,-46.88,49,84.0,84,PR-->PD
X-4378,BKM120 + binimetinib,"panPI3K,MAPK,MAP2K1,MAP2K2,PIK3CA,PIK3CB,PIK3CG,PIK3CD",combo,-15.599999999999994,39,-5.614285714285714,21,83.74025974025975,84,SD-->PD
X-4378,BYL719,PIK3CA,single,-45.2,32,-23.93529411764706,64,119.0,119,SD
X-4378,BYL719 + LJM716,"PIK3CA,ERBB3,ERBB3,PIK3CA",combo,61.69999999999999,32,11.400000000000006,11,45.0,45,PD
X-4378,CLR457,"PIK3CA,PIK3CB,PIK3CG,PIK3CD,panPI3K",single,-14.299999999999995,34,3.7249999999999943,13,44.43890865954923,77,SD-->PD
X-4378,HDM201,MDM2,single,70.0,24,16.24000000000001,14,35.0,35,PD
X-4378,"figitumumab""",IGF1R,single,128.9,20,27.033333333333346,14,17.821608040201006,27,PD
X-4378,"figitumumab"" + binimetinib","IGF1R,MAPK",combo,10.599999999999994,29,24.72,13,29.0,29,SD-->PD
X-4378,gemcitabine-50mpk,chemotherapy,single,-28.700000000000003,73,-11.08387096774193,105,112.0,112,SD
X-4378,INC424,JAK,single,115.0,18,44.474999999999994,12,14.01219512195122,18,PD
X-4378,INC424 + binimetinib,"JAK,MAPK",combo,20.299999999999997,11,2.200000000000003,11,74.34073107049608,84,SD-->PD
X-4378,LEE011,"CDK4,CDK6,CDK4/6",single,106.5,21,51.140000000000015,13,13.634920634920634,44,PD
X-4378,WNT974,PORCN,single,151.9,28,58.69999999999999,12,9.517241379310343,41,PD
X-4378,LKA136,"NTRK1,NTRK2,NTRK3",single,207.8,21,64.52499999999998,13,8.85858585858586,27,PD
X-4378,binimetinib,"MAP2K1,MAP2K2,MAPK",single,-22.40000000000001,28,-12.799999999999995,11,49.0,49,SD-->PD
X-4378,binimetinib-3.5mpk,MAPK,single,184.5,20,47.24000000000001,12,13.123839009287924,23,PD
X-4378,untreated,"UNKNOWN,Untreated",single,87.30000000000001,21,25.325000000000003,12,26.369230769230768,63,PD
X-4426,BKM120,"PIK3CA,PIK3CB,PIK3CG,PIK3CD,panPI3K",single,107.9,20,47.25,11,12.701923076923078,22,PD
X-4426,BKM120 + encorafenib,"panPI3K,BRAF,BRAF,PIK3CA,PIK3CB,PIK3CG,PIK3CD",combo,10.299999999999995,34,52.0,12,11.992021276595745,34,PD
X-4426,CGM097,MDM2,single,231.4,20,56.38,13,11.544740973312402,20,PD
X-4426,LDE225,SMO,single,302.1,20,62.474999999999994,11,8.980343980343982,20,PD
X-4426,LDK378,ALK,single,222.5,20,28.5,11,14.18103448275862,20,PD
X-4426,LEE011,"CDK4,CDK6,CDK4/6",single,31.30000000000001,23,45.8857142857143,23,23.0,23,PD
X-4426,LEE011 + encorafenib,"CDK4/6,BRAF,BRAF,CDK4,CDK6",combo,-50.6,40,-4.2250000000000085,56,71.60719041278296,88,SD-->PD
X-4426,WNT974,PORCN,single,364.4,20,84.69999999999999,11,8.128342245989305,20,PD
X-4426,LGW813,IAP,single,229.4,20,53.55000000000001,11,10.040307101727446,26,PD
X-4426,encorafenib,BRAF,single,369.1,20,108.14,13,7.482059282371295,20,PD
X-4426,encorafenib + binimetinib,"BRAF,MAP2K1,MAP2K2,MAPK",combo,614.7,19,122.64,13,5.828025477707007,19,PD
X-4426,binimetinib,"MAP2K1,MAP2K2,MAPK",single,107.5,20,44.88,14,19.420103092783503,29,PD
X-4426,TAS266,DR5,single,-53.2,10,-32.16,16,32.33287858117326,41,PR-->PD
X-4426,untreated,"UNKNOWN,Untreated",single,757.9,18,183.0,12,3.7091866588648337,18,PD
X-4439,abraxane,Tubulin,single,125.8,20,-7.974999999999994,11,16.116968698517297,48,PD
X-4439,abraxane + gemcitabine,"Tubulin,chemotherapy",combo,-61.4,45,-27.457142857142856,48,48.0,48,PR
X-4439,BKM120,"PIK3CA,PIK3CB,PIK3CG,PIK3CD,panPI3K",single,-38.0,21,-14.733333333333334,51,51.0,51,SD
X-4439,BKM120 + LDE225,"panPI3K,SMO",combo,-50.7,40,-28.40000000000001,43,43.0,43,PR
X-4439,BKM120 + binimetinib,"panPI3K,MAPK,MAP2K1,MAP2K2,PIK3CA,PIK3CB,PIK3CG,PIK3CD",combo,-57.8,67,-24.270370370370372,94,94.0,94,PR-->PD
X-4439,BYL719,PIK3CA,single,-28.59999999999999,17,-16.72222222222223,28,83.0,83,SD
X-4439,BYL719 + LJM716,"PIK3CA,ERBB3,ERBB3,PIK3CA",combo,-41.4,49,-32.016666666666666,58,76.0,76,SD
X-4439,CLR457,"PIK3CA,PIK3CB,PIK3CG,PIK3CD,panPI3K",single,-24.299999999999997,38,-15.46875,52,83.0,83,SD
X-4439,HDM201,MDM2,single,42.19999999999999,21,7.5,11,28.786885245901637,31,PD
X-4439,"figitumumab""",IGF1R,single,79.19999999999999,20,43.84,13,21.8008658008658,33,PD
X-4439,"figitumumab"" + binimetinib","IGF1R,MAPK",combo,98.4,22,25.65000000000001,11,16.887096774193548,36,PD
X-4439,gemcitabine-50mpk,chemotherapy,single,22.0,66,35.81999999999999,15,20.960396039603964,94,PD
X-4439,INC424,JAK,single,63.099999999999994,21,12.924999999999995,11,32.24264705882353,45,PD
X-4439,INC424 + binimetinib,"JAK,MAPK",combo,-17.5,14,-9.840000000000003,14,84.0,84,SD-->PD
X-4439,LEE011,"CDK4,CDK6,CDK4/6",single,60.69999999999999,20,19.78,13,22.666666666666668,43,PD
X-4439,WNT974,PORCN,single,149.2,24,27.359999999999985,12,20.113744075829384,28,PD
X-4439,LKA136,"NTRK1,NTRK2,NTRK3",single,113.7,21,31.09999999999999,15,19.838983050847457,32,PD
X-4439,binimetinib,"MAP2K1,MAP2K2,MAPK",single,19.59999999999999,35,25.90000000000001,11,26.49425287356322,77,SD
X-4439,binimetinib-3.5mpk,MAPK,single,25.299999999999997,25,-11.224999999999994,11,30.17932922655715,36,SD-->PD
X-4439,untreated,"UNKNOWN,Untreated",single,120.4,23,31.72,13,17.693409742120345,51,PD
X-4455,BKM120,"PIK3CA,PIK3CB,PIK3CG,PIK3CD,panPI3K",single,419.9,12,131.975,12,8.395833333333332,12,PD
X-4455,BKM120 + encorafenib,"panPI3K,BRAF,BRAF,PIK3CA,PIK3CB,PIK3CG,PIK3CD",combo,485.4,21,79.45999999999998,12,8.139800285306706,21,PD
X-4455,CGM097,MDM2,single,164.60000000000002,20,34.05000000000001,12,11.920489296636086,23,PD
X-4455,CLR457,"PIK3CA,PIK3CB,PIK3CG,PIK3CD,panPI3K",single,169.60000000000002,21,36.859999999999985,15,12.528169014084508,21,PD
X-4455,LDE225,SMO,single,102.8,21,3.3499999999999943,12,17.377659574468083,21,PD
X-4455,LDK378,ALK,single,447.6,18,104.075,12,6.389458272327965,18,PD
X-4455,LEE011,"CDK4,CDK6,CDK4/6",single,-1.7999999999999972,17,16.840000000000003,17,23.0,23,SD-->PD
X-4455,LEE011 + encorafenib,"CDK4/6,BRAF,BRAF,CDK4,CDK6",combo,-4.900000000000006,9,-5.340000000000003,12,84.11462450592886,88,SD-->PD
X-4455,WNT974,PORCN,single,328.6,21,49.80000000000001,12,10.117897727272728,21,PD
X-4455,LGW813,IAP,single,336.4,21,43.07499999999999,12,11.113924050632912,21,PD
X-4455,encorafenib,BRAF,single,259.9,20,51.5,12,10.45800933125972,23,PD
X-4455,encorafenib + binimetinib,"BRAF,MAP2K1,MAP2K2,MAPK",combo,479.5,20,88.0,13,7.489953632148377,21,PD
X-4455,binimetinib,"MAP2K1,MAP2K2,MAPK",single,221.1,20,65.55000000000001,12,8.052307692307693,23,PD
X-4455,TAS266,DR5,single,98.7,20,44.67500000000001,12,7.899029126213592,23,PD
X-4455,untreated,"UNKNOWN,Untreated",single,740.4,21,101.43333333333332,11,5.4204451772464965,21,PD
X-4530,BKM120,"PIK3CA,PIK3CB,PIK3CG,PIK3CD,panPI3K",single,207.4,22,8.574999999999989,11,14.827433628318584,22,PD
X-4530,BKM120 + encorafenib,"panPI3K,BRAF,BRAF,PIK3CA,PIK3CB,PIK3CG,PIK3CD",combo,-19.5,13,-14.700000000000005,13,59.516768292682926,72,SD-->PD
X-4530,CGM097,MDM2,single,300.3,22,30.59999999999999,11,14.451781059947873,22,PD
X-4530,LDE225,SMO,single,85.30000000000001,21,9.125,15,22.580645161290324,29,PD
X-4530,LDK378,ALK,single,238.7,21,44.474999999999994,15,13.024186046511629,21,PD
X-4530,LEE011,"CDK4,CDK6,CDK4/6",single,270.7,20,42.95999999999998,12,11.515966386554622,20,PD
X-4530,LEE011 + encorafenib,"CDK4/6,BRAF,BRAF,CDK4,CDK6",combo,-100.0,36,-80.96111111111111,73,99.27480916030534,119,CR-->-->PD
X-4530,WNT974,PORCN,single,925.6,21,186.55,15,6.524617067833698,21,PD
X-4530,LGW813,IAP,single,243.9,16,68.17500000000001,11,7.406015037593985,16,PD
X-4530,encorafenib,BRAF,single,199.2,22,49.05000000000001,11,12.669014084507042,22,PD
X-4530,encorafenib + binimetinib,"BRAF,MAP2K1,MAP2K2,MAPK",combo,-82.1,24,-52.74285714285714,34,48.473099914602905,65,PR-->PD
X-4530,binimetinib,"MAP2K1,MAP2K2,MAPK",single,-32.5,15,-9.685714285714283,20,40.0,40,SD-->PD
X-4530,TAS266,DR5,single,499.0,18,93.5,11,7.1169811320754715,18,PD
X-4530,untreated,"UNKNOWN,Untreated",single,233.7,22,41.30000000000001,11,12.39247311827957,33,PD
X-4538,BKM120,"PIK3CA,PIK3CB,PIK3CG,PIK3CD,panPI3K",single,12.400000000000006,19,1.9749999999999943,11,36.3013698630137,47,SD-->PD
X-4538,BKM120 + encorafenib,"panPI3K,BRAF,BRAF,PIK3CA,PIK3CB,PIK3CG,PIK3CD",combo,-65.0,72,-49.2,102,158.78343949044586,182,PR-->-->PD
X-4538,CGM097,MDM2,single,60.900000000000006,25,39.640000000000015,13,27.624161073825505,38,PD
X-4538,LDE225,SMO,single,273.3,21,28.44,15,14.119565217391305,21,PD
X-4538,LDK378,ALK,single,352.1,21,76.52000000000001,15,10.855614973262032,21,PD
X-4538,LEE011,"CDK4,CDK6,CDK4/6",single,89.1,35,47.34,14,16.208791208791208,35,PD
X-4538,LEE011 + encorafenib,"CDK4/6,BRAF,BRAF,CDK4,CDK6",combo,-68.2,72,-51.99333333333333,119,182.0,182,PR-->-->PD
X-4538,WNT974,PORCN,single,317.9,21,77.84,15,10.052910052910054,21,PD
X-4538,LGW813,IAP,single,335.5,22,57.80000000000001,11,9.011560693641618,25,PD
X-4538,encorafenib,BRAF,single,-10.400000000000006,10,-7.760000000000005,14,39.0,39,SD-->PD
X-4538,encorafenib + binimetinib,"BRAF,MAP2K1,MAP2K2,MAPK",combo,-89.7,77,-72.23333333333333,119,182.0,182,PR-->-->PD
X-4538,binimetinib,"MAP2K1,MAP2K2,MAPK",single,100.1,22,38.650000000000006,11,21.992924528301888,32,PD
X-4538,TAS266,DR5,single,420.0,20,84.9,13,8.148,20,PD
X-4538,untreated,"UNKNOWN,Untreated",single,627.8,20,111.04000000000002,13,6.170798898071625,25,PD
X-4567,BGJ398,FGFR,single,82.9,25,17.575000000000003,11,26.401639344262296,42,PD
X-4567,BKM120,"PIK3CA,PIK3CB,PIK3CG,PIK3CD,panPI3K",single,-100.0,39,-84.84347826086957,84,84.0,84,CR
X-4567,BYL719,PIK3CA,single,-100.0,56,-85.16538461538461,95,95.0,95,CR
X-4567,BYL719 + LEE011,"PIK3CA,CDK4/6",combo,-100.0,74,-84.77916666666667,88,88.0,88,CR
X-4567,BYL719 + LJM716,"PIK3CA,ERBB3,ERBB3,PIK3CA",combo,-97.2,85,-85.3576923076923,95,95.0,95,CR
X-4567,CGM097,MDM2,single,62.30000000000001,24,-4.450000000000003,11,16.827751196172247,59,PD
X-4567,CLR457,"PIK3CA,PIK3CB,PIK3CG,PIK3CD,panPI3K",single,-99.6,90,-79.28461538461539,94,94.0,94,CR
X-4567,HDM201,MDM2,single,-4.700000000000003,11,-7.049999999999997,11,50.404924760601915,80,SD-->PD
X-4567,INC424,JAK,single,-31.0,25,-5.561538461538461,42,64.57758620689656,91,SD-->PD
X-4567,LEE011,"CDK4,CDK6,CDK4/6",single,13.5,74,37.025000000000006,11,39.704,109,PD
X-4567,LEE011 + everolimus,"CDK4,CDK6,MTOR,CDK4/6",combo,-97.1,94,-73.3344827586207,104,104.0,104,CR
X-4567,LFA102,PRLR ,single,79.0,20,12.620000000000005,13,25.027397260273972,41,PD
X-4567,LJM716,ERBB3,single,-21.299999999999997,69,-15.22,13,104.0,104,SD-->-->PD
X-4567,LJM716 + trastuzumab,"ERBB3,ERBB2",combo,-100.0,10,-91.752,90,90.0,90,CR
X-4567,LKA136,"NTRK1,NTRK2,NTRK3",single,88.5,20,19.559999999999988,13,21.39393939393939,41,PD
X-4567,LLM871,FGFR2/4,single,-100.0,38,-80.9,69,69.0,69,CR
X-4567,binimetinib,"MAP2K1,MAP2K2,MAPK",single,-80.3,97,-43.470370370370375,97,97.0,97,PR
X-4567,trastuzumab,ERBB2,single,57.900000000000006,24,28.40000000000001,14,31.852272727272727,76,PD
X-4567,untreated,"UNKNOWN,Untreated",single,325.6,20,94.55,14,7.848888888888888,27,PD
X-4567,LFW527 + everolimus,"IGF1R,MTOR",combo,-68.1,46,-44.90588235294118,56,56.0,56,PR
X-4644,BKM120,"PIK3CA,PIK3CB,PIK3CG,PIK3CD,panPI3K",single,126.9,20,12.699999999999989,11,19.020631067961165,24,PD
X-4644,BKM120 + encorafenib,"panPI3K,BRAF,BRAF,PIK3CA,PIK3CB,PIK3CG,PIK3CD",combo,-100.0,21,-94.55,223,247.0,247,CR-->-->PD
X-4644,CGM097,MDM2,single,460.4,20,122.175,13,5.710860366713681,20,PD
X-4644,CLR457,"PIK3CA,PIK3CB,PIK3CG,PIK3CD,panPI3K",single,218.4,21,41.599999999999994,11,11.36138613861386,21,PD
X-4644,LDE225,SMO,single,256.7,20,82.11999999999998,13,7.851351351351352,20,PD
X-4644,LDK378,ALK,single,476.7999999999999,20,88.80000000000001,13,7.922535211267606,20,PD
X-4644,LEE011,"CDK4,CDK6,CDK4/6",single,338.4,20,77.225,13,8.546456692913386,20,PD
X-4644,LEE011 + encorafenib,"CDK4/6,BRAF,BRAF,CDK4,CDK6",combo,-100.0,18,-95.03888888888888,182,235.47410358565736,244,CR-->-->PD
X-4644,WNT974,PORCN,single,631.5,21,81.78,14,10.514251061249242,21,PD
X-4644,LGW813,IAP,single,637.5,21,128.36,14,6.365535248041776,21,PD
X-4644,encorafenib,BRAF,single,-68.0,20,-52.644444444444446,30,84.02564102564102,98,PR-->PD
X-4644,encorafenib + binimetinib,"BRAF,MAP2K1,MAP2K2,MAPK",combo,-100.0,20,-95.44878048780488,227,237.0,237,CR
X-4644,binimetinib,"MAP2K1,MAP2K2,MAPK",single,-46.0,24,-29.69999999999999,27,76.40920716112532,85,SD-->PD
X-4644,TAS266,DR5,single,571.1,20,99.25,13,8.058470764617692,20,PD
X-4644,untreated,"UNKNOWN,Untreated",single,616.0,20,166.8,13,5.058608058608058,20,PD
X-4649,abraxane,Tubulin,single,130.6,20,33.10000000000002,11,15.606060606060606,41,PD
X-4649,abraxane + gemcitabine,"Tubulin,chemotherapy",combo,-26.299999999999997,42,-2.2133333333333383,48,79.0,79,SD-->PD
X-4649,BKM120,"PIK3CA,PIK3CB,PIK3CG,PIK3CD,panPI3K",single,29.0,16,19.25999999999999,13,57.0,57,SD-->PD
X-4649,BKM120 + LDE225,"panPI3K,SMO",combo,-6.0,67,31.75,11,13.224137931034482,94,PD
X-4649,BKM120 + binimetinib,"panPI3K,MAPK,MAP2K1,MAP2K2,PIK3CA,PIK3CB,PIK3CG,PIK3CD",combo,-26.700000000000003,77,-10.587499999999991,80,94.0,94,SD-->-->PD
X-4649,BYL719,PIK3CA,single,0.2999999999999971,22,5.018181818181816,36,46.0,46,SD
X-4649,BYL719 + LJM716,"PIK3CA,ERBB3,ERBB3,PIK3CA",combo,-20.0,14,-11.55714285714285,21,62.0,62,SD-->PD
X-4649,CLR457,"PIK3CA,PIK3CB,PIK3CG,PIK3CD,panPI3K",single,-7.700000000000003,35,8.759999999999991,14,41.0,41,SD
X-4649,HDM201,MDM2,single,10.400000000000006,10,6.740000000000009,14,59.45112781954887,62,SD-->PD
X-4649,"figitumumab""",IGF1R,single,165.60000000000002,20,29.819999999999993,13,14.249484536082472,34,PD
X-4649,"figitumumab"" + binimetinib","IGF1R,MAPK",combo,20.200000000000003,17,23.24000000000001,17,17.0,17,SD
X-4649,gemcitabine-50mpk,chemotherapy,single,-33.7,15,-5.700000000000003,15,15.0,15,SD
X-4649,INC424,JAK,single,134.1,21,46.78,14,15.317857142857145,56,PD
X-4649,INC424 + binimetinib,"JAK,MAPK",combo,83.80000000000001,23,40.19999999999999,13,11.289473684210526,93,PD
X-4649,LEE011,"CDK4,CDK6,CDK4/6",single,120.0,13,52.44,13,11.029556650246306,13,PD
X-4649,WNT974,PORCN,single,333.9,24,65.45999999999998,12,9.041763341067284,28,PD
X-4649,LKA136,"NTRK1,NTRK2,NTRK3",single,40.5,21,18.61666666666667,14,30.502608695652174,46,PD
X-4649,binimetinib,"MAP2K1,MAP2K2,MAPK",single,9.0,35,13.575000000000005,11,77.0,77,SD-->PD
X-4649,binimetinib-3.5mpk,MAPK,single,160.0,20,68.57999999999998,12,9.766423357664234,23,PD
X-4649,untreated,"UNKNOWN,Untreated",single,74.69999999999999,22,23.424999999999997,11,24.440514469453376,60,PD
X-4668,BKM120,"PIK3CA,PIK3CB,PIK3CG,PIK3CD,panPI3K",single,227.3,20,43.0,14,13.988919667590029,20,PD
X-4668,BKM120 + encorafenib,"panPI3K,BRAF,BRAF,PIK3CA,PIK3CB,PIK3CG,PIK3CD",combo,-26.5,14,-20.06,14,44.0,44,SD-->PD
X-4668,CGM097,MDM2,single,222.0,20,62.400000000000006,14,9.422018348623851,20,PD
X-4668,LDE225,SMO,single,211.3,11,107.65,11,6.1358490566037736,11,PD
X-4668,LDK378,ALK,single,514.8,18,96.975,12,6.968253968253968,18,PD
X-4668,LEE011,"CDK4,CDK6,CDK4/6",single,5.299999999999997,10,12.47999999999999,14,14.0,14,SD
X-4668,LEE011 + encorafenib,"CDK4/6,BRAF,BRAF,CDK4,CDK6",combo,-39.4,22,-32.2375,25,96.4074074074074,108,SD-->-->PD
X-4668,WNT974,PORCN,single,221.6,14,59.67500000000001,11,9.414355628058727,14,PD
X-4668,LGW813,IAP,single,392.3,20,81.94,14,8.836641221374045,20,PD
X-4668,encorafenib,BRAF,single,57.900000000000006,20,-7.920000000000002,14,27.61111111111112,37,PD
X-4668,encorafenib + binimetinib,"BRAF,MAP2K1,MAP2K2,MAPK",combo,-30.700000000000003,16,-19.36363636363636,35,101.15625,105,SD-->PD
X-4668,binimetinib,"MAP2K1,MAP2K2,MAPK",single,85.9,20,19.5,14,21.09727626459144,37,PD
X-4668,TAS266,DR5,single,-100.0,48,-90.24318181818182,251,251.0,251,CR
X-4668,untreated,"UNKNOWN,Untreated",single,513.8,20,132.17999999999998,14,7.27129750982962,20,PD
X-4676,abraxane,Tubulin,single,338.9,15,106.3,12,7.705539358600583,15,PD
X-4676,abraxane + gemcitabine,"Tubulin,chemotherapy",combo,-68.4,48,-17.464285714285708,48,48.0,48,SD
X-4676,BKM120,"PIK3CA,PIK3CB,PIK3CG,PIK3CD,panPI3K",single,16.099999999999994,41,7.275000000000006,11,41.0,41,SD-->PD
X-4676,BKM120 + LDE225,"panPI3K,SMO",combo,-51.5,48,-38.74666666666667,48,93.0,93,PR-->PD
X-4676,BKM120 + binimetinib,"panPI3K,MAPK,MAP2K1,MAP2K2,PIK3CA,PIK3CB,PIK3CG,PIK3CD",combo,-100.0,93,-46.434615384615384,96,96.0,96,CR
X-4676,BYL719,PIK3CA,single,237.3,21,77.125,11,8.196113074204947,36,PD
X-4676,BYL719 + LJM716,"PIK3CA,ERBB3,ERBB3,PIK3CA",combo,79.30000000000001,20,17.224999999999994,11,38.0,38,PD
X-4676,CLR457,"PIK3CA,PIK3CB,PIK3CG,PIK3CD,panPI3K",single,85.6,21,12.5,11,21.639289678135405,42,PD
X-4676,HDM201,MDM2,single,105.7,21,1.7999999999999972,11,18.0,28,PD
X-4676,"figitumumab""",IGF1R,single,127.7,22,19.700000000000003,12,19.754054054054055,36,PD
X-4676,"figitumumab"" + binimetinib","IGF1R,MAPK",combo,108.6,17,57.224999999999994,11,14.225806451612904,17,PD
X-4676,gemcitabine-50mpk,chemotherapy,single,-79.7,97,-37.00689655172414,97,97.0,97,PR
X-4676,INC424,JAK,single,265.8,21,62.80000000000001,11,9.88622754491018,21,PD
X-4676,INC424 + binimetinib,"JAK,MAPK",combo,-28.299999999999997,25,-10.444444444444445,59,84.0,84,SD-->PD
X-4676,LEE011,"CDK4,CDK6,CDK4/6",single,304.4,15,95.55,12,6.953177257525083,15,PD
X-4676,WNT974,PORCN,single,167.3,20,69.92000000000002,13,7.631578947368421,26,PD
X-4676,LKA136,"NTRK1,NTRK2,NTRK3",single,111.0,20,12.625,12,18.633540372670808,34,PD
X-4676,binimetinib,"MAP2K1,MAP2K2,MAPK",single,-100.0,83,-38.224,96,96.0,96,PR
X-4676,binimetinib-3.5mpk,MAPK,single,219.4,19,57.34,12,9.794729542302358,19,PD
X-4676,untreated,"UNKNOWN,Untreated",single,267.0,20,70.78,13,6.948412698412699,29,PD
X-4819,BGJ398,FGFR,single,207.8,5,113.76666666666664,5,3.0,5,PD
X-4819,BKM120,"PIK3CA,PIK3CB,PIK3CG,PIK3CD,panPI3K",single,475.2000000000001,11,204.82000000000005,11,4.73936170212766,11,PD
X-4819,BKM120 + binimetinib,"panPI3K,MAPK,MAP2K1,MAP2K2,PIK3CA,PIK3CB,PIK3CG,PIK3CD",combo,256.4,5,133.9,5,3.0,5,PD
X-4819,BYL719,PIK3CA,single,398.7,11,173.03999999999996,11,4.061488673139159,11,PD
X-4819,BYL719 + LGH447,"PIK3CA,PIM",combo,224.5,5,131.23333333333335,5,3.0,5,PD
X-4819,BYL719 + LJM716,"PIK3CA,ERBB3,ERBB3,PIK3CA",combo,435.4,5,233.5333333333333,5,3.0,5,PD
X-4819,CGM097,MDM2,single,290.6,5,162.7,5,3.0,5,PD
X-4819,CKX620,MAPK,single,-58.1,17,-14.383333333333326,17,29.485004284490145,46,SD-->PD
X-4819,CLR457,"PIK3CA,PIK3CB,PIK3CG,PIK3CD,panPI3K",single,442.7999999999999,20,90.06,13,5.863221884498481,20,PD
X-4819,HDM201,MDM2,single,388.8,5,189.09999999999997,5,3.0,5,PD
X-4819,HSP990,HSP90,single,253.8,5,131.0666666666667,5,3.0,5,PD
X-4819,INC280,MET,single,601.0,11,226.96,11,3.955555555555556,11,PD
X-4819,LCL161 + paclitaxel,"BIRC2,TUBB,Tubulin",combo,492.2000000000001,11,161.14,11,6.694082246740221,11,PD
X-4819,LEE011,"CDK4,CDK6,CDK4/6",single,316.0,5,187.86666666666667,5,3.0,5,PD
X-4819,LGH447,PIM,single,364.4,11,196.91999999999996,11,3.375992939099735,11,PD
X-4819,LLM871,FGFR2/4,single,344.2,10,182.0,10,3.0,10,PD
X-4819,binimetinib,"MAP2K1,MAP2K2,MAPK",single,-8.799999999999997,13,17.900000000000006,13,20.86176232821342,27,SD-->PD
X-4819,untreated,"UNKNOWN,Untreated",single,253.4,5,123.76666666666664,5,3.0,5,PD
X-4819,LFW527 + binimetinib,"IGF1R,MAP2K1,MAP2K2",combo,556.6,20,100.5,13,5.529411764705882,21,PD
X-4824,BGJ398,FGFR,single,165.39999999999998,22,27.77500000000001,11,13.502808988764045,34,PD
X-4824,BKM120,"PIK3CA,PIK3CB,PIK3CG,PIK3CD,panPI3K",single,-27.0,68,-5.4375,88,88.0,88,SD
X-4824,BYL719,PIK3CA,single,5.799999999999997,11,1.4000000000000057,11,39.0,39,SD-->PD
X-4824,BYL719 + LEE011,"PIK3CA,CDK4/6",combo,-63.3,50,-12.739999999999997,50,50.0,50,SD
X-4824,BYL719 + LJM716,"PIK3CA,ERBB3,ERBB3,PIK3CA",combo,10.900000000000006,15,10.150000000000006,11,43.0,43,SD-->PD
X-4824,CGM097,MDM2,single,143.1,22,25.875,11,14.549295774647888,34,PD
X-4824,CLR457,"PIK3CA,PIK3CB,PIK3CG,PIK3CD,panPI3K",single,-54.4,40,-30.35384615384615,43,43.0,43,PR
X-4824,HDM201,MDM2,single,138.0,20,21.799999999999997,13,17.93103448275862,40,PD
X-4824,INC424,JAK,single,75.69999999999999,23,41.5,12,33.0,33,PD
X-4824,LEE011,"CDK4,CDK6,CDK4/6",single,85.0,22,17.424999999999997,11,33.25581395348837,34,PD
X-4824,LEE011 + everolimus,"CDK4,CDK6,MTOR,CDK4/6",combo,-84.0,94,-46.5,94,94.0,94,PR
X-4824,LFA102,PRLR ,single,69.9,21,18.799999999999997,11,28.861751152073733,35,PD
X-4824,LJM716,ERBB3,single,50.69999999999999,23,10.72,12,35.371428571428574,37,PD
X-4824,LJM716 + trastuzumab,"ERBB3,ERBB2",combo,-28.799999999999997,75,-13.285714285714292,92,92.0,92,SD
X-4824,LKA136,"NTRK1,NTRK2,NTRK3",single,152.0,23,31.375,12,18.168067226890756,33,PD
X-4824,LLM871,FGFR2/4,single,60.0,21,27.90000000000001,11,35.0,35,PD
X-4824,binimetinib,"MAP2K1,MAP2K2,MAPK",single,1.9000000000000057,38,9.959999999999994,13,45.0,45,SD
X-4824,trastuzumab,ERBB2,single,137.1,21,28.75,11,16.86282306163022,21,PD
X-4824,untreated,"UNKNOWN,Untreated",single,199.0,21,39.30000000000001,11,12.882882882882882,34,PD
X-4832,BKM120,"PIK3CA,PIK3CB,PIK3CG,PIK3CD,panPI3K",single,319.1,14,121.5,14,6.0,14,PD
X-4832,BKM120 + encorafenib,"panPI3K,BRAF,BRAF,PIK3CA,PIK3CB,PIK3CG,PIK3CD",combo,111.1,14,63.25,11,9.31063122923588,14,PD
X-4832,CGM097,MDM2,single,-20.5,14,2.3499999999999943,14,14.0,14,SD
X-4832,LDE225,SMO,single,289.3,7,133.29999999999998,7,4.0,7,PD
X-4832,LDK378,ALK,single,128.6,6,59.96666666666667,6,4.890038809831824,6,PD
X-4832,LEE011,"CDK4,CDK6,CDK4/6",single,164.5,9,99.73333333333336,9,6.0,9,PD
X-4832,LEE011 + encorafenib,"CDK4/6,BRAF,BRAF,CDK4,CDK6",combo,50.80000000000001,22,50.19999999999999,11,22.0,22,PD
X-4832,WNT974,PORCN,single,223.3,14,91.65,11,6.469493278179938,14,PD
X-4832,LGW813,IAP,single,201.2,19,78.875,12,8.33939774153074,19,PD
X-4832,encorafenib,BRAF,single,643.4,14,323.92499999999995,14,6.0,14,PD
X-4832,encorafenib + binimetinib,"BRAF,MAP2K1,MAP2K2,MAPK",combo,212.5,22,59.349999999999994,11,9.45318352059925,22,PD
X-4832,binimetinib,"MAP2K1,MAP2K2,MAPK",single,288.6,21,69.475,14,10.86652763295099,21,PD
X-4832,TAS266,DR5,single,488.7000000000001,21,81.85,14,10.085805084745765,21,PD
X-4832,untreated,"UNKNOWN,Untreated",single,498.4,14,289.475,14,6.0,14,PD
X-4849,BKM120,"PIK3CA,PIK3CB,PIK3CG,PIK3CD,panPI3K",single,168.3,20,67.12,13,7.875894988066826,20,PD
X-4849,BKM120 + encorafenib,"panPI3K,BRAF,BRAF,PIK3CA,PIK3CB,PIK3CG,PIK3CD",combo,-78.4,217,-48.196226415094344,237,237.0,237,PR
X-4849,CGM097,MDM2,single,44.30000000000001,21,8.299999999999997,11,24.0,24,PD
X-4849,CLR457,"PIK3CA,PIK3CB,PIK3CG,PIK3CD,panPI3K",single,156.7,20,28.25,12,12.511916110581506,27,PD
X-4849,LDE225,SMO,single,32.400000000000006,9,16.799999999999997,9,9.0,9,SD
X-4849,LDK378,ALK,single,347.6,21,83.94,14,6.600425079702443,24,PD
X-4849,LEE011,"CDK4,CDK6,CDK4/6",single,72.69999999999999,24,38.31999999999999,13,24.0,24,PD
X-4849,LEE011 + encorafenib,"CDK4/6,BRAF,BRAF,CDK4,CDK6",combo,-29.0,11,-17.950000000000003,11,77.0,77,SD-->-->PD
X-4849,LEE011 + binimetinib,"CDK4,CDK6,MAP2K1,MAP2K2,CDK4/6,MAPK",combo,-41.3,13,-27.700000000000003,20,63.904632152588555,65,SD-->PD
X-4849,WNT974,PORCN,single,430.7000000000001,15,148.8,14,5.808971384377417,15,PD
X-4849,LGW813,IAP,single,193.5,13,84.52000000000001,13,9.421052631578949,13,PD
X-4849,encorafenib,BRAF,single,268.1,20,43.69999999999999,11,10.881656804733728,24,PD
X-4849,encorafenib + binimetinib,"BRAF,MAP2K1,MAP2K2,MAPK",combo,-8.400000000000006,28,4.8500000000000085,47,77.0,77,SD-->PD
X-4849,binimetinib,"MAP2K1,MAP2K2,MAPK",single,53.5,20,29.420000000000016,13,24.0,24,PD
X-4849,TAS266,DR5,single,494.7999999999999,21,135.025,11,3.724179829890645,24,PD
X-4849,untreated,"UNKNOWN,Untreated",single,359.7,21,134.1,11,3.0,24,PD
X-4888,BGJ398,FGFR,single,-15.400000000000006,11,-8.820000000000007,14,84.0,84,SD-->PD
X-4888,BKM120,"PIK3CA,PIK3CB,PIK3CG,PIK3CD,panPI3K",single,60.099999999999994,28,24.450000000000003,11,41.95238095238095,77,PD
X-4888,BYL719,PIK3CA,single,-11.099999999999994,32,8.333333333333329,60,84.0,84,SD-->-->PD
X-4888,BYL719 + LEE011,"PIK3CA,CDK4/6",combo,-54.3,95,-24.36071428571428,102,102.0,102,PR
X-4888,BYL719 + LJM716,"PIK3CA,ERBB3,ERBB3,PIK3CA",combo,6.200000000000003,17,13.983333333333334,17,44.6875,80,SD-->PD
X-4888,CGM097,MDM2,single,88.5,21,36.525000000000006,11,21.585241730279897,70,PD
X-4888,CLR457,"PIK3CA,PIK3CB,PIK3CG,PIK3CD,panPI3K",single,-4.599999999999994,11,-5.075000000000003,11,85.28519855595668,112,SD-->PD
X-4888,HDM201,MDM2,single,40.19999999999999,21,17.0,11,45.14583333333333,84,PD
X-4888,INC424,JAK,single,67.30000000000001,21,19.200000000000003,14,27.272727272727273,59,PD
X-4888,LEE011,"CDK4,CDK6,CDK4/6",single,-1.2999999999999972,52,18.65714285714286,52,94.0,94,SD-->PD
X-4888,LEE011 + everolimus,"CDK4,CDK6,MTOR,CDK4/6",combo,-30.0,87,-8.212500000000006,115,115.0,115,SD
X-4888,LFA102,PRLR ,single,-11.0,10,-5.840000000000003,13,31.313111545988257,48,SD-->PD
X-4888,LJM716,ERBB3,single,136.8,21,52.67500000000001,11,10.76140350877193,35,PD
X-4888,LJM716 + trastuzumab,"ERBB3,ERBB2",combo,107.4,20,19.120000000000005,13,19.204301075268816,90,PD
X-4888,LKA136,"NTRK1,NTRK2,NTRK3",single,122.4,25,49.775000000000006,11,16.531250000000004,53,PD
X-4888,LLM871,FGFR2/4,single,22.0,20,21.40000000000001,13,38.12359550561798,69,SD
X-4888,binimetinib,"MAP2K1,MAP2K2,MAPK",single,36.900000000000006,21,13.149999999999991,11,39.668508287292816,98,PD
X-4888,trastuzumab,ERBB2,single,154.7,20,50.30000000000001,13,17.13111888111888,48,PD
X-4888,untreated,"UNKNOWN,Untreated",single,93.4,21,31.30000000000001,11,22.015384615384615,56,PD
X-4888,LFW527 + everolimus,"IGF1R,MTOR",combo,-14.599999999999994,10,-5.200000000000003,14,52.77536231884058,66,SD-->PD
X-4927,abraxane,Tubulin,single,386.3,17,91.425,11,5.187096774193549,17,PD
X-4927,abraxane + gemcitabine,"Tubulin,chemotherapy",combo,-65.6,38,-30.42857142857143,48,48.0,48,PR
X-4927,BKM120,"PIK3CA,PIK3CB,PIK3CG,PIK3CD,panPI3K",single,616.7,21,161.10000000000002,13,5.120967741935484,21,PD
X-4927,BKM120 + LDE225,"panPI3K,SMO",combo,19.700000000000003,18,13.450000000000005,11,35.64273504273504,55,SD-->PD
X-4927,BKM120 + binimetinib,"panPI3K,MAPK,MAP2K1,MAP2K2,PIK3CA,PIK3CB,PIK3CG,PIK3CD",combo,-68.1,49,-30.60416666666667,81,81.0,81,PR
X-4927,BYL719,PIK3CA,single,319.4,18,85.67500000000001,11,6.37219730941704,18,PD
X-4927,BYL719 + LJM716,"PIK3CA,ERBB3,ERBB3,PIK3CA",combo,-41.8,9,-13.349999999999994,14,25.396984924623116,52,SD-->PD
X-4927,HDM201,MDM2,single,179.5,20,97.94,14,9.859060402684564,32,PD
X-4927,"figitumumab""",IGF1R,single,209.0,17,61.82499999999999,11,7.030741410488246,17,PD
X-4927,"figitumumab"" + binimetinib","IGF1R,MAPK",combo,701.4,20,57.76666666666665,12,7.803732691149911,20,PD
X-4927,gemcitabine-50mpk,chemotherapy,single,-70.5,19,-39.13333333333334,25,41.348,60,PR-->PD
X-4927,INC424,JAK,single,196.3,24,48.52000000000001,16,12.525906735751295,28,PD
X-4927,INC424 + binimetinib,"JAK,MAPK",combo,187.2,21,16.650000000000006,11,18.13785557986871,62,PD
X-4927,LEE011,"CDK4,CDK6,CDK4/6",single,50.099999999999994,36,33.97999999999999,13,24.030042918454935,50,PD
X-4927,WNT974,PORCN,single,286.1,16,98.6,13,6.872832369942197,16,PD
X-4927,LKA136,"NTRK1,NTRK2,NTRK3",single,346.1,19,59.849999999999994,11,8.818181818181818,19,PD
X-4927,binimetinib,"MAP2K1,MAP2K2,MAPK",single,-48.5,84,-25.988461538461536,94,94.0,94,SD
X-4927,binimetinib-3.5mpk,MAPK,single,477.4,20,120.84,12,6.329797492767599,23,PD
X-4927,untreated,"UNKNOWN,Untreated",single,501.7999999999999,19,128.39999999999998,11,5.29595015576324,19,PD
X-4949,BGJ398,FGFR,single,57.900000000000006,21,39.17500000000001,13,23.950934579439252,41,PD
X-4949,BKM120,"PIK3CA,PIK3CB,PIK3CG,PIK3CD,panPI3K",single,-47.0,18,-21.16666666666667,26,26.0,26,SD
X-4949,BYL719,PIK3CA,single,-11.5,10,-7.0,13,38.4478672985782,41,SD-->PD
X-4949,BYL719 + LEE011,"PIK3CA,CDK4/6",combo,-29.59999999999999,11,-16.620000000000005,11,24.708089097303635,32,SD-->PD
X-4949,BYL719 + LJM716,"PIK3CA,ERBB3,ERBB3,PIK3CA",combo,59.599999999999994,22,-10.0,12,39.23076923076923,46,PD
X-4949,CGM097,MDM2,single,223.7,21,75.94999999999999,13,8.694656488549619,27,PD
X-4949,CLR457,"PIK3CA,PIK3CB,PIK3CG,PIK3CD,panPI3K",single,196.5,21,63.375,13,12.043545878693624,41,PD
X-4949,HDM201,MDM2,single,122.7,21,100.75,13,7.971246006389776,27,PD
X-4949,INC424,JAK,single,322.6,22,35.900000000000006,12,12.472543352601155,32,PD
X-4949,LEE011,"CDK4,CDK6,CDK4/6",single,101.7,20,16.320000000000007,14,19.495049504950497,27,PD
X-4949,LEE011 + everolimus,"CDK4,CDK6,MTOR,CDK4/6",combo,7.200000000000003,15,6.240000000000009,11,26.935967302452315,32,SD-->PD
X-4949,LFA102,PRLR ,single,227.2,21,82.64999999999998,13,10.407734806629836,27,PD
X-4949,LJM716,ERBB3,single,134.1,20,26.459999999999994,14,18.001953125,34,PD
X-4949,LJM716 + trastuzumab,"ERBB3,ERBB2",combo,139.0,20,17.379999999999995,14,18.620283018867923,34,PD
X-4949,LKA136,"NTRK1,NTRK2,NTRK3",single,456.7000000000001,22,78.9,12,6.044251626898047,26,PD
X-4949,LLM871,FGFR2/4,single,152.6,21,19.459999999999994,13,14.921641791044776,27,PD
X-4949,binimetinib,"MAP2K1,MAP2K2,MAPK",single,172.7,22,30.125,12,13.366492146596858,46,PD
X-4949,trastuzumab,ERBB2,single,95.0,24,36.079999999999984,14,18.287610619469024,34,PD
X-4949,untreated,"UNKNOWN,Untreated",single,615.5,20,154.84,14,4.550724637681158,20,PD
X-5189,BKM120,"PIK3CA,PIK3CB,PIK3CG,PIK3CD,panPI3K",single,0.5999999999999943,13,-0.2000000000000028,13,18.0,18,SD
X-5189,BKM120 + encorafenib,"panPI3K,BRAF,BRAF,PIK3CA,PIK3CB,PIK3CG,PIK3CD",combo,74.6,21,12.650000000000006,14,21.0,21,PD
X-5189,CGM097,MDM2,single,75.30000000000001,21,10.349999999999994,11,24.33362910381544,35,PD
X-5189,CLR457,"PIK3CA,PIK3CB,PIK3CG,PIK3CD,panPI3K",single,74.4,23,31.15000000000001,13,24.0,24,PD
X-5189,LDE225,SMO,single,5.299999999999997,13,10.125,13,18.0,18,SD
X-5189,LDK378,ALK,single,156.2,21,23.65000000000001,13,16.023255813953487,21,PD
X-5189,LEE011,"CDK4,CDK6,CDK4/6",single,14.400000000000006,11,2.75,11,35.0,35,SD-->PD
X-5189,LEE011 + encorafenib,"CDK4/6,BRAF,BRAF,CDK4,CDK6",combo,141.8,21,54.724999999999994,14,11.443609022556393,21,PD
X-5189,LEE011 + binimetinib,"CDK4,CDK6,MAP2K1,MAP2K2,CDK4/6,MAPK",combo,-90.7,35,-63.144444444444446,41,41.0,41,PR
X-5189,WNT974,PORCN,single,695.5,18,203.425,13,4.0,18,PD
X-5189,LGW813,IAP,single,22.299999999999997,18,1.2999999999999972,13,32.0,32,SD-->PD
X-5189,encorafenib,BRAF,single,486.6,21,162.05,11,3.0,21,PD
X-5189,encorafenib + binimetinib,"BRAF,MAP2K1,MAP2K2,MAPK",combo,-56.8,21,-34.514285714285705,27,58.0,58,PR-->PD
X-5189,binimetinib,"MAP2K1,MAP2K2,MAPK",single,-70.6,16,-34.525000000000006,28,64.0,64,PR-->PD
X-5189,TAS266,DR5,single,-86.5,11,-72.38181818181818,42,92.0,92,PR-->PD
X-5189,untreated,"UNKNOWN,Untreated",single,495.7999999999999,21,132.425,11,3.9642105263157896,21,PD
X-5205,abraxane + gemcitabine,"Tubulin,chemotherapy",combo,-82.6,48,-65.19411764705882,58,58.0,58,PR
X-5205,BKM120,"PIK3CA,PIK3CB,PIK3CG,PIK3CD,panPI3K",single,118.8,25,26.0,11,15.58746736292428,34,PD
X-5205,BKM120 + LDE225,"panPI3K,SMO",combo,-77.3,36,-43.76,55,86.0,86,PR-->PD
X-5205,BKM120 + binimetinib,"panPI3K,MAPK,MAP2K1,MAP2K2,PIK3CA,PIK3CB,PIK3CG,PIK3CD",combo,-43.6,35,-25.48461538461538,49,84.0,84,SD-->-->PD
X-5205,BYL719,PIK3CA,single,-0.5,11,-2.9000000000000057,11,45.0,45,SD-->PD
X-5205,BYL719 + LJM716,"PIK3CA,ERBB3,ERBB3,PIK3CA",combo,48.900000000000006,21,7.775000000000006,11,32.37850467289719,45,PD
X-5205,CLR457,"PIK3CA,PIK3CB,PIK3CG,PIK3CD,panPI3K",single,44.099999999999994,24,20.15000000000001,11,35.58064516129032,45,PD
X-5205,HDM201,MDM2,single,-95.6,24,-68.225,24,24.0,24,CR
X-5205,"figitumumab""",IGF1R,single,38.19999999999999,37,-4.325000000000003,12,40.79723502304147,83,PD
X-5205,gemcitabine-50mpk,chemotherapy,single,-100.0,83,-76.68709677419355,112,112.0,112,CR
X-5205,INC424 + binimetinib,"JAK,MAPK",combo,59.599999999999994,25,12.775000000000006,11,32.81643835616438,62,PD
X-5205,WNT974,PORCN,single,60.80000000000001,27,13.440000000000012,13,34.39087546239211,62,PD
X-5205,LKA136,"NTRK1,NTRK2,NTRK3",single,12.200000000000005,10,3.0799999999999983,14,35.705705705705704,38,SD-->PD
X-5205,binimetinib,"MAP2K1,MAP2K2,MAPK",single,-9.200000000000005,9,3.7166666666666544,16,34.0,34,SD-->PD
X-5205,binimetinib-3.5mpk,MAPK,single,-100.0,33,-48.208333333333336,46,46.0,46,CR
X-5205,untreated,"UNKNOWN,Untreated",single,268.6,20,75.68,13,7.454545454545454,30,PD
X-5238,LFW527 + binimetinib,"IGF1R,MAP2K1,MAP2K2",combo,89.69999999999999,22,27.299999999999997,14,30.270270270270267,45,PD
X-5249,BGJ398,FGFR,single,-100.0,63,-84.652,91,91.0,91,CR
X-5249,BKM120,"PIK3CA,PIK3CB,PIK3CG,PIK3CD,panPI3K",single,-34.099999999999994,11,-18.179999999999993,11,40.0,40,SD-->PD
X-5249,BYL719,PIK3CA,single,296.9,20,77.42500000000001,14,8.380119005950299,28,PD
X-5249,BYL719 + LEE011,"PIK3CA,CDK4/6",combo,-37.7,27,-13.699999999999989,31,31.0,31,SD
X-5249,BYL719 + LJM716,"PIK3CA,ERBB3,ERBB3,PIK3CA",combo,152.2,22,52.17500000000001,12,9.531428571428568,32,PD
X-5249,CGM097,MDM2,single,177.7,21,83.125,13,8.417630057803468,27,PD
X-5249,CLR457,"PIK3CA,PIK3CB,PIK3CG,PIK3CD,panPI3K",single,78.4,25,29.566666666666663,15,27.794824399260627,32,PD
X-5249,HDM201,MDM2,single,199.4,20,37.875,14,12.13157894736842,28,PD
X-5249,INC424,JAK,single,380.1,26,89.47999999999999,12,4.345744680851064,32,PD
X-5249,LEE011,"CDK4,CDK6,CDK4/6",single,-72.7,17,-38.375,27,51.36296296296296,56,PR-->PD
X-5249,LEE011 + everolimus,"CDK4,CDK6,MTOR,CDK4/6",combo,-22.200000000000003,31,0.2399999999999948,35,63.0,63,SD-->PD
X-5249,LFA102,PRLR ,single,221.8,28,80.97500000000002,14,7.488708220415537,34,PD
X-5249,LJM716,ERBB3,single,-81.2,91,-8.176000000000002,91,13.475409836065571,91,SD
X-5249,LJM716 + trastuzumab,"ERBB3,ERBB2",combo,343.3,20,93.79999999999998,14,3.0,20,PD
X-5249,LKA136,"NTRK1,NTRK2,NTRK3",single,136.6,22,46.96000000000001,12,12.71541057367829,32,PD
X-5249,LLM871,FGFR2/4,single,244.2,21,42.84,13,11.58948432760364,27,PD
X-5249,binimetinib,"MAP2K1,MAP2K2,MAPK",single,24.299999999999997,22,11.5,12,34.38450292397661,39,SD-->PD
X-5249,trastuzumab,ERBB2,single,162.89999999999998,20,45.82499999999999,14,11.779058597502402,34,PD
X-5249,untreated,"UNKNOWN,Untreated",single,116.8,20,60.47999999999999,14,9.340425531914894,63,PD
X-5249,LFW527 + everolimus,"IGF1R,MTOR",combo,-11.599999999999994,10,-4.099999999999994,14,47.8,73,SD-->PD
X-5254,5FU,chemotherapy,single,-25.40000000000001,9,-19.200000000000003,14,35.0,35,SD-->PD
X-5254,BKM120,"PIK3CA,PIK3CB,PIK3CG,PIK3CD,panPI3K",single,79.80000000000001,21,4.299999999999997,14,22.853211009174313,23,PD
X-5254,BKM120 + LJC049,"panPI3K,TNKS",combo,150.5,22,42.375,12,12.604923798358731,25,PD
X-5254,BYL719,PIK3CA,single,50.80000000000001,21,7.75,14,26.0,26,PD
X-5254,BYL719 + cetuximab,"PIK3CA,EGFR",combo,104.8,21,43.66,15,20.397489539748953,28,PD
X-5254,BYL719 + cetuximab + encorafenib,"PIK3CA,EGFR,BRAF",combo,69.30000000000001,21,14.159999999999997,15,23.75748502994012,28,PD
X-5254,BYL719 + encorafenib,"PIK3CA,BRAF",combo,154.1,21,39.875,13,11.520965692503175,21,PD
X-5254,BYL719 + LJM716,"PIK3CA,ERBB3,ERBB3,PIK3CA",combo,-28.299999999999997,14,-25.38571428571429,21,47.0,47,SD-->PD
X-5254,BYL719 + binimetinib,"PIK3CA,MAPK",combo,71.6,21,33.0,12,26.34169278996865,27,PD
X-5254,cetuximab + encorafenib,"EGFR,BRAF",combo,83.9,21,40.660000000000025,13,25.153846153846153,55,PD
X-5254,CGM097,MDM2,single,398.6,20,56.07499999999999,11,9.806941431670282,20,PD
X-5254,CKX620,MAPK,single,36.099999999999994,20,20.924999999999997,11,27.0,27,PD
X-5254,CLR457,"PIK3CA,PIK3CB,PIK3CG,PIK3CD,panPI3K",single,-39.3,11,-23.799999999999997,11,35.0,35,SD-->PD
X-5254,HDM201,MDM2,single,104.6,21,14.040000000000006,14,16.824046920821115,23,PD
X-5254,LEE011,"CDK4,CDK6,CDK4/6",single,139.8,21,21.52000000000001,14,16.48006932409012,23,PD
X-5254,encorafenib,BRAF,single,502.4,21,77.25,12,8.464730290456432,21,PD
X-5254,LJC049,TNKS,single,296.7,20,37.275000000000006,11,11.09308510638298,20,PD
X-5254,LKA136,"NTRK1,NTRK2,NTRK3",single,132.3,21,30.02500000000001,12,11.193903471634208,26,PD
X-5254,binimetinib,"MAP2K1,MAP2K2,MAPK",single,69.80000000000001,21,25.74000000000001,13,22.38215102974828,34,PD
X-5254,untreated,"UNKNOWN,Untreated",single,247.9,21,40.75,11,12.089005235602096,28,PD
X-5254,LFW527 + binimetinib,"IGF1R,MAP2K1,MAP2K2",combo,95.3,22,24.44999999999999,12,22.78896882494005,61,PD
X-5267,LFW527 + binimetinib,"IGF1R,MAP2K1,MAP2K2",combo,-32.900000000000006,10,-25.14999999999999,17,48.0,48,SD-->PD
X-5355,BGJ398,FGFR,single,279.0,21,65.475,11,8.343283582089551,21,PD
X-5355,BKM120,"PIK3CA,PIK3CB,PIK3CG,PIK3CD,panPI3K",single,-64.9,63,-48.47083333333333,88,91.0,91,PR
X-5355,BYL719,PIK3CA,single,8.5,21,8.950000000000003,11,58.6325,70,SD-->PD
X-5355,BYL719 + LEE011,"PIK3CA,CDK4/6",combo,-50.4,28,-32.400000000000006,52,52.0,52,PR
X-5355,BYL719 + LJM716,"PIK3CA,ERBB3,ERBB3,PIK3CA",combo,-21.0,10,-14.112499999999995,24,59.0,59,SD-->PD
X-5355,CGM097,MDM2,single,339.2,21,79.125,11,8.057831325301205,21,PD
X-5355,CLR457,"PIK3CA,PIK3CB,PIK3CG,PIK3CD,panPI3K",single,-17.900000000000006,11,-13.700000000000005,11,95.0,95,SD-->PD
X-5355,HDM201,MDM2,single,258.9,21,66.05000000000001,11,8.105084745762714,28,PD
X-5355,INC424,JAK,single,49.0,24,25.320000000000007,13,77.92924528301887,90,PD
X-5355,LEE011,"CDK4,CDK6,CDK4/6",single,-4.599999999999994,10,4.340000000000003,13,42.81196581196581,97,SD-->PD
X-5355,LEE011 + everolimus,"CDK4,CDK6,MTOR,CDK4/6",combo,-72.1,101,-56.33103448275862,104,104.0,104,PR
X-5355,LFA102,PRLR ,single,198.3,20,57.44,13,11.197841726618703,34,PD
X-5355,LJM716,ERBB3,single,164.10000000000002,22,19.59999999999999,11,18.9512485136742,39,PD
X-5355,LJM716 + trastuzumab,"ERBB3,ERBB2",combo,277.4,20,95.28,13,7.537190082644628,20,PD
X-5355,LKA136,"NTRK1,NTRK2,NTRK3",single,92.8,21,34.84,14,21.361355081555836,49,PD
X-5355,LLM871,FGFR2/4,single,19.59999999999999,20,27.34285714285714,20,26.244094488188978,41,SD
X-5355,binimetinib,"MAP2K1,MAP2K2,MAPK",single,-63.1,18,-45.8375,25,121.58156028368796,140,PR-->PD
X-5355,trastuzumab,ERBB2,single,202.4,20,60.16,13,9.248175182481752,27,PD
X-5355,untreated,"UNKNOWN,Untreated",single,118.3,21,32.349999999999994,11,14.691304347826089,56,PD
X-5355,LFW527 + everolimus,"IGF1R,MTOR",combo,-62.0,72,-45.725,79,149.0,149,PR-->-->PD
X-5405,5FU,chemotherapy,single,86.0,20,7.140000000000015,13,22.372881355932204,34,PD
X-5405,BKM120,"PIK3CA,PIK3CB,PIK3CG,PIK3CD,panPI3K",single,55.30000000000001,21,-0.3250000000000028,11,26.524953789279113,49,PD
X-5405,BKM120 + LJC049,"panPI3K,TNKS",combo,8.5,10,5.599999999999994,14,17.0,17,SD-->PD
X-5405,BYL719,PIK3CA,single,293.0,22,53.125,12,10.135693215339233,26,PD
X-5405,BYL719 + cetuximab,"PIK3CA,EGFR",combo,-4.299999999999997,11,-1.625,11,39.243967828418235,53,SD-->PD
X-5405,BYL719 + cetuximab + encorafenib,"PIK3CA,EGFR,BRAF",combo,225.2,20,61.579999999999984,13,10.550190597204574,28,PD
X-5405,BYL719 + encorafenib,"PIK3CA,BRAF",combo,222.7,26,29.59999999999999,12,13.52641878669276,36,PD
X-5405,BYL719 + LJM716,"PIK3CA,ERBB3,ERBB3,PIK3CA",combo,-21.5,26,-13.525000000000006,12,89.0,89,SD-->PD
X-5405,BYL719 + binimetinib,"PIK3CA,MAPK",combo,-47.3,50,-17.460000000000008,15,50.0,50,SD-->PD
X-5405,cetuximab + encorafenib,"EGFR,BRAF",combo,537.3,21,82.9,11,7.802631578947368,21,PD
X-5405,CGM097,MDM2,single,88.1,21,28.40000000000001,14,22.46311475409836,24,PD
X-5405,CKX620,MAPK,single,61.80000000000001,31,23.280000000000015,14,31.0,31,PD
X-5405,CLR457,"PIK3CA,PIK3CB,PIK3CG,PIK3CD,panPI3K",single,92.1,24,14.259999999999993,14,28.173493975903614,73,PD
X-5405,HDM201,MDM2,single,50.5,25,1.4249999999999972,11,35.0,35,PD
X-5405,LEE011,"CDK4,CDK6,CDK4/6",single,-0.9000000000000057,9,-2.359999999999999,13,35.946938775510205,69,SD-->PD
X-5405,encorafenib,BRAF,single,258.0,22,17.150000000000006,12,16.15505617977528,29,PD
X-5405,LJC049,TNKS,single,530.2,22,95.875,12,6.685009487666035,22,PD
X-5405,LKA136,"NTRK1,NTRK2,NTRK3",single,64.69999999999999,22,5.299999999999997,12,26.68258426966292,43,PD
X-5405,binimetinib,"MAP2K1,MAP2K2,MAPK",single,-38.9,13,-20.379999999999995,13,48.0,48,SD-->PD
X-5405,untreated,"UNKNOWN,Untreated",single,280.2,21,63.125,14,8.982367758186399,28,PD
X-5421,LFW527 + binimetinib,"IGF1R,MAP2K1,MAP2K2",combo,262.4,18,101.52,11,3.8609271523178808,18,PD
X-5438,5FU,chemotherapy,single,109.8,27,41.74000000000001,15,17.36902050113895,50,PD
X-5438,BKM120,"PIK3CA,PIK3CB,PIK3CG,PIK3CD,panPI3K",single,-12.700000000000005,10,-5.125,15,69.18934911242604,81,SD-->PD
X-5438,BKM120 + LJC049,"panPI3K,TNKS",combo,191.0,27,53.025000000000006,13,14.878651685393258,47,PD
X-5438,BYL719,PIK3CA,single,0.5999999999999943,10,-8.219999999999999,15,31.98841698841699,57,SD-->PD
X-5438,BYL719 + cetuximab,"PIK3CA,EGFR",combo,24.09999999999999,18,2.4749999999999943,13,55.45783132530121,92,SD-->PD
X-5438,BYL719 + cetuximab + encorafenib,"PIK3CA,EGFR,BRAF",combo,23.0,66,20.09999999999999,12,74.0,74,SD
X-5438,BYL719 + encorafenib,"PIK3CA,BRAF",combo,-40.7,74,-23.32307692307691,42,92.0,92,SD
X-5438,BYL719 + LJM716,"PIK3CA,ERBB3,ERBB3,PIK3CA",combo,40.0,74,32.349999999999994,12,74.0,74,PD
X-5438,BYL719 + binimetinib,"PIK3CA,MAPK",combo,-21.90000000000001,26,-9.522222222222226,31,105.0,105,SD-->PD
X-5438,cetuximab + encorafenib,"EGFR,BRAF",combo,-26.5,15,-11.700000000000005,18,92.0,92,SD-->PD
X-5438,CGM097,MDM2,single,-9.299999999999995,13,-5.325000000000003,13,105.0,105,SD-->PD
X-5438,CKX620,MAPK,single,-0.7000000000000028,16,-2.4000000000000057,13,64.05217391304348,77,SD-->PD
X-5438,CLR457,"PIK3CA,PIK3CB,PIK3CG,PIK3CD,panPI3K",single,-0.4000000000000057,10,7.259999999999991,15,53.85245901639344,59,SD-->PD
X-5438,HDM201,MDM2,single,78.0,20,29.52000000000001,15,24.38129496402878,84,PD
X-5438,LEE011,"CDK4,CDK6,CDK4/6",single,15.200000000000005,10,7.700000000000003,15,50.9,81,SD-->PD
X-5438,encorafenib,BRAF,single,184.8,22,51.0,12,10.735978112175102,58,PD
X-5438,LJC049,TNKS,single,184.9,22,54.525000000000006,11,6.754857997010464,44,PD
X-5438,LKA136,"NTRK1,NTRK2,NTRK3",single,-7.400000000000006,10,1.9200000000000017,15,41.876953125,85,SD-->PD
X-5438,binimetinib,"MAP2K1,MAP2K2,MAPK",single,-16.5,18,-4.311111111111103,37,106.0,106,SD-->PD
X-5438,untreated,"UNKNOWN,Untreated",single,1.7000000000000028,15,-1.6500000000000057,13,92.0,92,SD-->PD
X-5438,LFW527 + binimetinib,"IGF1R,MAP2K1,MAP2K2",combo,100.5,32,11.5,12,11.519811954331766,32,PD
X-5446,5FU,chemotherapy,single,-2.4000000000000057,14,3.0799999999999983,14,23.28472222222222,42,SD-->PD
X-5446,BKM120,"PIK3CA,PIK3CB,PIK3CG,PIK3CD,panPI3K",single,160.60000000000002,21,39.974999999999994,11,12.724845995893224,25,PD
X-5446,BKM120 + LJC049,"panPI3K,TNKS",combo,119.8,20,31.09999999999999,13,17.816176470588236,31,PD
X-5446,BYL719,PIK3CA,single,50.400000000000006,21,17.724999999999994,11,30.866666666666664,46,PD
X-5446,BYL719 + cetuximab,"PIK3CA,EGFR",combo,11.799999999999995,11,12.049999999999995,11,68.63617886178862,84,SD-->PD
X-5446,BYL719 + cetuximab + encorafenib,"PIK3CA,EGFR,BRAF",combo,223.2,27,54.900000000000006,14,13.165467625899282,35,PD
X-5446,BYL719 + encorafenib,"PIK3CA,BRAF",combo,95.8,25,12.425000000000011,13,18.755555555555556,31,PD
X-5446,BYL719 + LJM716,"PIK3CA,ERBB3,ERBB3,PIK3CA",combo,154.1,30,74.72,14,9.191011235955054,35,PD
X-5446,BYL719 + binimetinib,"PIK3CA,MAPK",combo,-38.7,11,-14.399999999999991,24,84.0,84,SD-->PD
X-5446,cetuximab + encorafenib,"EGFR,BRAF",combo,157.7,23,91.9,14,7.429237947122862,35,PD
X-5446,CGM097,MDM2,single,375.3,21,91.43333333333332,11,8.0,25,PD
X-5446,CKX620,MAPK,single,76.19999999999999,25,24.02500000000001,11,28.819718309859155,52,PD
X-5446,CLR457,"PIK3CA,PIK3CB,PIK3CG,PIK3CD,panPI3K",single,40.69999999999999,21,16.650000000000006,11,35.0,35,PD
X-5446,HDM201,MDM2,single,62.900000000000006,25,14.674999999999995,11,29.88628762541806,46,PD
X-5446,LEE011,"CDK4,CDK6,CDK4/6",single,74.30000000000001,20,29.359999999999985,13,15.353640416047549,27,PD
X-5446,encorafenib,BRAF,single,328.8,25,85.20000000000002,11,6.941634241245136,25,PD
X-5446,LJC049,TNKS,single,284.2,21,58.900000000000006,11,9.750479846449135,25,PD
X-5446,LKA136,"NTRK1,NTRK2,NTRK3",single,383.0,21,85.9,11,6.821463414634147,25,PD
X-5446,binimetinib,"MAP2K1,MAP2K2,MAPK",single,314.1,20,78.78,13,6.824000000000001,27,PD
X-5446,untreated,"UNKNOWN,Untreated",single,163.10000000000002,20,45.099999999999994,13,12.38308457711443,63,PD
X-5446,LFW527 + binimetinib,"IGF1R,MAP2K1,MAP2K2",combo,4.299999999999997,10,1.5,15,26.26697892271663,56,SD-->PD
X-5494,5FU,chemotherapy,single,11.400000000000006,9,8.780000000000001,13,51.54901960784314,55,SD-->PD
X-5494,BKM120,"PIK3CA,PIK3CB,PIK3CG,PIK3CD,panPI3K",single,-47.2,24,-11.259090909090917,89,89.0,89,SD
X-5494,BKM120 + LJC049,"panPI3K,TNKS",combo,-44.9,74,-21.8952380952381,86,86.0,86,SD
X-5494,BYL719,PIK3CA,single,110.1,21,34.94999999999999,13,20.061919504643964,25,PD
X-5494,BYL719 + cetuximab + encorafenib,"PIK3CA,EGFR,BRAF",combo,-91.3,84,-68.83181818181818,88,88.0,88,PR
X-5494,BYL719 + encorafenib,"PIK3CA,BRAF",combo,-24.09999999999999,9,-15.649999999999991,26,51.45867768595041,54,SD-->PD
X-5494,BYL719 + LJM716,"PIK3CA,ERBB3,ERBB3,PIK3CA",combo,-80.7,34,-62.825,49,53.0,53,PR
X-5494,BYL719 + binimetinib,"PIK3CA,MAPK",combo,-77.0,42,-59.15555555555555,81,81.0,81,PR
X-5494,cetuximab + encorafenib,"EGFR,BRAF",combo,-100.0,53,-75.55652173913043,90,90.0,90,CR
X-5494,CGM097,MDM2,single,136.7,24,54.866666666666674,11,9.923913043478262,36,PD
X-5494,CKX620,MAPK,single,79.9,32,78.96666666666667,11,6.158069883527454,36,PD
X-5494,CLR457,"PIK3CA,PIK3CB,PIK3CG,PIK3CD,panPI3K",single,33.900000000000006,21,-30.90000000000001,13,25.0,25,SD-->PD
X-5494,HDM201,MDM2,single,119.0,32,68.76666666666668,11,7.654478976234003,36,PD
X-5494,LEE011,"CDK4,CDK6,CDK4/6",single,20.90000000000001,15,23.09999999999999,15,36.0,36,SD
X-5494,encorafenib,BRAF,single,54.400000000000006,29,27.466666666666654,11,30.87912087912088,36,PD
X-5494,LJC049,TNKS,single,-85.5,25,-61.3875,29,54.088071348940915,57,PR-->PD
X-5494,LKA136,"NTRK1,NTRK2,NTRK3",single,123.6,21,16.099999999999994,13,19.925644916540215,25,PD
X-5494,binimetinib,"MAP2K1,MAP2K2,MAPK",single,-40.4,15,-20.91428571428571,29,57.0,57,SD-->PD
X-5494,untreated,"UNKNOWN,Untreated",single,116.9,20,45.43333333333331,11,10.765557163531115,36,PD
X-5495,5FU,chemotherapy,single,41.900000000000006,20,15.0,12,48.98979591836734,55,PD
X-5495,BKM120,"PIK3CA,PIK3CB,PIK3CG,PIK3CD,panPI3K",single,-4.5,21,3.1857142857142833,21,88.0,88,SD-->PD
X-5495,BKM120 + LJC049,"panPI3K,TNKS",combo,-4.900000000000006,13,12.950000000000005,16,16.0,16,SD
X-5495,BYL719,PIK3CA,single,28.40000000000001,27,2.875,11,46.0,46,SD-->PD
X-5495,BYL719 + cetuximab,"PIK3CA,EGFR",combo,26.09999999999999,49,24.379999999999995,17,83.35632183908046,125,SD
X-5495,BYL719 + cetuximab + encorafenib,"PIK3CA,EGFR,BRAF",combo,259.5,17,84.85999999999999,17,9.969914040114611,17,PD
X-5495,BYL719 + encorafenib,"PIK3CA,BRAF",combo,87.1,35,45.48000000000002,13,15.645669291338582,45,PD
X-5495,BYL719 + LJM716,"PIK3CA,ERBB3,ERBB3,PIK3CA",combo,-15.900000000000006,14,-12.066666666666665,17,31.0,31,SD-->PD
X-5495,BYL719 + binimetinib,"PIK3CA,MAPK",combo,-83.5,29,-45.27692307692307,39,39.0,39,PR
X-5495,cetuximab + encorafenib,"EGFR,BRAF",combo,226.7,17,95.82,17,8.379679144385026,17,PD
X-5495,CGM097,MDM2,single,55.099999999999994,20,29.180000000000007,14,29.114243323442135,32,PD
X-5495,CKX620,MAPK,single,-20.700000000000003,10,-5.125,10,10.0,10,SD
X-5495,CLR457,"PIK3CA,PIK3CB,PIK3CG,PIK3CD,panPI3K",single,-30.5,38,-20.010526315789477,70,90.0,90,SD-->-->PD
X-5495,HDM201,MDM2,single,97.3,21,33.24000000000001,15,21.30566037735849,28,PD
X-5495,LEE011,"CDK4,CDK6,CDK4/6",single,113.3,20,37.224999999999994,12,13.319838056680162,33,PD
X-5495,encorafenib,BRAF,single,132.0,20,11.575000000000005,11,16.75094339622642,32,PD
X-5495,LJC049,TNKS,single,499.4,20,49.60000000000002,11,8.073283858998144,24,PD
X-5495,LKA136,"NTRK1,NTRK2,NTRK3",single,119.9,24,10.549999999999995,11,15.84763124199744,32,PD
X-5495,binimetinib,"MAP2K1,MAP2K2,MAPK",single,-36.9,15,-18.260000000000005,15,45.856115107913666,50,SD-->PD
X-5495,untreated,"UNKNOWN,Untreated",single,194.6,23,72.82499999999999,11,8.890625,29,PD
X-5495,LFW527 + binimetinib,"IGF1R,MAP2K1,MAP2K2",combo,-38.2,13,-20.08750000000001,23,34.0,34,SD
X-5502,BGJ398,FGFR,single,95.4,21,37.620000000000005,14,24.0,24,PD
X-5502,BKM120,"PIK3CA,PIK3CB,PIK3CG,PIK3CD,panPI3K",single,-14.599999999999994,63,7.003124999999997,107,135.35204081632654,153,SD-->-->PD
X-5502,BYL719,PIK3CA,single,-9.200000000000005,49,-0.6285714285714192,94,150.0,150,SD-->-->PD
X-5502,BYL719 + LEE011,"PIK3CA,CDK4/6",combo,-46.0,23,-20.950000000000003,27,27.0,27,SD
X-5502,BYL719 + LJM716,"PIK3CA,ERBB3,ERBB3,PIK3CA",combo,-9.400000000000006,12,-4.560000000000002,14,44.46511627906977,67,SD-->PD
X-5502,CGM097,MDM2,single,137.0,21,19.140000000000015,14,16.88950276243094,28,PD
X-5502,CLR457,"PIK3CA,PIK3CB,PIK3CG,PIK3CD,panPI3K",single,-6.5,10,-1.6799999999999926,14,128.41968911917098,153,SD-->PD
X-5502,HDM201,MDM2,single,78.5,20,21.42,14,25.952542372881357,49,PD
X-5502,INC424,JAK,single,10.200000000000005,10,7.040000000000006,14,45.33870967741936,56,SD-->PD
X-5502,LEE011,"CDK4,CDK6,CDK4/6",single,13.0,21,9.825000000000005,11,55.68586387434555,74,SD-->PD
X-5502,LEE011 + everolimus,"CDK4,CDK6,MTOR,CDK4/6",combo,-63.9,45,-27.80714285714285,45,45.0,45,PR
X-5502,LFA102,PRLR ,single,81.80000000000001,20,19.47999999999999,14,22.866141732283467,42,PD
X-5502,LJM716,ERBB3,single,71.0,21,4.299999999999997,11,27.748837209302323,39,PD
X-5502,LJM716 + trastuzumab,"ERBB3,ERBB2",combo,76.4,20,19.679999999999993,14,25.30612244897959,49,PD
X-5502,LKA136,"NTRK1,NTRK2,NTRK3",single,58.30000000000001,21,6.299999999999997,14,27.40816326530612,48,PD
X-5502,LLM871,FGFR2/4,single,55.099999999999994,21,17.200000000000003,14,33.11764705882353,55,PD
X-5502,binimetinib,"MAP2K1,MAP2K2,MAPK",single,-3.700000000000003,12,-2.5999999999999943,12,67.0,67,SD-->PD
X-5502,trastuzumab,ERBB2,single,63.69999999999999,21,15.02000000000001,14,25.28798185941043,56,PD
X-5502,untreated,"UNKNOWN,Untreated",single,4.599999999999994,11,2.450000000000003,11,48.69465648854962,88,SD-->PD
X-5502,LFW527 + everolimus,"IGF1R,MTOR",combo,-17.299999999999997,13,-9.64,13,80.70442286947141,97,SD-->PD
X-5536,LFW527 + binimetinib,"IGF1R,MAP2K1,MAP2K2",combo,51.5,22,6.0,11,34.857142857142854,39,PD
X-5541,LFW527 + everolimus,"IGF1R,MTOR",combo,-54.5,27,-38.29333333333333,48,69.0,69,PR-->PD
X-5578,5FU,chemotherapy,single,249.5,20,43.53333333333333,15,13.242326332794832,33,PD
X-5578,BKM120,"PIK3CA,PIK3CB,PIK3CG,PIK3CD,panPI3K",single,12.900000000000006,21,1.0,14,41.51361161524501,43,SD-->PD
X-5578,BKM120 + LJC049,"panPI3K,TNKS",combo,-47.4,28,-5.579999999999998,28,28.0,28,SD
X-5578,BYL719,PIK3CA,single,140.7,26,15.799999999999995,11,21.88294797687861,80,PD
X-5578,BYL719 + cetuximab,"PIK3CA,EGFR",combo,-25.299999999999997,33,38.68333333333334,62,8.08695652173913,71,PD
X-5578,BYL719 + cetuximab + encorafenib,"PIK3CA,EGFR,BRAF",combo,147.6,33,58.43333333333334,15,11.927699530516431,81,PD
X-5578,BYL719 + encorafenib,"PIK3CA,BRAF",combo,-44.1,19,-27.65000000000001,28,58.0,58,SD-->PD
X-5578,BYL719 + LJM716,"PIK3CA,ERBB3,ERBB3,PIK3CA",combo,-41.8,67,-8.850000000000009,72,100.1762114537445,105,SD-->PD
X-5578,BYL719 + binimetinib,"PIK3CA,MAPK",combo,-29.0,9,-13.833333333333329,14,80.0,80,SD-->PD
X-5578,cetuximab + encorafenib,"EGFR,BRAF",combo,-13.799999999999995,18,-3.5,32,55.0,55,SD-->PD
X-5578,CGM097,MDM2,single,216.5,21,61.29999999999998,14,12.601869158878506,43,PD
X-5578,CKX620,MAPK,single,70.0,21,28.76666666666665,14,30.187808896210875,43,PD
X-5578,CLR457,"PIK3CA,PIK3CB,PIK3CG,PIK3CD,panPI3K",single,0.2000000000000028,26,2.125,11,80.0,80,SD-->PD
X-5578,HDM201,MDM2,single,196.4,21,74.79999999999998,14,11.125448028673835,43,PD
X-5578,LEE011,"CDK4,CDK6,CDK4/6",single,82.0,21,10.899999999999991,14,36.02182628062361,43,PD
X-5578,encorafenib,BRAF,single,16.700000000000003,13,14.349999999999994,13,24.664310954063605,42,SD-->PD
X-5578,LJC049,TNKS,single,162.8,26,39.67500000000001,11,10.887688984881208,48,PD
X-5578,LKA136,"NTRK1,NTRK2,NTRK3",single,149.2,26,21.450000000000003,11,19.32558139534884,48,PD
X-5578,binimetinib,"MAP2K1,MAP2K2,MAPK",single,181.6,21,57.56666666666666,14,11.504587155963304,33,PD
X-5578,untreated,"UNKNOWN,Untreated",single,283.4,21,57.29999999999998,14,9.946127946127945,33,PD
X-5975,BGJ398,FGFR,single,108.2,20,18.30000000000001,13,19.24770642201835,39,PD
X-5975,BKM120,"PIK3CA,PIK3CB,PIK3CG,PIK3CD,panPI3K",single,69.0,20,22.47499999999999,11,24.924770642201835,37,PD
X-5975,BYL719,PIK3CA,single,64.69999999999999,20,3.549999999999997,11,23.299065420560748,37,PD
X-5975,BYL719 + LEE011,"PIK3CA,CDK4/6",combo,-93.3,54,-44.111111111111114,58,58.0,58,PR
X-5975,BYL719 + LJM716,"PIK3CA,ERBB3,ERBB3,PIK3CA",combo,63.900000000000006,21,13.200000000000005,11,26.347692307692306,39,PD
X-5975,CGM097,MDM2,single,271.0,19,39.30000000000001,11,11.00437636761488,19,PD
X-5975,CLR457,"PIK3CA,PIK3CB,PIK3CG,PIK3CD,panPI3K",single,112.7,23,37.45999999999998,13,18.095238095238095,35,PD
X-5975,HDM201,MDM2,single,66.4,23,6.640000000000015,13,33.282828282828284,35,PD
X-5975,INC424,JAK,single,113.3,23,8.379999999999995,12,19.942528735632184,28,PD
X-5975,LEE011,"CDK4,CDK6,CDK4/6",single,-100.0,90,-22.84399999999999,94,17.88235294117647,94,PR
X-5975,LEE011 + everolimus,"CDK4,CDK6,MTOR,CDK4/6",combo,-100.0,78,-51.19130434782609,91,91.0,91,CR
X-5975,LFA102,PRLR ,single,8.400000000000006,105,16.22,15,105.0,105,SD-->PD
X-5975,LJM716,ERBB3,single,135.3,21,19.72,15,18.466507177033492,21,PD
X-5975,LKA136,"NTRK1,NTRK2,NTRK3",single,199.7,23,26.620000000000005,12,16.097402597402596,28,PD
X-5975,LLM871,FGFR2/4,single,-95.0,66,-40.745000000000005,66,66.0,66,PR
X-5975,binimetinib,"MAP2K1,MAP2K2,MAPK",single,2.5,23,13.299999999999995,33,33.0,33,SD
X-5975,untreated,"UNKNOWN,Untreated",single,264.8,20,99.14999999999998,13,5.0,27,PD
X-6047,BGJ398,FGFR,single,104.7,21,18.72,14,20.667138810198303,49,PD
X-6047,BKM120,"PIK3CA,PIK3CB,PIK3CG,PIK3CD,panPI3K",single,173.8,21,15.299999999999995,11,14.820568927789935,28,PD
X-6047,BYL719,PIK3CA,single,311.6,19,93.25,11,5.704878048780488,19,PD
X-6047,BYL719 + LEE011,"PIK3CA,CDK4/6",combo,90.6,21,28.09999999999999,11,21.266742338251987,28,PD
X-6047,BYL719 + LJM716,"PIK3CA,ERBB3,ERBB3,PIK3CA",combo,76.1,21,-1.5499999999999972,12,22.0,31,PD
X-6047,CGM097,MDM2,single,453.9,14,145.39999999999998,11,4.0,14,PD
X-6047,CLR457,"PIK3CA,PIK3CB,PIK3CG,PIK3CD,panPI3K",single,115.2,21,24.325000000000003,11,17.713355048859935,38,PD
X-6047,HDM201,MDM2,single,304.1,14,130.825,11,4.0,14,PD
X-6047,INC424,JAK,single,74.19999999999999,21,11.440000000000012,14,23.396436525612472,33,PD
X-6047,LEE011,"CDK4,CDK6,CDK4/6",single,347.0,19,92.1,11,7.134744947064485,19,PD
X-6047,LEE011 + everolimus,"CDK4,CDK6,MTOR,CDK4/6",combo,12.900000000000006,19,6.75,11,24.742690058479532,38,SD-->PD
X-6047,LFA102,PRLR ,single,562.6,17,115.14,11,4.6831119544592035,17,PD
X-6047,LJM716,ERBB3,single,383.4,21,85.57499999999999,11,6.82442748091603,21,PD
X-6047,LJM716 + trastuzumab,"ERBB3,ERBB2",combo,339.1,14,86.6,11,7.083491461100569,14,PD
X-6047,LKA136,"NTRK1,NTRK2,NTRK3",single,249.5,21,35.95999999999998,14,12.813920454545457,28,PD
X-6047,LLM871,FGFR2/4,single,82.1,23,3.8400000000000034,13,25.228215767634858,35,PD
X-6047,binimetinib,"MAP2K1,MAP2K2,MAPK",single,531.2,14,185.55,11,4.0,14,PD
X-6047,trastuzumab,ERBB2,single,402.2,21,55.775000000000006,11,8.776435045317221,21,PD
X-6047,untreated,"UNKNOWN,Untreated",single,405.4,14,126.275,11,4.743218806509946,14,PD
